id,ident,type,name,latitude_deg,longitude_deg,elevation_ft,continent,iso_country,iso_region,municipality,scheduled_service,icao_code,iata_code,gps_code,local_code,tz_mwgg
4650,03N,small_airport,Utirik Airport,11.222219,169.851429,4,OC,MH,MH-UTI,Utirik Island,yes,,UTK,03N,03N,
6807,05AK,small_airport,Wasilla Creek Airpark,61.66830063,-149.1880035,620,NA,US,US-AK,Palmer,yes,,,05AK,05AK,America/Anchorage
6924,07FA,medium_airport,Ocean Reef Club Airport,25.325399,-80.274803,8,NA,US,US-FL,Key Largo,no,,OCA,07FA,07FA,America/New_York
7977,16A,small_airport,Nunapitchuk Airport,60.905591,-162.440454,12,NA,US,US-AK,Nunapitchuk,yes,PPIT,NUP,PPIT,16A,
8159,19P,seaplane_base,Port Protection Seaplane Base,56.3288,-133.610001,,NA,US,US-AK,Port Protection,yes,,PPV,19P,19P,
8638,1RL,small_airport,Point Roberts Airpark,48.977316,-123.079294,10,NA,US,US-WA,Point Roberts,yes,,,K1RL,1RL,
9819,2U7,small_airport,Stanley Airport,44.2085,-114.934998,6403,NA,US,US-ID,Stanley,yes,,,,2U7,
9850,2WA3,small_airport,Stuart Island West Airport,48.683991,-123.222849,200,NA,US,US-WA,Friday Harbor,yes,,,2WA3,2WA3,America/Los_Angeles
10309,38WA,small_airport,Blakely Island Airport,48.579162,-122.823844,66,NA,US,US-WA,Blakely Island,yes,,BYW,38WA,38WA,America/Los_Angeles
11318,4A2,small_airport,Atmautluak Airport,60.866699,-162.272996,17,NA,US,US-AK,Atmautluak,yes,,ATT,,4A2,
11485,4K0,small_airport,Pedro Bay Airport,59.796925,-154.129994,45,NA,US,US-AK,Pedro Bay,yes,,PDB,4K0,4K0,
11487,4K5,small_airport,Ouzinkie Airport,57.942094,-152.464314,55,NA,US,US-AK,Ouzinkie,yes,,KOZ,,4K5,
11488,4KA,small_airport,Tununak Airport,60.569638,-165.246649,14,NA,US,US-AK,Tununak,yes,,TNK,POKA,4KA,
11820,4Z7,seaplane_base,Hyder Seaplane Base,55.903324,-130.009975,,NA,US,US-AK,Hyder,yes,,WHD,,4Z7,
11900,51Z,small_airport,Minto Al Wright Airport,65.147991,-149.368658,460,NA,US,US-AK,Minto,yes,,MNT,,51Z,
12243,5A8,medium_airport,Aleknagik / New Airport,59.2826004028,-158.617996216,66,NA,US,US-AK,Aleknagik,yes,,WKK,5A8,5A8,
12429,5KE,seaplane_base,Ketchikan Harbor Seaplane Base,55.349899,-131.677002,,NA,US,US-AK,Ketchikan,yes,,WFB,,5KE,
12764,5Z9,seaplane_base,Lake Brooks Seaplane Base,58.554798,-155.776993,36,NA,US,US-AK,Katmai National Park,yes,,BKF,5Z9,5Z9,
13405,6N5,heliport,East 34th Street Heliport,40.742372,-73.972074,10,NA,US,US-NY,New York,yes,,TSS,6N5,6N5,
13407,6N7,seaplane_base,New York Skyports Inc Seaplane Base,40.735061,-73.972814,,NA,US,US-NY,New York,yes,,NYS,,6N7,America/New_York
13634,6Y8,small_airport,Welke Airport,45.720503,-85.518866,664,NA,US,US-MI,Beaver Island,yes,,,6Y8,6Y8,
13997,78WA,small_airport,Center Island Airport,48.490046,-122.831612,115,NA,US,US-WA,Center Island,yes,,CWS,78WA,78WA,America/Los_Angeles
14173,7KA,small_airport,Tatitlek Airport,60.871449,-146.690297,62,NA,US,US-AK,Tatitlek,yes,PAKA,TEK,PAKA,7KA,
14453,7WA5,small_airport,Stuart Island Airpark,48.673379,-123.175439,10,NA,US,US-WA,Friday Harbor,yes,,SSW,7WA5,7WA5,America/Los_Angeles
14820,89D,small_airport,Kelleys Island Land Field,41.60296,-82.687054,598,NA,US,US-OH,Kelleys Island,yes,,,89D,89D,
14843,89TE,small_airport,Lajitas International Airport,29.278,-103.686997,2630,NA,US,US-TX,Lajitas,yes,,,KT89,T89,America/Chicago
15300,90WA,small_airport,Waldron Airstrip,48.71141,-123.018208,140,NA,US,US-WA,Eastsound,yes,,WDN,90WA,90WA,America/Los_Angeles
15514,96Z,seaplane_base,Whale Pass Seaplane Float Harbor Facility,56.116299,-133.121994,,NA,US,US-AK,Whale Pass,yes,,WWP,,96Z,
15640,9A3,small_airport,Chuathbaluk Airport,61.579102,-159.216003,244,NA,US,US-AK,Chuathbaluk,yes,PACH,CHU,PACH,9A3,America/Anchorage
16078,A29,seaplane_base,Sitka Seaplane Base,57.052101,-135.345993,,NA,US,US-AK,Sitka,yes,,,A29,A29,
16082,A61,small_airport,Tuntutuliak Airport,60.351243,-162.654476,16,NA,US,US-AK,Tuntutuliak,yes,,WTL,A61,A61,
16083,A63,small_airport,Twin Hills Airport,59.074713,-160.274992,82,NA,US,US-AK,Twin Hills,yes,,TWA,A63,A63,
16089,A79,small_airport,Chignik Lake Airport,56.255001,-158.774994,50,NA,US,US-AK,Chignik Lake,yes,,KCQ,A79,A79,
42257,AE-0001,small_airport,Batha Airport,24.214693,51.44989,257,AS,SA,SA-04,Batha,yes,OEBT,,OEBT,,
516263,AE-0221,medium_airport,Sas Al Nakheel Air Base,24.44128,54.51696,14,AS,AE,AE-AZ,Sas Al Nakheel,no,OMNK,,OMNK,,
300646,AEI,heliport,Algeciras Heliport,36.12882,-5.441079,98,EU,ES,ES-AN,Algeciras,yes,LEAG,,LEAG,,
31750,AF-0017,small_airport,Salerno South Airport,33.333401,69.952003,3756,AS,AF,AF-KHO,Khost,yes,,,,,
35369,AF15,heliport,Qara Tepa Heliport,37.423302,69.430298,1437,AS,AF,AF-TAK,Qara Tepa,yes,,,,,
336537,AG-0001,medium_airport,Burton-Nibbs International Airport,17.621194,-61.798347,28,NA,AG,AG-10,Codrington,yes,TAPB,BBQ,TAPB,,America/Antigua
30634,AGGA,small_airport,Gwaunaru'u Airport,-8.70257,160.682007,5,OC,SB,SB-ML,Auki,yes,AGGA,AKS,AGGA,,Pacific/Guadalcanal
302047,AGGB,small_airport,Bellona/Anua Airport,-11.302222222200001,159.798333333,60,OC,SB,SB-RB,Anua,yes,AGGB,BNY,AGGB,,Pacific/Guadalcanal
302291,AGGC,small_airport,Choiseul Bay Airport,-6.711944,156.396111,,OC,SB,SB-CH,Choiseul Bay,yes,AGGC,CHY,AGGC,,Pacific/Guadalcanal
30678,AGGE,small_airport,Ballalae Airport,-6.990745,155.886656,5,OC,SB,SB-WE,Ballalae,yes,AGGE,BAS,AGGE,,Pacific/Guadalcanal
35167,AGGF,small_airport,Fera/Maringe Airport,-8.1075,159.576996,9,OC,SB,SB-IS,Fera Island,yes,AGGF,FRE,AGGF,,Pacific/Guadalcanal
3,AGGH,large_airport,Honiara International Airport,-9.428,160.054993,28,OC,SB,SB-GU,Honiara,yes,AGGH,HIR,AGGH,,Pacific/Guadalcanal
31686,AGGK,small_airport,Ngorangora Airport,-10.449700355500001,161.897994995,54,OC,SB,SB-MK,Kirakira,yes,AGGK,IRA,AGGK,,Pacific/Guadalcanal
32275,AGGL,small_airport,Santa Cruz/Graciosa Bay/Luova Airport,-10.7203,165.794998,18,OC,SB,SB-TE,Santa Cruz/Graciosa Bay/Luova,yes,AGGL,SCZ,AGGL,,Pacific/Guadalcanal
4,AGGM,medium_airport,Munda Airport,-8.32797,157.263,10,OC,SB,SB-WE,Munda,yes,AGGM,MUA,AGGM,,Pacific/Guadalcanal
31563,AGGN,small_airport,Nusatupe Airport,-8.09778022766,156.863998413,13,OC,SB,SB-WE,Gizo,yes,AGGN,GZO,AGGN,,Pacific/Guadalcanal
31932,AGGO,small_airport,Mono Airport,-7.41694,155.565002,35,OC,SB,SB-WE,Stirling Island,yes,AGGO,MNY,AGGO,,Pacific/Guadalcanal
35171,AGGR,small_airport,Rennell/Tingoa Airport,-11.55,160.062778,550,OC,SB,SB-RB,Rennell Island,yes,AGGR,RNL,AGGR,,Pacific/Guadalcanal
308425,AGGT,small_airport,Santa Ana Airport,-10.847994,162.454108,3,OC,SB,SB-MK,Santa Ana Island,yes,AGGT,NNB,AGGT,,Pacific/Guadalcanal
32238,AGGU,small_airport,Marau Airport,-9.86167,160.824997,3,OC,SB,SB-GU,Marau,yes,AGGU,RUS,AGGU,,Pacific/Guadalcanal
32564,AGGV,small_airport,Suavanao Airport,-7.58556,158.731003,20,OC,SB,SB-IS,Suavanao,yes,AGGV,VAO,AGGV,,Pacific/Guadalcanal
302292,AGGY,small_airport,Yandina Airport,-9.092816,159.21841,60,OC,SB,SB-CE,Yandina,yes,AGGY,XYA,AGGY,,Pacific/Guadalcanal
35169,AGKG,small_airport,Kaghau Airport,-7.3305,157.585,30,OC,SB,SB-CH,Kagau Island,yes,AGKG,KGE,AGKG,,Pacific/Guadalcanal
508090,AGOB,small_airport,Manaoba Airport,-8.325008,160.80051,14,OC,SB,SB-ML,Manaoba,yes,AGOB,MHM,AGOB,,
35168,AGOK,small_airport,Gatokae Aerodrome,-8.738358,158.202836,70,OC,SB,SB-WE,Gatokae,yes,AGOK,GTA,AGOK,,Pacific/Guadalcanal
35170,AGRM,small_airport,Ramata Airport,-8.168060302734375,157.64300537109375,,OC,SB,SB-WE,Ramata,yes,AGRM,RBV,AGRM,,Pacific/Guadalcanal
16155,AK62,seaplane_base,Naukati Bay Seaplane Base,55.849602,-133.227994,,NA,US,US-AK,Tuxekan Island,yes,,NKI,AK62,AK62,
16174,AK81,seaplane_base,Amook Bay Seaplane Base,57.4715003967,-153.815002441,,NA,US,US-AK,Amook Bay,yes,,AOS,AK81,AK81,
16289,ALZ,seaplane_base,Alitak Seaplane Base,56.897294,-154.249692,,NA,US,US-AK,Lazy Bay,yes,,ALZ,,ALZ,
8,ANYN,medium_airport,Nauru International Airport,-0.547893,166.919525,22,OC,NR,NR-14,Yaren,yes,ANYN,INU,ANYN,,Pacific/Nauru
603000,AQ-0016,medium_airport,Grandfather Skiway,-77.530242,-31.827393,,AN,AQ,AQ-U-A,Antartica,no,,,,,
336951,AQBC,medium_airport,Boulder Clay Runway,-74.739373,164.03539,672,AN,AQ,AQ-U-A,Zucchelli Station,no,,,AQBC,,
313091,AR-0503,small_airport,Gan Gan Field,-42.521363,-68.287861,,SA,AR,AR-U,,yes,,,,,
5774,AR-0744,medium_airport,Chamical Airport,-30.345303,-66.294072,1502,SA,AR,AR-F,Gobernador Gordillo,no,SACT,,,,America/Argentina/La_Rioja
596544,AR-0767,medium_airport,Aeroestación Yabotí,-27.180308,-54.107368,400,SA,AR,AR-N,El Soberbio,yes,,,,,
603863,AR-0768,medium_airport,[Duplicate] Aeropuerto Pergamino,-33.89603,-60.5748,,SA,AR,AR-B,,no,,,,,
336953,AT03,medium_airport,Concordia Skyway,-75.103278,123.35825,10725,AN,AQ,AQ-U-A,Concordia Station,no,,,AT03,,
336959,AT28,medium_airport,Vostok Skiway,-78.466139,106.84825,11447,AN,AQ,AQ-U-A,Vostok Station,no,,,AT28,,
354527,AU-0456,small_airport,Gruyere Airport,-28.034548,123.81506,1542,OC,AU,AU-WA,Cosmo Newbery,yes,YGRM,GYZ,YGRM,,Australia/Perth
507237,AU-0539,large_airport,Western Sydney International (Nancy-Bird Walton) Airport,-33.883461,150.712981,262,OC,AU,AU-NSW,Sydney,no,YSWS,WSI,YSWS,,Australia/Sydney
604006,AU-0796,medium_airport,Nackeroo Airfield,-15.578026,130.475993,,OC,AU,AU-NT,,no,YNKR,,,,
35302,AU-HIS,seaplane_base,Hayman Island Resort Seaplane Base,-20.059999465942383,148.88099670410156,,OC,AU,AU-QLD,Hayman Island,yes,,HIS,,,
314558,AXF,medium_airport,Alxa Left Banner Bayanhot Airport,38.748317,105.58416,4560,AS,CN,CN-15,Bayanhot,yes,ZBAL,AXF,ZBAL,,Asia/Shanghai
35179,AYBA,medium_airport,Baimuru Airport,-7.496955,144.821756,27,OC,PG,PG-GPK,Baimuru,yes,AYBA,VMU,AYBA,BMU,Pacific/Port_Moresby
53,AYBK,medium_airport,Buka Airport,-5.422299,154.672698,11,OC,PG,PG-NSB,Buka Island,yes,AYBK,BUA,AYBK,,Pacific/Bougainville
35180,AYBM,medium_airport,Balimo Airport,-8.05000019073,142.932998657,51,OC,PG,PG-WPD,Balimo,yes,AYBM,OPU,AYBM,BLI,Pacific/Port_Moresby
54,AYCH,medium_airport,Chimbu Airport,-6.024290084838867,144.9709930419922,4974,OC,PG,PG-CPK,Kundiawa,yes,AYCH,CMU,AYCH,,Pacific/Port_Moresby
55,AYDU,medium_airport,Daru Airport,-9.08676,143.207993,20,OC,PG,PG-WPD,Daru,yes,AYDU,DAU,AYDU,,Pacific/Port_Moresby
301979,AYET,small_airport,Bosset Airport,-7.237257,141.1063222,80,OC,PG,PG-WPD,Bosset,yes,AYET,BOT,AYET,BST,
56,AYGA,medium_airport,Goroka Airport,-6.081689834590001,145.391998291,5282,OC,PG,PG-EHG,Goronka,yes,AYGA,GKA,AYGA,,Pacific/Port_Moresby
57,AYGN,medium_airport,Gurney Airport,-10.3114995956,150.333999634,88,OC,PG,PG-MBA,Gurney,yes,AYGN,GUR,AYGN,,Pacific/Port_Moresby
58,AYGR,medium_airport,Girua Airport,-8.80453968048,148.309005737,311,OC,PG,PG-NPP,Popondetta,yes,AYGR,PNP,AYGR,,Pacific/Port_Moresby
31542,AYGT,small_airport,Gasmata Island Airport,-6.27111005783,150.330993652,23,OC,PG,PG-WBK,Gasmata Island,yes,AYGT,GMI,AYGT,GMA,Pacific/Port_Moresby
59,AYHK,medium_airport,Hoskins Airport,-5.463846,150.407327,66,OC,PG,PG-WBK,Kimbe,yes,AYHK,HKN,AYHK,,Pacific/Port_Moresby
302264,AYIQ,small_airport,Aropa Airport,-6.305727,155.728249,20,OC,PG,PG-NSB,Kieta,yes,AYIQ,KIE,AYIQ,KIA,Pacific/Bougainville
35188,AYKA,small_airport,Losuia Airport,-8.505820274353027,151.08099365234375,27,OC,PG,PG-MBA,Losuia,yes,AYKA,LSA,AYKA,,Pacific/Port_Moresby
35185,AYKI,small_airport,Kiunga Airport,-6.1257100105285645,141.28199768066406,88,OC,PG,PG-WPD,Kiunga,yes,AYKI,UNG,AYKI,,Pacific/Port_Moresby
35184,AYKK,small_airport,Kikori Airport,-7.42438,144.250076,50,OC,PG,PG-GPK,Kikori,yes,AYKK,KRI,AYKK,,Pacific/Port_Moresby
60,AYKM,medium_airport,Kerema Airport,-7.96361017227,145.770996094,10,OC,PG,PG-GPK,Kerema,yes,AYKM,KMA,AYKM,,Pacific/Port_Moresby
61,AYKV,medium_airport,Kavieng Airport,-2.57940006256,150.807998657,7,OC,PG,PG-NIK,Kavieng,yes,AYKV,KVG,AYKV,,Pacific/Port_Moresby
31837,AYKY,small_airport,Londolovit Airport,-3.04361009598,152.628997803,167,OC,PG,PG-NIK,Londolovit,yes,AYKY,LNV,AYKY,,Pacific/Port_Moresby
62,AYMD,medium_airport,Madang Airport,-5.20707988739,145.789001465,20,OC,PG,PG-MPM,Madang,yes,AYMD,MAG,AYMD,,Pacific/Port_Moresby
63,AYMH,medium_airport,Mount Hagen Kagamuga Airport,-5.828212,144.299412,5388,OC,PG,PG-WHM,Mount Hagen,yes,AYMH,HGU,AYMH,,Pacific/Port_Moresby
64,AYMN,medium_airport,Mendi Airport,-6.14774,143.656998,5680,OC,PG,PG-SHM,Mendi,yes,AYMN,MDU,AYMN,,Pacific/Port_Moresby
65,AYMO,medium_airport,Momote Airport,-2.06189,147.423996,12,OC,PG,PG-MRL,Manus Island,yes,AYMO,MAS,AYMO,,Pacific/Port_Moresby
31981,AYMR,small_airport,Moro Airport,-6.36332988739,143.238006592,2740,OC,PG,PG-SHM,Moro,yes,AYMR,MXH,AYMR,,Pacific/Port_Moresby
31911,AYMS,small_airport,Misima Island Airport,-10.689200401299999,152.837997437,26,OC,PG,PG-MBA,Misima Island,yes,AYMS,MIS,AYMS,,Pacific/Port_Moresby
66,AYNZ,large_airport,Nadzab Tomodachi International Airport,-6.567995,146.726544,239,OC,PG,PG-MPL,Lae,yes,AYNZ,LAE,AYNZ,,Pacific/Port_Moresby
35190,AYOB,small_airport,Obo Airport,-7.590622421369999,141.324262619,29,OC,PG,PG-WPD,Obo,yes,AYOB,OBX,AYOB,OBO,
67,AYPY,large_airport,Port Moresby Jacksons International Airport,-9.443380355834961,147.22000122070312,146,OC,PG,PG-NCD,Port Moresby,yes,AYPY,POM,AYPY,,Pacific/Port_Moresby
309428,AYSS,small_airport,Sasereme Airport,-7.6217,142.868,121,OC,PG,PG-WPD,Sasereme,yes,AYSS,TDS,AYSS,,Pacific/Port_Moresby
32451,AYTA,small_airport,Tari Airport,-5.845,142.947998,5500,OC,PG,PG-HLA,Tari,yes,AYTA,TIZ,AYTA,,Pacific/Port_Moresby
32425,AYTB,small_airport,Tabubil Airport,-5.280471,141.227576,1570,OC,PG,PG-WPD,Tabubil,yes,AYTB,TBG,AYTB,,Pacific/Port_Moresby
307594,AYTI,small_airport,Tapini Airport,-8.35666666667,146.989166667,3100,OC,PG,PG-CPM,Tapini,yes,AYTI,TPI,AYTI,TAP,Pacific/Port_Moresby
68,AYTK,medium_airport,Tokua Airport,-4.34046,152.380005,49,OC,PG,PG-EBR,Kokopo,yes,AYTK,RAB,AYTK,,Pacific/Port_Moresby
35192,AYTU,small_airport,Tufi Airport,-9.07595443726,149.319839478,85,OC,PG,PG-NPP,Tufi,yes,AYTU,TFI,AYTU,TUFI,Pacific/Port_Moresby
69,AYVN,medium_airport,Vanimo Airport,-2.6926,141.3028,10,OC,PG,PG-SAN,Vanimo,yes,AYVN,VAI,AYVN,,Pacific/Port_Moresby
70,AYWD,medium_airport,Wapenamanda Airport,-5.635293,143.892231,5889,OC,PG,PG-EPW,Wapenamanda,yes,AYWD,WBM,AYWD,,Pacific/Port_Moresby
71,AYWK,medium_airport,Wewak International Airport,-3.58383011818,143.669006348,19,OC,PG,PG-ESW,Wewak,yes,AYWK,WWK,AYWK,,Pacific/Port_Moresby
44941,AZ-0001,medium_airport,Zabrat Airport,40.494884,49.977065,36,AS,AZ,AZ-BA,Zabrat,no,UBTT,ZXT,UBTT,,
44954,AZ-0013,medium_airport,Sitalchay Airbase,40.807313,49.431481,-46,AS,AZ,AZ-XIZ,Sitalchay,no,,,,,
44962,AZ-0021,medium_airport,Qizilagach Air Base,39.006162,48.806312,-92,AS,AZ,AZ-MAS,Qizilagach,no,,,,,
27301,BCW,medium_airport,Benguera Island Airport,-21.8533,35.438301,,AF,MZ,MZ-I,Benguera Island,no,,BCW,,,
111,BG-JAM,medium_airport,Bezmer Air Base,42.454899,26.3522,509,EU,BG,BG-28,Bezmer,no,,JAM,LBIA,,Europe/Sofia
31697,BGAA,medium_airport,Aasiaat Airport,68.721802,-52.784698,74,NA,GL,GL-QK,Aasiaat,yes,BGAA,JEG,BGAA,,America/Nuuk
43214,BGAG,heliport,Aappilattoq Heliport,72.88703,-55.596287,42,NA,GL,GL-AV,Aappilattoq,yes,,AOQ,BGAG,AAP,
42247,BGAM,heliport,Tasiilaq Heliport,65.612296,-37.618335,24,NA,GL,GL-SE,Tasiilaq,yes,,AGM,BGAM,AGM,
35285,BGAP,heliport,Alluitsup Paa Heliport,60.46445,-45.56917,54,NA,GL,GL-KU,Alluitsup Paa,yes,,LLU,BGAP,,
44046,BGAQ,heliport,Aappilattoq Heliport,60.148357,-44.286916,30,NA,GL,GL-KU,Aappilattoq,yes,,QUV,BGAQ,,
44047,BGAS,heliport,Ammassivik Heliport,60.597376,-45.382445,71,NA,GL,GL-KU,Ammassivik,yes,,QUW,BGAS,,
35286,BGAT,heliport,Attu Heliport,67.940663,-53.62187,32,NA,GL,GL-QK,Attu,yes,,QGQ,BGAT,,
113,BGBW,heliport,Narsarsuaq Airport,61.15958,-45.42469,112,NA,GL,GL-KU,Narsarsuaq,yes,BGBW,UAK,BGBW,,America/Nuuk
35299,BGCH,heliport,Qasigiannguit Heliport,68.822816,-51.173447,70,NA,GL,GL-QK,Qasigiannguit,yes,BGCH,JCH,BGCH,,
30839,BGCO,medium_airport,Neerlerit Inaat Airport,70.743103,-22.650499,45,NA,GL,GL-SE,Neerlerit Inaat,yes,BGCO,CNP,BGCO,,America/Scoresbysund
44052,BGET,heliport,Eqalugaarsuit Heliport,60.61972,-45.914062,9,NA,GL,GL-KU,Eqalugaarsuit,yes,,QFG,BGET,,
44062,BGFD,heliport,Narsarmijit Heliport,60.004694,-44.656935,44,NA,GL,GL-KU,Narsarmijit,yes,,QFN,BGFD,,
44059,BGGD,heliport,Kangilinnguit Heliport,61.22896,-48.09698,101,NA,GL,GL-SE,Kangilinnguit,yes,,JGR,BGGD,,
114,BGGH,large_airport,Nuuk International Airport,64.191066,-51.67914,283,NA,GL,GL-SE,Nuuk,yes,BGGH,GOH,BGGH,,America/Nuuk
35300,BGGN,heliport,Qeqertarsuaq Heliport,69.251182,-53.514876,9,NA,GL,GL-QK,Qeqertarsuaq,yes,,JGO,BGGN,,
43215,BGIA,heliport,Ikerasak Heliport,70.498145,-51.303084,66,NA,GL,GL-AV,Ikerasak,yes,,IKE,BGIA,IKE,
44054,BGIG,heliport,Iginniarfik Heliport,68.14583,-53.16916,50,NA,GL,GL-QK,Iginniarfik,yes,BGIG,QFI,BGIG,,
35290,BGIK,heliport,Ikerassaarsuk Heliport,68.140881,-53.441459,165,NA,GL,GL-QK,Ikerassaarsuk,yes,,QRY,BGIK,,
35291,BGIL,heliport,Ilimanaq Heliport,69.080915,-51.114315,52,NA,GL,GL-AV,Ilimanaq,yes,,XIQ,BGIL,,
44056,BGIN,heliport,Innarsuit Heliport,73.199895,-56.010817,95,NA,GL,GL-AV,Innarsuit,yes,,IUI,BGIN,INN,
44057,BGIS,heliport,Isortoq Heliport,65.547792,-38.976552,92,NA,GL,GL-SE,Isortoq,yes,,IOQ,BGIS,ISO,
35289,BGIT,heliport,Ikamiut Heliport,68.634253,-51.832262,49,NA,GL,GL-QK,Ikamiut,yes,,QJI,BGIT,,
35298,BGJH,closed,Qaqortoq Heliport,60.715684,-46.029919,53,NA,GL,GL-KU,Qaqortoq,yes,,,,,
31694,BGJN,medium_airport,Ilulissat Airport,69.243202,-51.057098,95,NA,GL,GL-AV,Ilulissat,yes,BGJN,JAV,BGJN,,America/Nuuk
35292,BGKA,heliport,Kangaatsiaq Heliport,68.312657,-53.460208,17,NA,GL,GL-QK,Kangaatsiaq,yes,,QPW,BGKA,,
31786,BGKK,medium_airport,Kulusuk Airport,65.573601,-37.1236,117,NA,GL,GL-SE,Kulusuk,yes,BGKK,KUS,BGKK,,America/Nuuk
43224,BGKL,heliport,Upernavik Kujalleq Heliport,72.152743,-55.530986,92,NA,GL,GL-AV,Upernavik Kujalleq,yes,,,BGKL,UPK,
44060,BGKM,heliport,Kuummiut Heliport,65.863935,-36.997919,89,NA,GL,GL-SE,Kuummiut,yes,,KUZ,BGKM,KMT,
43217,BGKS,heliport,Kangersuatsiaq Heliport,72.381092,-55.536586,112,NA,GL,GL-AV,Kangersuatsiaq,yes,,KGQ,BGKS,KAQ,
35293,BGKT,heliport,Kitsissuarsuit Heliport,68.857926,-53.123295,18,NA,GL,GL-QK,Kitsissuarsuit,yes,,QJE,BGKT,,
43216,BGLL,heliport,Illorsuit Heliport,71.241944,-53.562877,154,NA,GL,GL-AV,Illorsuit,yes,,IOT,BGLL,ILL,
31711,BGMQ,small_airport,Maniitsoq Airport,65.412498,-52.9394,91,NA,GL,GL-QA,Maniitsoq,yes,BGMQ,JSU,BGMQ,,America/Nuuk
35296,BGNK,heliport,Niaqornaarsuk Heliport,68.236381,-52.852148,152,NA,GL,GL-QK,Niaqornaarsuk,yes,,,BGNK,,
35294,BGNN,heliport,Nanortalik Heliport,60.141884,-45.232977,17,NA,GL,GL-KU,Nanortalik,yes,,JNN,BGNN,,
43219,BGNQ,heliport,Nuugaatsiaq Heliport,71.538769,-53.205038,57,NA,GL,GL-AV,Nuugaatsiaq,yes,,JUU,BGNQ,NUG,
35295,BGNS,heliport,Narsaq Heliport,60.917283,-46.059923,83,NA,GL,GL-KU,Narsaq,yes,,JNS,BGNS,,
44063,BGNT,heliport,Niaqornat Heliport,70.789385,-53.662945,10,NA,GL,GL-AV,Niaqornat,yes,,NIQ,BGNT,NIA,
44065,BGPT,small_airport,Paamiut Airport,62.014736,-49.670937,120,NA,GL,GL-SE,Paamiut,yes,BGPT,JFR,BGPT,,America/Nuuk
43221,BGQE,heliport,Qeqertaq Heliport,69.995861,-51.300917,69,NA,GL,GL-AV,Qeqertaq,yes,,PQT,BGQE,QQT,
32004,BGQQ,medium_airport,Qaanaaq Airport,77.488602,-69.388702,51,NA,GL,GL-AV,Qaanaaq,yes,BGQQ,NAQ,BGQQ,,America/Thule
44066,BGQT,heliport,Qassimiut Heliport,60.780959,-47.156249,29,NA,GL,GL-KU,Qassimiut,yes,,QJH,BGQT,,
44058,BGSC,heliport,Ittoqqortoormiit Heliport,70.488229,-21.97168,238,NA,GL,GL-SE,Ittoqqortoormiit,yes,,OBY,BGSC,,
115,BGSF,medium_airport,Kangerlussuaq International Airport,67.010446,-50.715294,165,NA,GL,GL-QA,Kangerlussuaq,yes,BGSF,SFJ,BGSF,,America/Nuuk
44069,BGSG,heliport,Sermiligaaq Heliport,65.90592,-36.378254,33,NA,GL,GL-SE,Sermiligaaq,yes,BGSG,SGG,BGSG,SMG,Asia/Kuching
44070,BGSI,heliport,Siorapaluk Heliport,77.786517,-70.638657,102,NA,GL,GL-AV,Siorapaluk,yes,BGSI,SRK,BGSI,SIO,
323783,BGSO,heliport,Saarloq Heliport,60.537778,-46.024722,,NA,GL,GL-KU,Saarloq,yes,BGSO,QOQ,BGSO,,
35301,BGSQ,heliport,Saqqaq Heliport,70.011448,-51.932142,38,NA,GL,GL-AV,Saqqaq,yes,BGSQ,,BGSQ,,
31700,BGSS,medium_airport,Sisimiut Airport,66.951302,-53.729301,33,NA,GL,GL-QA,Sisimiut,yes,BGSS,JHS,BGSS,,America/Nuuk
43222,BGST,heliport,Saattut Heliport,70.811172,-51.63129,131,NA,GL,GL-AV,Saattut,yes,BGST,SAE,BGST,SAA,
44068,BGSV,heliport,Savissivik Heliport,76.018613,-65.117683,24,NA,GL,GL-AV,Savissivik,yes,BGSV,SVR,BGSV,SAV,
44075,BGTA,heliport,Tasiusaq Heliport,73.373055,-56.06028,181,NA,GL,GL-AV,Tasiusaq,yes,BGTA,TQA,BGTA,,
116,BGTL,medium_airport,Pituffik Space Base,76.53063,-68.700541,251,NA,GL,GL-AV,Pituffik,no,BGTL,THU,BGTL,,America/Thule
44076,BGTN,heliport,Tiniteqilaaq Heliport,65.892027,-37.783409,15,NA,GL,GL-SE,Tiniteqilaaq,yes,BGTN,TQI,BGTN,TNT,
44074,BGTQ,heliport,Tasiusaq Heliport,60.194305,-44.813447,21,NA,GL,GL-KU,Tasiusak,yes,BGTQ,XEQ,BGTQ,,
31713,BGUK,small_airport,Upernavik Airport,72.790199,-56.1306,414,NA,GL,GL-AV,Upernavik,yes,BGUK,JUV,BGUK,,America/Nuuk
43225,BGUM,heliport,Uummannaq Heliport,70.680428,-52.11163,50,NA,GL,GL-AV,Uummannaq,yes,BGUM,UMD,BGUM,,
31709,BGUQ,small_airport,Qaarsut Airport,70.7342,-52.696201,289,NA,GL,GL-AV,Uummannaq,yes,BGUQ,JQA,BGUQ,,America/Nuuk
43223,BGUT,heliport,Ukkusissat Heliport,71.049438,-51.890016,223,NA,GL,GL-AV,Ukkusissat,yes,BGUT,JUK,BGUT,UKK,
117,BIAR,large_airport,Akureyri International Airport,65.656573,-18.072018,6,EU,IS,IS-6,Akureyri,yes,BIAR,AEY,BIAR,,Atlantic/Reykjavik
118,BIBD,medium_airport,Bildudalur Airport,65.641296,-23.5462,18,EU,IS,IS-4,Bildudalur,no,BIBD,BIU,BIBD,,Atlantic/Reykjavik
119,BIEG,medium_airport,Egilsstaðir Airport,65.2833023071289,-14.401399612426758,76,EU,IS,IS-7,Egilsstaðir,yes,BIEG,EGS,BIEG,,Atlantic/Reykjavik
31549,BIGR,medium_airport,Grímsey Airport,66.5458,-18.0173,66,EU,IS,IS-6,Grímsey/Sandvík,yes,BIGR,GRY,BIGR,,Atlantic/Reykjavik
120,BIHN,medium_airport,Hornafjörður Airport,64.295601,-15.2272,24,EU,IS,IS-8,Höfn,yes,BIHN,HFN,BIHN,,Atlantic/Reykjavik
121,BIHU,medium_airport,Húsavík Airport,65.952301,-17.426001,48,EU,IS,IS-6,Húsavík,no,BIHU,HZK,BIHU,,Atlantic/Reykjavik
122,BIIS,medium_airport,Ísafjörður Airport,66.058098,-23.1353,8,EU,IS,IS-4,Ísafjörður,yes,BIIS,IFJ,BIIS,,Atlantic/Reykjavik
123,BIKF,large_airport,Keflavik International Airport,63.985001,-22.6056,171,EU,IS,IS-2,Reykjavík,yes,BIKF,KEF,BIKF,,Atlantic/Reykjavik
125,BIRK,medium_airport,Reykjavík Domestic Airport,64.128732,-21.93759,48,EU,IS,IS-1,Reykjavík,yes,BIRK,RKV,BIRK,,Atlantic/Reykjavik
31973,BIRL,medium_airport,Mývatn Airport,65.6558,-16.9181,1030,EU,IS,IS-6,Myvatn,no,BIRL,MVA,BIRL,,Atlantic/Reykjavik
126,BISI,medium_airport,Siglufjörður Airport,66.137847,-18.908157,10,EU,IS,IS-6,Siglufjörður,no,BISI,SIJ,BISI,,Atlantic/Reykjavik
127,BITN,small_airport,Þórshöfn Airport,66.218459,-15.334739,65,EU,IS,IS-6,Þórshöfn,yes,BITN,THO,BITN,,Atlantic/Reykjavik
128,BIVM,medium_airport,Vestmannaeyjar Airport,63.42430114746094,-20.278900146484375,326,EU,IS,IS-8,Vestmannaeyjar,no,BIVM,VEY,BIVM,,Atlantic/Reykjavik
32593,BIVO,medium_airport,Vopnafjörður Airport,65.720596,-14.8506,16,EU,IS,IS-7,Vopnafjörður,yes,BIVO,VPN,BIVO,,Atlantic/Reykjavik
312172,BJT,seaplane_base,Bentota River Waterdrome,6.431,79.996,,AS,LK,LK-1,Bentota,yes,,BJT,,,
4614,BKPR,large_airport,Priština Adem Jashari International Airport,42.5728,21.035801,1789,EU,XK,XK-01,Prishtina,yes,BKPR,PRN,BKPR,,Europe/Belgrade
323824,BR-0263,small_airport,Pedro Vieira Moreira Airport,-6.8827,-38.61583,1099,SA,BR,BR-PB,Cajazeiras,yes,SJZA,CJZ,SJZA,PB0004,America/Sao_Paulo
327786,BR-0318,heliport,Cooperativa Lar Heliport,-25.27427,-54.067369,1601,SA,BR,BR-PR,Medianeira,yes,,,SSLC,,America/Campo_Grande
329000,BR-0352,heliport,N. S. A. Heliport,-22.7384254,-45.540062,5663,SA,BR,BR-SP,Campos do Jordão,yes,,,SNBK,SNBK,
331872,BR-0467,heliport,Batalhão de Operações Aéreas do CBMSC Heliport,-27.614324,-48.528333,13,SA,BR,BR-SC,Aéreas do CBMSC,yes,,,SSBO,SC0086,America/Sao_Paulo
333222,BR-0569,medium_airport,Glauber de Andrade Rocha Airport,-14.907885,-40.914804,2940,SA,BR,BR-BA,Vitória da Conquista,yes,SBVC,VDC,SBVC,BA0005,America/Bahia
335541,BR-0925,small_airport,Fazenda Rosa do Deserto Airstrip,-13.240032,-39.759292,1411,SA,BR,BR-BA,Ubaíra,yes,SDYG,,SDYG,BA0254,
388,BR-2182,medium_airport,Russas - João de Deus Regional Airport,-4.94727,-38.008202,115,SA,BR,BR-CE,Russas,no,,,,CE0012,
46185,BR-3221,heliport,Eletrocity Heliport,-20.207646,-40.234916,75,SA,BR,BR-ES,Serra,yes,,,,,
35303,BS-NSB,seaplane_base,Bimini North Seaplane Base,25.767,-79.25,,NA,BS,BS-BI,Bimini,yes,,NSB,,,
353792,BTZ,medium_airport,Betong International Airport,5.79,101.15,785,AS,TH,TH-95,Betong,no,VTSY,BTZ,VTSY,,Asia/Bangkok
34946,BY-0001,medium_airport,Orsha Airport - Balbasovo Air Base,54.439999,30.2967,620,EU,BY,BY-VI,Orsha,no,,TXC,UMIO,,
44363,BY-0006,medium_airport,Osovtsy Air Base,52.556999,24.884001,,EU,BY,BY-BR,Byaroza,no,,,UMMO,,Europe/Minsk
42216,BZ-BGK,small_airport,Big Creek Airport,16.519369,-88.407913,22,NA,BZ,BZ-SC,Big Creek,yes,MZBG,BGK,MZBG,,
30861,BZ-CUK,medium_airport,Caye Caulker Airport,17.735015,-88.032862,2,NA,BZ,BZ-BZ,Caye Caulker,yes,MZCK,CUK,MZCK,,
30867,BZ-CYC,medium_airport,Caye Chapel Airport,17.683792,-88.044985,3,NA,BZ,BZ-BZ,Caye Chapel,yes,MZCP,CYC,MZCP,,
42209,BZ-CZH,medium_airport,Corozal Airport,18.3822,-88.411903,40,NA,BZ,BZ-CZL,Corozal,yes,MZCZ,CZH,MZCZ,,
42207,BZ-DGA,medium_airport,Dangriga Airport,16.98251,-88.230988,10,NA,BZ,BZ-SC,Dangriga,yes,MZPB,DGA,MZPB,,America/Belize
42213,BZ-INB,small_airport,Independence Airport,16.53456,-88.441615,18,NA,BZ,BZ-SC,Independence,yes,MZSV,INB,MZSV,,
42212,BZ-ORZ,small_airport,H.E Alfredo Martinez (Tower Hill) Airstrip,18.046767,-88.583858,69,NA,BZ,BZ-OW,Orange Walk,yes,MZTH,ORZ,MZAM,,
35305,BZ-PND,small_airport,Punta Gorda Airport,16.1024,-88.808296,7,NA,BZ,BZ-TOL,Punta Gorda,yes,MZPG,PND,MZPG,PND,
42210,BZ-SJX,medium_airport,Sartaneja Airport,18.3561,-88.130798,3,NA,BZ,BZ-CZL,Sartaneja,no,,SJX,MZSJ,,
32370,BZ-SPR,medium_airport,John Greif II Airport,17.9139,-87.9711,4,NA,BZ,BZ-CY,San Pedro,yes,MZSP,SPR,MZSP,,
42215,BZ-TZA,medium_airport,Sir Barry Bowen Municipal Airport,17.517239,-88.195775,8,NA,BZ,BZ-BZ,Belize City,yes,MZBE,TZA,MZBE,,
27300,BZB,medium_airport,Bazaruto Island Airport,-21.5411,35.4729,,AF,MZ,MZ-I,Bazaruto Island,no,,BZB,,,
341397,CA-0732,seaplane_base,Poise Cove Waterdrome,49.49062,-123.75212,,NA,CA,CA-BC,Sechelt,yes,,,,,
524657,CA-0923,seaplane_base,Montague Harbour Seaplane Base,48.89225,-123.39215,,NA,CA,CA-BC,Galiano Island,yes,,YMF,,,
610367,CA-1291,large_airport,(Duplicate)YEG,53.3097,-113.58,2371,NA,CA,CA-AB,Edmonton,yes,,,,,
610368,CA-1292,large_airport,YEG,50.341652,-106.699219,2373,NA,CA,CA-AB,Edmonton,yes,,,,,
28237,CAA7,seaplane_base,Gilford Island/Echo Bay Seaplane Base,50.766701,-126.483002,,NA,CA,CA-BC,Gilford Island,yes,,,CAA7,CAA7,
28174,CAB3,seaplane_base,Bedwell Harbour Seaplane Base,48.75,-123.233002,,NA,CA,CA-BC,Bedwell Harbour,yes,,YBW,CAB3,CAB3,America/Edmonton
28447,CAB4,seaplane_base,Tofino Harbour Seaplane Base,49.155,-125.91,,NA,CA,CA-BC,Tofino,yes,,YTP,CAB4,CAB4,
28332,CAC8,seaplane_base,Nanaimo Harbour Water Aerodrome,49.169813,-123.933845,,NA,CA,CA-BC,Nanaimo,yes,,ZNA,CAC8,CAC8,
614,CAD4,small_airport,Trail Regional Airport,49.055599,-117.609001,1427,NA,CA,CA-BC,Trail,yes,,YZZ,CAD4,CAD4,America/Vancouver
28187,CAE3,seaplane_base,Campbell River Seaplane Base,50.049999,-125.25,,NA,CA,CA-BC,Campbell River,yes,,YHH,CAE3,CAE3,
28465,CAE5,seaplane_base,Whistler/Green Lake Water Aerodrome,50.1436004639,-122.948997498,2100,NA,CA,CA-BC,Whistler,yes,,YWS,CAE5,CAE5,
28169,CAE9,seaplane_base,Bamfield Seaplane Base,48.835967,-125.137453,,NA,CA,CA-BC,Bamfield,yes,,YBF,CAE9,CAE9,
28177,CAF6,seaplane_base,Big Bay Seaplane Base,50.3923,-125.1372,,NA,CA,CA-BC,Stuart Island,yes,,YIG,CAF6,CAF6,
624,CAJ4,medium_airport,Anahim Lake Airport,52.451501,-125.303776,3635,NA,CA,CA-BC,Anahim Lake,yes,,YAA,CAJ4,CAJ4,America/Vancouver
28370,CAJ8,seaplane_base,Pitt Meadows Seaplane Base,49.209215,-122.709646,6,NA,CA,CA-BC,,yes,,,CAJ8,CAJ8,
626,CAJ9,small_airport,Fort Ware Airport,57.427857,-125.648189,2450,NA,CA,CA-BC,Fort Ware,yes,,,CAJ9,CAJ9,America/Vancouver
28454,CAM9,seaplane_base,Vancouver International Seaplane Base,49.177047,-123.168154,0,NA,CA,CA-BC,Vancouver,yes,,,CAM9,CAM9,
28450,CAN3,seaplane_base,Ucluelet Seaplane Base,48.950003,-125.550005,,NA,CA,CA-BC,Ucluelet,yes,,,CAN3,CAN3,
28458,CAP5,seaplane_base,Victoria Airport Water Aerodrome,48.653892,-123.450451,,NA,CA,CA-BC,Victoria,yes,,,CAP5,CAP5,
28383,CAP8,seaplane_base,Port Washington Seaplane Base,48.812,-123.321,,NA,CA,CA-BC,Port Washington,yes,,,,,
28384,CAQ8,seaplane_base,Powell Lake Seaplane Base,49.887335,-124.53372,174,NA,CA,CA-BC,Powell River,yes,,WPL,CAQ8,CAQ8,
643,CAT4,medium_airport,Qualicum Beach Airport,49.337456,-124.393086,191,NA,CA,CA-BC,Qualicum Beach,yes,,XQU,CAT4,CAT4,America/Vancouver
644,CAT5,small_airport,Port McNeill Airport,50.57348,-127.027702,225,NA,CA,CA-BC,Port McNeill,yes,,YMP,CAT5,CAT5,America/Vancouver
28432,CAV5,seaplane_base,Sullivan Bay Seaplane Base,50.885359,-126.831069,,NA,CA,CA-BC,Sullivan Bay,yes,,YTG,CAV5,CAV5,
28315,CAW7,seaplane_base,Mayne Island Seaplane Base,48.852241,-123.301982,,NA,CA,CA-BC,Miners Bay,yes,,YAV,,,America/Winnipeg
314219,CAX3,seaplane_base,Sechelt/Porpoise Bay Water Aerodrome,49.483,-123.7577,,NA,CA,CA-BC,Sechelt,yes,,,,,
28235,CAX6,seaplane_base,Ganges Seaplane Base,48.8545,-123.4969,0,NA,CA,CA-BC,Salt Spring Island,yes,,YGG,CAX6,CAX6,
28319,CAX7,seaplane_base,Minstrel Island Seaplane Base,50.608299,-126.306038,,NA,CA,CA-BC,Minstrel Island/Lagoon Cove,yes,,,,,
657,CAZ5,medium_airport,Cache Creek-Ashcroft Regional Airport,50.775258,-121.321314,2034,NA,CA,CA-BC,Cache Creek,no,,YZA,CAZ5,CAZ5,America/Vancouver
659,CBA9,small_airport,Ospika Airport,56.271002,-124.063282,2300,NA,CA,CA-BC,Ospika,yes,,,CBA9,CBA9,America/Vancouver
664,CBBC,medium_airport,Bella Bella (Campbell Island) Airport,52.185001,-128.156994,141,NA,CA,CA-BC,Bella Bella,yes,CBBC,ZEL,CBBC,CBBC,America/Vancouver
667,CBC7,heliport,Harbour (Public) Heliport,49.286892,-123.106112,2,NA,CA,CA-BC,Vancouver,yes,,,CBC7,CBC7,
680,CBF7,heliport,Victoria Harbour (Camel Point) Heliport,48.418098,-123.388,15,NA,CA,CA-BC,Victoria,yes,,,CBF7,CBF7,
703,CBN9,small_airport,Tsay Keh Airport,56.906101,-124.964996,2280,NA,CA,CA-BC,Tsay Keh,yes,,,CBN9,CBN9,America/Vancouver
743,CCA6,small_airport,Williams Harbour Airport,52.567377,-55.784883,70,NA,CA,CA-NL,Williams Harbour,yes,,YWM,CCA6,CCA6,America/St_Johns
750,CCD4,small_airport,Postville Airport,54.9105,-59.78507,193,NA,CA,CA-NL,Postville,yes,,YSO,CCD4,CCD4,America/Goose_Bay
752,CCE4,small_airport,Black Tickle Airport,53.469836,-55.787501,57,NA,CA,CA-NL,Black Tickle,yes,,YBI,CCE4,CCE4,America/St_Johns
758,CCH4,small_airport,Charlottetown Airport,52.765774,-56.11237,209,NA,CA,CA-NL,Charlottetown,yes,,YHG,CCH4,CCH4,America/St_Johns
764,CCK4,small_airport,St. Lewis (Fox Harbour) Airport,52.372799,-55.673901,74,NA,CA,CA-NL,St. Lewis,yes,,YFX,CCK4,CCK4,America/St_Johns
771,CCP4,small_airport,Port Hope Simpson Airport,52.528099060058594,-56.28609848022461,347,NA,CA,CA-NL,Port Hope Simpson,yes,,YHA,CCP4,CCP4,America/St_Johns
776,CCR6,heliport,Campbell River (E & B Heli) Heliport,50.041349,-125.26857,7,NA,CA,CA-BC,Campbell River,yes,,,CCR6,CCR6,
28200,CCX6,seaplane_base,Comox Seaplane Base,49.670601,-124.932999,0,NA,CA,CA-BC,Comox,yes,,,CCX6,CCX6,
793,CCZ2,small_airport,Rigolet Airport,54.1796989440918,-58.45750045776367,180,NA,CA,CA-NL,Rigolet,yes,,YRG,CCZ2,CCZ2,America/Goose_Bay
320432,CDH5,heliport,Nanaimo Harbour Heliport,49.160814,-123.923217,12,NA,CA,CA-BC,Nanaimo,yes,,,CDH5,CDH5,
874,CEM3,small_airport,Whatì Airport,63.131699,-117.246002,882,NA,CA,CA-NT,Whatì,yes,,YLE,CEM3,CEM3,America/Edmonton
16712,CGA,seaplane_base,Craig Seaplane Base,55.478802,-133.147995,,NA,US,US-AK,Craig,yes,,CGA,CGA,CGA,
1051,CJB6,small_airport,Gods Lake Airport,54.780469,-93.718228,605,NA,CA,CA-MB,Gods Lake,yes,,,CJB6,CJB6,America/Winnipeg
1139,CJV7,small_airport,Summer Beaver Airport,52.70859909057617,-88.54190063476562,832,NA,CA,CA-ON,Summer Beaver,yes,,SUR,CJV7,CJV7,America/Toronto
16716,CJX,small_airport,Crooked Creek Airport,61.870315,-158.137636,178,NA,US,US-AK,Crooked Creek,yes,PACJ,CKD,PACJ,CJX,
1162,CKB6,small_airport,Wapekeka Airport,53.84920120239258,-89.57939910888672,712,NA,CA,CA-ON,Angling Lake,yes,,YAX,CKB6,CKB6,America/Winnipeg
1172,CKD9,small_airport,Slate Falls Airport,51.130001,-91.665604,1355,NA,CA,CA-ON,Slate Falls,yes,,,CKD9,CKD9,America/Winnipeg
1200,CKL3,small_airport,Wunnumin Lake Airport,52.893902,-89.2892,819,NA,CA,CA-ON,Wunnumin Lake,yes,,WNN,CKL3,CKL3,America/Winnipeg
1218,CKQ3,small_airport,North Spirit Lake Airport,52.4900016784668,-92.97109985351562,1082,NA,CA,CA-ON,North Spirit Lake,yes,,YNO,CKQ3,CKQ3,America/Winnipeg
16718,CKX,small_airport,Chicken Airport,64.066495,-141.951342,1640,NA,US,US-AK,Chicken,yes,,CKX,CKX,CKX,
43972,CN-0003,medium_airport,Laohutun Air Base,39.669998,121.765999,,AS,CN,CN-21,Dalian (Wafangdian),no,,,,,
43973,CN-0004,medium_airport,Pulandian Air Base,39.450901,122.017998,,AS,CN,CN-21,Dalian (Pulandian),no,,,,,
44082,CN-0006,medium_airport,Beijing Shahezhen Air Base,40.149166107177734,116.3213882446289,,AS,CN,CN-11,Beijing,no,,,,,
44083,CN-0007,medium_airport,Beijing Tongxian Air Base,39.81111145019531,116.70833587646484,,AS,CN,CN-11,Beijing,no,,,,,
44089,CN-0013,medium_airport,Fengning Air Base,41.260799407958984,116.61799621582031,,AS,CN,CN-13,,no,,,,,
44090,CN-0014,medium_airport,Hohhot Bikeqi Air Base,40.737015,111.229749,,AS,CN,CN-15,Hohhot,no,,,,,
44091,CN-0015,medium_airport,Huairen Air Base,39.717499,113.142998,3260,AS,CN,CN-14,Shuozhou,no,,,,,
44092,CN-0016,medium_airport,Liangxiangzhen Air Base,39.757801,116.125999,,AS,CN,CN-11,Beijing,no,,,ZBLX,,
44094,CN-0018,medium_airport,Tangguantun Air Base,38.781101,117.068001,,AS,CN,CN-12,Jinghai,no,,,,,
44096,CN-0020,medium_airport,Wenshui Air Base,37.407799,111.966003,,AS,CN,CN-14,Lüliang,no,,,,,
44097,CN-0021,medium_airport,Yangcun Air Base,39.37329864501953,117.09500122070312,,AS,CN,CN-12,,no,,,,,
44098,CN-0022,medium_airport,Yongning Air Base,40.50310134887695,116.10800170898438,,AS,CN,CN-11,Yongning,no,,,,,
44101,CN-0025,medium_airport,Tangshan Zunhua Air Base,40.102501,117.887001,,AS,CN,CN-13,Tangshan,no,,,,,
44102,CN-0026,medium_airport,Chengdu Huangtianba Air Base,30.705299,103.949997,,AS,CN,CN-51,Chengdu (Qingyang),no,,,,,
44106,CN-0030,medium_airport,Chongqing Baishiyi Air Base,29.4953,106.359001,,AS,CN,CN-50,Chongqing,no,,,,,
44117,CN-0041,medium_airport,Luliang Air Base,24.988192,103.642833,,AS,CN,CN-53,Qujing (Luliang),no,,,,,
44119,CN-0043,medium_airport,Honghe Mengzi Airport / Mengzi Air Base,23.3953,103.334,,AS,CN,CN-53,Honghe,no,,,,,
44121,CN-0045,medium_airport,Qionglai Air Base,30.49099,103.466139,,AS,CN,CN-51,Chengdu (Qionglai),no,,,,,
44124,CN-0048,medium_airport,Wenshan Air Base,23.715599060058594,103.8270034790039,,AS,CN,CN-53,,no,,,,,
44125,CN-0049,medium_airport,Xiangyun Midu Air Base,25.445299,100.735001,,AS,CN,CN-53,Dali (Xiangyun),no,,,,,
44131,CN-0053,medium_airport,Baihe Ningming Air Base,22.120481,107.125046,,AS,CN,CN-45,Ningming,no,,,,,
44133,CN-0055,medium_airport,Changsha Datuopu Airport / Changsha Air Base,28.068522,112.957306,170,AS,CN,CN-43,Changsha (Tianxin),no,,,ZGCS,,
44134,CN-0056,medium_airport,Dangyang Air Base,30.798599,111.809998,,AS,CN,CN-42,Yichang (Dangyang),no,,,,,
44135,CN-0057,medium_airport,Foluo Northeast Air Base,18.6922,109.161003,,AS,CN,CN-46,Ledong (Da'anzhen),no,,,,,
323881,CN-0062,medium_airport,Bazhong Enyang Airport,31.73842,106.644872,1804,AS,CN,CN-51,Bazhong,yes,ZUBZ,BZX,ZUBZ,BZX,Asia/Shanghai
44141,CN-0063,medium_airport,Guiping Mengxu Air Base,23.330799,110.009003,171,AS,CN,CN-45,Guiping (Guigang),no,,,,,
44147,CN-0069,medium_airport,Jialaishi Air Base,19.697201,109.725998,,AS,CN,CN-46,Lingao (Jialai),no,,,,,
44149,CN-0071,medium_airport,Leiyang Air Base,26.587200164794922,112.89199829101562,,AS,CN,CN-43,,no,,,,,
44150,CN-0072,medium_airport,Lingshui Air Base,18.4944,109.987999,,AS,CN,CN-46,Lingshui (Huayuan),no,,,,,
324349,CN-0074,medium_airport,Shangqiu Air Base,34.449507,115.459261,,AS,CN,CN-41,Shangqiu,no,,,,,
324768,CN-0076,medium_airport,Zhengzhou Air Base,34.86125,113.729631,,AS,CN,CN-41,Zhengzhou,no,,,,,
44157,CN-0079,medium_airport,Shaoguan Danxia Airport,24.9786,113.420998,280,AS,CN,CN-44,Shaoguan,yes,ZGSG,HSC,ZGSG,,Asia/Shanghai
44158,CN-0080,medium_airport,Suixi Air Base,21.3958,110.199997,,AS,CN,CN-44,Zhanjiang (Suixi),no,,,,,
44159,CN-0081,medium_airport,Jinggangshan Airport,26.856899,114.737,281,AS,CN,CN-36,Ji'an,yes,ZSGS,JGS,ZSGS,,Asia/Shanghai
329666,CN-0083,medium_airport,Guodu Air Base,36.000428,117.625833,,AS,CN,CN-37,"Xintai, Tai'an",no,,,,,
44163,CN-0085,medium_airport,Xiaogan Air Base,30.95359,113.911774,,AS,CN,CN-42,Xiaogan (Xiaonan),no,,,,,
44168,CN-0090,medium_airport,Cangxian Air Base,38.403025,116.930924,,AS,CN,CN-13,Cangzhou,no,,,,,
44170,CN-0092,medium_airport,Jiaozhou Jiaocheng Air Base,36.331163,120.025538,62,AS,CN,CN-37,Qingdao (Jiaozhou),no,,,,,
44172,CN-0094,medium_airport,Jiugucheng Air Base,37.491153,116.116726,75,AS,CN,CN-13,Hengshui,no,,,,,
44173,CN-0095,medium_airport,Kaifeng Air Base,34.75389862060547,114.33899688720703,,AS,CN,CN-41,Kaifeng,no,,,,,
44174,CN-0096,medium_airport,Laiyang Air Base,36.9636,120.591003,,AS,CN,CN-37,Yantai,no,,,,,
44175,CN-0097,medium_airport,Luyang Air Base,33.685434,112.89053,469,AS,CN,CN-41,Xuchang (Pingdingshan),no,,,,,
44184,CN-0106,medium_airport,Xuzhou Daguozhang Air Base,34.229285,117.245665,,AS,CN,CN-32,Xuzhou,no,,,,,
44189,CN-0111,medium_airport,Zhucheng Air Base,36.027468,119.43778,,AS,CN,CN-37,Weifang (Zhucheng),no,,,,,
44192,CN-0114,medium_airport,Baoji Air Base,34.53125,107.470679,,AS,CN,CN-61,Baoji (Fengxiang),no,,,,,
44195,CN-0117,medium_airport,Hainanzhou Gonghe Airport,36.3367,100.480003,10052,AS,CN,CN-63,Hainan (Gonghe),no,ZLHN,HNG,,,
339961,CN-0121,medium_airport,Huangdicun Naval Air Base,40.49979,120.659295,97,AS,CN,CN-21,Huludao,no,,,,,
340835,CN-0122,heliport,Fuzhou Zhuqi Heliport,26.123997,119.11389,200,AS,CN,CN-35,Fuzhou (Minhou),yes,,,,,
44201,CN-0123,medium_airport,Lanzhou Air Base,35.917801,104.218002,,AS,CN,CN-62,Lanzhou (Yuzhong),no,,,,,
44203,CN-0125,medium_airport,Lintao Air Base,35.3083,103.835999,,AS,CN,CN-62,Dingxi (Lintao),no,,,,,
44205,CN-0127,medium_airport,Qingshui Air Base,39.554699,98.884201,4872,AS,CN,CN-62,Jiuquan (Suzhou),no,,,,,
44210,CN-0132,medium_airport,Ürümqi South Air Base,43.466593,87.531177,,AS,CN,CN-65,Ürümqi,no,,,,,
44211,CN-0133,medium_airport,Malan Air Base,42.180621,87.186784,,AS,CN,CN-65,"Hoxud, Bayingolin",no,,,ZWML,,
44212,CN-0134,medium_airport,Wugong Air Base,34.275907,108.2658,,AS,CN,CN-61,Xianyang (Wugong),no,,,,,
44213,CN-0135,medium_airport,Ürümqi Changji Air Base,43.951175,87.079232,2425,AS,CN,CN-65,Ashilixiang,no,,,,,
44214,CN-0136,medium_airport,Wuwei Air Base,37.9883,102.567001,,AS,CN,CN-62,Wuwei,no,,,,,
44215,CN-0137,medium_airport,Xi'an Air Base,34.153059,108.599739,1337,AS,CN,CN-61,Xi'an (Huyi),no,,,,,
44216,CN-0138,medium_airport,Xincheng Air Base,25.5483,114.619003,,AS,CN,CN-36,Ganzhou,no,,,,,
44217,CN-0139,medium_airport,Yaerbashi Test Range,43.077202,92.808098,,AS,CN,CN-65,"Yizhou, Hami",no,,,,,
44218,CN-0140,medium_airport,Yanliang Air Base,34.642248,109.241867,,AS,CN,CN-61,Xi'an (Yanliang),no,,,,,
44224,CN-0146,medium_airport,Daishan Air Base,30.287581,122.144401,7,AS,CN,CN-33,Zhoushan,no,,,,,
44225,CN-0147,medium_airport,Feidong Air Base,31.909401,117.658997,,AS,CN,CN-34,Hefei,no,,,,,
44227,CN-0149,medium_airport,Fuzhou Air Base,26.003857,119.312832,20,AS,CN,CN-35,Fuzhou (Cangshan),no,,,,,
44230,CN-0152,medium_airport,Huian Air Base,25.0261,118.806999,75,AS,CN,CN-35,Quanzhou (Huian),no,,,,,
44231,CN-0153,medium_airport,Hangzhou Jianqiao Airport,30.3353,120.240997,,AS,CN,CN-33,Hangzhou,no,,,,,
44232,CN-0154,medium_airport,Jiaxing Nanhu Airport,30.698056,120.663056,15,AS,CN,CN-33,"Xiuzhou, Hangzhou",yes,ZSJX,JNH,ZSJX,,Asia/Shanghai
44236,CN-0158,medium_airport,Longtian Air Base,25.5728,119.459999,13,AS,CN,CN-35,Fuzhou (Fuqing),no,,,,,
44241,CN-0163,medium_airport,Nanchang Xiangtang Air Base,28.421205,115.923375,75,AS,CN,CN-36,Nanchang,no,,,,,
44243,CN-0165,medium_airport,Ningbo Zhuangqiao Air Base,29.9228,121.573997,,AS,CN,CN-33,Ningbo,no,,,,,
44247,CN-0169,medium_airport,Shanghai Dachang Air Base,31.324438,121.409508,,AS,CN,CN-31,Shanghai (Baoshan),no,,,,,
348150,CN-0178,medium_airport,Wuhan Hannan Municipal Airport,30.25521,114.062805,85,AS,CN,CN-42,Wuhan (Hannan),no,,WHN,,,
44260,CN-0182,medium_airport,Zhangshu Air Base,28.023283,115.549649,116,AS,CN,CN-36,Yichun,no,,,,,
44263,CN-0185,medium_airport,Changchun Air Base,43.906591,125.197005,,AS,CN,CN-22,Changchun,no,,,,,
348158,CN-0188,medium_airport,Beijing Nanjiao Airport,39.482845,116.372295,,AS,CN,CN-11,Beijing,no,ZBNJ,,ZBNJ,,
44268,CN-0190,medium_airport,Dingxin-Shuangchengzi Air Base,40.401402,99.789398,,AS,CN,CN-62,Jiuquan (Jinta),no,,,,,
44269,CN-0191,medium_airport,Fuxin Air Base,42.078899,121.662003,,AS,CN,CN-21,"Xihe, Fuxin",no,,,,,
44270,CN-0192,medium_airport,Gongzhuling Air Base,43.526293,124.78466,,AS,CN,CN-22,Siping,no,,,,,
44275,CN-0197,medium_airport,Kaiyuan Air Base,42.525934,123.984683,,AS,CN,CN-21,"Qinghe, Tieling",no,,,,,
44276,CN-0198,medium_airport,Lalin Air Base,45.259457,126.893536,,AS,CN,CN-23,Harbin,no,,,,,
44279,CN-0201,medium_airport,Pingquan Air Base,40.900409,118.677878,,AS,CN,CN-13,Chengde,no,,,,,
44282,CN-0204,medium_airport,Shenyang Beiling Air Base,41.8708,123.439003,,AS,CN,CN-21,"Huanggu, Shenyang",no,,,,,
44284,CN-0206,medium_airport,Shenyang Yuhong Quansheng Airport,41.822498,123.299004,,AS,CN,CN-21,"Yuhong, Shenyang",no,,,ZYSY,,
44286,CN-0208,medium_airport,Siping Air Base,43.156898,124.292,,AS,CN,CN-22,Siping,no,,,,,
44287,CN-0209,medium_airport,Suizhong Air Base,40.298992,120.36152,43,AS,CN,CN-21,Huludao (Suizhong),no,,,,,
44288,CN-0210,medium_airport,Tuchengzi Air Base,38.912201,121.238998,,AS,CN,CN-21,Dalian (Lüshunkou),no,,,,,
350882,CN-0236,medium_airport,Shigatse Tingri Airport,28.604567,86.798,14108,AS,CN,CN-54,Xigazê (Dingri),yes,ZUDR,DDR,ZUDR,,Asia/Shanghai
350883,CN-0237,medium_airport,Tashikuergan Hongqilafu Airport,37.661333,75.288877,10499,AS,CN,CN-65,Tashikuergan,yes,ZWTK,HQL,ZWTK,,Asia/Shanghai
350945,CN-0249,medium_airport,Leshan Airport,29.438627,103.749218,1189,AS,CN,CN-51,Leshan (Wutongqiao),yes,,LSG,,,
350949,CN-0253,medium_airport,Jiande Qiandaohu General Airport,29.360905,119.180829,249,AS,CN,CN-33,Hangzhou,no,,JDE,,,
351133,CN-0290,medium_airport,Sanya Air Base,18.28754,109.46372,30,AS,CN,CN-46,Sanya (Tianya),no,,,,,
353993,CN-0316,medium_airport,Chenghu General Airport,31.215334,120.789328,33,AS,CN,CN-32,Suzhou,no,,,,,
354040,CN-0321,medium_airport,Anji Tianzihu General Airport,30.797725,119.590287,137,AS,CN,CN-33,Anji,no,,,ZSTZ,,
354509,CN-0331,medium_airport,Jiuzhou Airport,26.99838,107.759041,2195,AS,CN,CN-52,Jiuzhou,no,,,,,
354657,CN-0344,medium_airport,Paozhuwan Air Base,30.673944,114.63089,,AS,CN,CN-42,Wuhan (Xinzhou),no,,,,,
354658,CN-0345,medium_airport,Shanpo Air Base,30.087612,114.31366,,AS,CN,CN-42,Wuhan,no,,,,,
355511,CN-0354,medium_airport,Ali Pulan Airport,30.397898,81.13317,13943,AS,CN,CN-54,Burang Town,no,ZUPL,APJ,ZUPL,,Asia/Shanghai
355952,CN-0359,small_airport,Zhaosu Tianma Airport,43.088477,81.223013,,AS,CN,CN-65,Zhaosu,yes,ZWZS,ZFL,ZWZS,,Asia/Shanghai
430508,CN-0396,medium_airport,Shaodong Airport,27.2235,111.6741,,AS,CN,CN-43,Shaoyang (Shaodong),no,,,,,
507629,CN-0401,medium_airport,Ningxiang Airport,27.987589,112.604971,,AS,CN,CN-43,,no,,,,,
525153,CN-0415,small_airport,Hejing Bayinbuluke Airport,42.976395,83.995543,8219,AS,CN,CN-65,Hejing,yes,ZWHJ,HJB,ZWHJ,,
525757,CN-0417,small_airport,Qitai Jiangbulake Airport,44.166086,89.55014,,AS,CN,CN-65,Qitai,yes,ZWQT,JBK,ZWQT,,
525766,CN-0418,medium_airport,Hohhot Shengle International Airport (under construction),40.480965,111.575174,,AS,CN,CN-15,Hohhot,no,,,,,
525773,CN-0421,medium_airport,Zhaotong Zhaoyang Airport,27.205843,103.691511,,AS,CN,CN-53,Zhaotong,yes,ZPZT,ZAT,,,Asia/Shanghai
300515,CN-0446,closed,Jining Qufu Airport,35.292778,116.346667,134,AS,CN,CN-37,Jining,yes,,,,,
598595,CN-0476,medium_airport,Bengbu Tenghu Airport,33.166292,117.058344,,AS,CN,CN-34,Bengbu,yes,ZSBA,BFY,ZSBA,,
604287,CN-0481,medium_airport,[Duplicate] Beijing Xijiao Airport,39.958592,116.256765,164,AS,CN,CN-11,Beijing,no,ZBXJ,,,,
606039,CN-0501,medium_airport,Hancheng Heyang Airport,35.329133,110.3829,,AS,CN,CN-61,Zhiyang Town,no,,,,,
610410,CN-0506,small_airport,金鸭子国际机场,33.649775,113.430748,50,AS,CN,CN-41,Pingdingshan,yes,,,,,
43974,CN-JNZ,medium_airport,Sanshilipu Air Base,39.289671,121.762195,,AS,CN,CN-21,Dalian (Jinzhou),no,,,,,
1294,CNC3,medium_airport,Brampton-Caledon Airport,43.7603,-79.875,935,NA,CA,CA-ON,,no,,,CNC3,CNC3,America/Toronto
1299,CNE3,small_airport,Bearskin Lake Airport,53.965599060058594,-91.0271987915039,800,NA,CA,CA-ON,Bearskin Lake,yes,,XBE,CNE3,CNE3,America/Winnipeg
1308,CNH2,small_airport,Natuashish Airport,55.913898,-61.184399,30,NA,CA,CA-NL,Natuashish,yes,,YNP,CNH2,CNH2,America/Goose_Bay
1324,CNM5,small_airport,Kingfisher Lake Airport,53.01250076293945,-89.85530090332031,866,NA,CA,CA-ON,Kingfisher Lake,yes,,KIF,CNM5,CNM5,America/Winnipeg
41597,CO-LCR,small_airport,Virgilio Barco Vargas (La Chorrera) Airport,-1.456361,-72.801086,564,SA,CO,CO-AMA,La Chorrera,yes,,LCR,SKHZ,,
1466,CPV8,small_airport,Keewaywin Airport,52.9911,-92.836403,988,NA,CA,CA-ON,Keewaywin,yes,,KEW,CPV8,CPV8,America/Winnipeg
28373,CPW9,seaplane_base,Port Alberni Seaplane Base,49.231899,-124.815002,,NA,CA,CA-BC,Port Alberni,yes,,,CPW9,CPW9,
355458,CRHA,small_airport,Streatham Reef Hueston Airfield,53.822569,-126.172957,,NA,CA,CA-BC,Streatham,yes,,,CRHA,CRHA,
1563,CSU2,small_airport,Chisasibi Airport,53.805599212646484,-78.91690063476562,43,NA,CA,CA-QC,Chisasibi,yes,,YKU,CSU2,CSU2,America/Toronto
1590,CTB6,small_airport,Tête-à-la-Baleine Airport,50.674400329589844,-59.38359832763672,107,NA,CA,CA-QC,Tête-à-la-Baleine,yes,,ZTB,CTB6,CTB6,America/Blanc-Sablon
1617,CTT5,small_airport,La Romaine Airport,50.259553,-60.674357,90,NA,CA,CA-QC,Le Golfe-du-Saint-Laurent,yes,,ZGS,CTT5,CTT5,America/Blanc-Sablon
1619,CTU5,small_airport,La Tabatière Airport,50.8307991027832,-58.97560119628906,102,NA,CA,CA-QC,La Tabatière,yes,,ZLT,CTU5,CTU5,America/Blanc-Sablon
604055,CU-0115,medium_airport,[Duplicate] Holguín Air Base,20.786418,-76.318513,,NA,CU,CU-11,Holguin,no,,,,,
46596,CYAB,small_airport,Arctic Bay Airport,73.006101,-85.04616,72,NA,CA,CA-NU,Arctic Bay,yes,CYAB,YAB,CYAB,,America/Rankin_Inlet
1652,CYAC,small_airport,Cat Lake Airport,51.7272,-91.824402,1344,NA,CA,CA-ON,Cat Lake,yes,CYAC,YAC,CYAC,,America/Winnipeg
1654,CYAG,medium_airport,Fort Frances Municipal Airport,48.655749,-93.44349,1125,NA,CA,CA-ON,Fort Frances,yes,CYAG,YAG,CYAG,,America/Winnipeg
1655,CYAH,medium_airport,La Grande-4 Airport,53.754699707,-73.6753005981,1005,NA,CA,CA-QC,La Grande-4,no,CYAH,YAH,CYAH,,America/Toronto
1656,CYAL,small_airport,Alert Bay Airport,50.582199,-126.916,240,NA,CA,CA-BC,Alert Bay,yes,CYAL,YAL,CYAL,,America/Vancouver
1657,CYAM,medium_airport,Sault Ste Marie Airport,46.483216,-84.508467,630,NA,CA,CA-ON,Sault Ste Marie,yes,CYAM,YAM,CYAM,,America/Detroit
1658,CYAQ,medium_airport,Kasabonika Airport,53.52470016479492,-88.6427993774414,672,NA,CA,CA-ON,Kasabonika,yes,CYAQ,XKS,CYAQ,,America/Winnipeg
1659,CYAS,small_airport,Kangirsuk Airport,60.027199,-69.999199,403,NA,CA,CA-QC,Kangirsuk,yes,CYAS,YKG,CYAS,,America/Toronto
1660,CYAT,small_airport,Attawapiskat Airport,52.927502,-82.4319,31,NA,CA,CA-ON,Attawapiskat,yes,CYAT,YAT,CYAT,,America/Toronto
1662,CYAV,medium_airport,Winnipeg / St. Andrews Airport,50.0564,-97.032501,760,NA,CA,CA-MB,Winnipeg/Saint Andrews,yes,CYAV,,CYAV,,America/Winnipeg
1665,CYAY,medium_airport,St. Anthony Airport,51.391909,-56.08321,108,NA,CA,CA-NL,St. Anthony,yes,CYAY,YAY,CYAY,,America/St_Johns
1666,CYAZ,medium_airport,Tofino / Long Beach Airport,49.079833,-125.775583,80,NA,CA,CA-BC,Tofino,yes,CYAZ,YAZ,CYAZ,,America/Vancouver
1668,CYBB,small_airport,Kugaaruk Airport,68.535711,-89.805508,56,NA,CA,CA-NU,Kugaaruk,yes,CYBB,YBB,CYBB,,America/Cambridge_Bay
1669,CYBC,medium_airport,Baie-Comeau Airport,49.1325,-68.204399,71,NA,CA,CA-QC,Baie-Comeau,yes,CYBC,YBC,CYBC,YBC,America/Toronto
1670,CYBD,medium_airport,Bella Coola Airport,52.387501,-126.596001,117,NA,CA,CA-BC,Bella Coola,yes,CYBD,QBC,CYBD,,America/Vancouver
1671,CYBE,small_airport,Uranium City Airport,59.561401,-108.481003,1044,NA,CA,CA-SK,Uranium City,yes,CYBE,YBE,CYBE,,America/Swift_Current
1672,CYBF,medium_airport,Bonnyville Airport,54.304199,-110.744003,1836,NA,CA,CA-AB,Bonnyville,yes,CYBF,YBY,CYBF,,America/Edmonton
1673,CYBG,medium_airport,Saguenay-Bagotville Airport,48.330123,-70.992012,522,NA,CA,CA-QC,Saguenay,yes,CYBG,YBG,CYBG,,America/Toronto
1674,CYBK,medium_airport,Baker Lake Airport,64.29889678960001,-96.077796936,59,NA,CA,CA-NU,Baker Lake,yes,CYBK,YBK,CYBK,,America/Rankin_Inlet
1675,CYBL,medium_airport,Campbell River Airport,49.950802,-125.271004,346,NA,CA,CA-BC,Campbell River,yes,CYBL,YBL,CYBL,YBL,America/Vancouver
1677,CYBQ,small_airport,Tadoule Lake Airport,58.706308,-98.511057,923,NA,CA,CA-MB,Tadoule Lake,yes,CYBQ,XTL,CYBQ,,America/Winnipeg
1678,CYBR,medium_airport,Brandon Municipal Airport,49.91,-99.951897,1343,NA,CA,CA-MB,Brandon,yes,CYBR,YBR,CYBR,,America/Winnipeg
1679,CYBT,small_airport,Brochet Airport,57.8894,-101.679001,1136,NA,CA,CA-MB,Brochet,yes,CYBT,YBT,CYBT,,America/Winnipeg
1680,CYBU,medium_airport,Nipawin Airport,53.33250045776367,-104.00800323486328,1220,NA,CA,CA-SK,Nipawin,no,,,CYBU,,America/Regina
1681,CYBV,small_airport,Berens River Airport,52.358898,-97.018303,728,NA,CA,CA-MB,Berens River,yes,CYBV,YBV,CYBV,,America/Winnipeg
1682,CYBW,medium_airport,Calgary / Springbank Airport,51.103982,-114.369378,3940,NA,CA,CA-AB,Calgary,no,,,CYBW,,America/Edmonton
1683,CYBX,medium_airport,Lourdes-de-Blanc-Sablon Airport,51.4436,-57.185299,121,NA,CA,CA-QC,Blanc-Sablon,yes,CYBX,YBX,CYBX,,America/Blanc-Sablon
1684,CYCA,small_airport,Cartwright Airport,53.682501,-57.042303,40,NA,CA,CA-NL,Cartwright,yes,CYCA,YRF,CYCA,,America/Goose_Bay
1685,CYCB,medium_airport,Cambridge Bay Airport,69.1081008911,-105.138000488,90,NA,CA,CA-NU,Cambridge Bay,yes,CYCB,YCB,CYCB,,America/Cambridge_Bay
1686,CYCC,medium_airport,Cornwall Regional Airport,45.092637,-74.567724,175,NA,CA,CA-ON,Cornwall,no,CYCC,YCC,CYCC,,America/Toronto
1687,CYCD,medium_airport,Nanaimo Airport,49.05497,-123.869863,92,NA,CA,CA-BC,Nanaimo,yes,CYCD,YCD,CYCD,,America/Vancouver
1688,CYCE,medium_airport,Centralia / James T. Field Memorial Aerodrome,43.285599,-81.508301,824,NA,CA,CA-ON,Huron Park,no,CYCE,YCE,CYCE,CYCE,America/Toronto
1689,CYCG,medium_airport,Castlegar/West Kootenay Regional Airport,49.296398,-117.632004,1624,NA,CA,CA-BC,Castlegar,yes,CYCG,YCG,CYCG,,America/Vancouver
1690,CYCH,medium_airport,Miramichi Airport,47.007801,-65.449203,108,NA,CA,CA-NB,Miramichi,no,CYCH,YCH,CYCH,,America/Moncton
1691,CYCL,medium_airport,Charlo Airport,47.990799,-66.330299,132,NA,CA,CA-NB,Charlo,no,CYCL,YCL,CYCL,,America/Moncton
1692,CYCN,medium_airport,Cochrane Airport,49.10559844970703,-81.01360321044922,861,NA,CA,CA-ON,Cochrane,no,CYCN,YCN,CYCN,,America/Toronto
1693,CYCO,small_airport,Kugluktuk Airport,67.816408,-115.14307,74,NA,CA,CA-NU,Kugluktuk,yes,CYCO,YCO,CYCO,,America/Cambridge_Bay
1694,CYCP,medium_airport,Blue River Airport,52.11669921875,-119.28299713134766,2240,NA,CA,CA-BC,Blue River,no,,,CYCP,,America/Vancouver
1695,CYCQ,medium_airport,Chetwynd Airport,55.687198638916016,-121.62699890136719,2000,NA,CA,CA-BC,Chetwynd,no,CYCQ,YCQ,CYCQ,,America/Dawson_Creek
1696,CYCR,small_airport,Cross Lake (Charlie Sinclair Memorial) Airport,54.609758,-97.762442,709,NA,CA,CA-MB,Cross Lake,yes,CYCR,YCR,CYCR,,America/Winnipeg
1697,CYCS,small_airport,Chesterfield Inlet Airport,63.346901,-90.731102,32,NA,CA,CA-NU,Chesterfield Inlet,yes,CYCS,YCS,CYCS,,America/Rankin_Inlet
1701,CYCY,small_airport,Clyde River Airport,70.486099,-68.516701,87,NA,CA,CA-NU,Clyde River,yes,CYCY,YCY,CYCY,,America/Iqaluit
1703,CYDA,medium_airport,Dawson City Airport,64.04309844970703,-139.1280059814453,1215,NA,CA,CA-YT,Dawson City,yes,CYDA,YDA,CYDA,,America/Dawson
1704,CYDB,medium_airport,Burwash Airport,61.371101,-139.041,2647,NA,CA,CA-YT,Burwash Landing,no,CYDB,YDB,CYDB,,America/Dawson
1706,CYDF,medium_airport,Deer Lake Airport,49.208159,-57.396147,72,NA,CA,CA-NL,Deer Lake,yes,CYDF,YDF,CYDF,,America/St_Johns
1708,CYDL,small_airport,Dease Lake Airport,58.422199,-130.031998,2600,NA,CA,CA-BC,Dease Lake,yes,CYDL,YDL,CYDL,,America/Vancouver
1709,CYDM,medium_airport,Ross River Airport,61.9706001282,-132.42300415,2314,NA,CA,CA-YT,Ross River,no,CYDM,XRR,CYDM,YDM,America/Whitehorse
1710,CYDN,medium_airport,Dauphin Barker Airport,51.1008,-100.052002,999,NA,CA,CA-MB,Dauphin,yes,CYDN,YDN,CYDN,,America/Winnipeg
1711,CYDO,medium_airport,Dolbeau-Saint-Felicien Airport,48.7785,-72.375,372,NA,CA,CA-QC,Dolbeau-Saint-Felicien,no,CYDO,YDO,CYDO,,America/Toronto
1712,CYDP,small_airport,Nain Airport,56.550778,-61.682224,22,NA,CA,CA-NL,Nain,yes,CYDP,YDP,CYDP,,America/Goose_Bay
1713,CYDQ,medium_airport,Dawson Creek Airport,55.741245,-120.183263,2148,NA,CA,CA-BC,Dawson Creek,no,CYDQ,YDQ,CYDQ,,America/Dawson_Creek
1716,CYEE,medium_airport,Huronia Airport,44.6833000183,-79.9282989502,770,NA,CA,CA-ON,Midland,no,,,CYEE,YEE,America/Toronto
1717,CYEG,large_airport,Edmonton International Airport,53.3097,-113.580002,2373,NA,CA,CA-AB,Edmonton,yes,CYEG,YEG,CYEG,CYEG,America/Edmonton
1718,CYEK,small_airport,Arviat Airport,61.0942,-94.070801,32,NA,CA,CA-NU,Arviat,yes,CYEK,YEK,CYEK,,America/Rankin_Inlet
1719,CYEL,medium_airport,Elliot Lake Municipal Airport,46.351398468,-82.5614013672,1087,NA,CA,CA-ON,Elliot Lake,no,CYEL,YEL,CYEL,,America/Toronto
1720,CYEM,medium_airport,Manitoulin East Municipal Airport,45.842435,-81.857595,869,NA,CA,CA-ON,Sheguiandah,no,CYEM,YEM,CYEM,,America/Toronto
1721,CYEN,medium_airport,Estevan Airport,49.2103004456,-102.966003418,1905,NA,CA,CA-SK,Estevan,no,CYEN,YEN,CYEN,,America/Regina
1722,CYER,small_airport,Fort Severn Airport,56.018902,-87.676102,48,NA,CA,CA-ON,Fort Severn,yes,CYER,YER,CYER,,America/Toronto
1724,CYET,medium_airport,Edson Airport,53.578899383499994,-116.464996338,3043,NA,CA,CA-AB,Edson,no,CYET,YET,CYET,,America/Edmonton
1726,CYEV,medium_airport,Inuvik Mike Zubko Airport,68.30419921880001,-133.483001709,224,NA,CA,CA-NT,Inuvik,yes,CYEV,YEV,CYEV,,America/Inuvik
1727,CYEY,medium_airport,Amos/Magny Airport,48.563903,-78.249702,1068,NA,CA,CA-QC,Amos,no,CYEY,YEY,CYEY,,America/Toronto
1728,CYFA,small_airport,Fort Albany Airport,52.203451,-81.695194,48,NA,CA,CA-ON,Fort Albany,yes,CYFA,YFA,CYFA,,America/Toronto
1729,CYFB,medium_airport,Iqaluit Airport,63.756402,-68.555801,110,NA,CA,CA-NU,Iqaluit,yes,CYFB,YFB,CYFB,,America/Iqaluit
1730,CYFC,medium_airport,Fredericton International Airport,45.868697,-66.529891,68,NA,CA,CA-NB,Fredericton,yes,CYFC,YFC,CYFC,,America/Moncton
1731,CYFD,medium_airport,Brantford Municipal Airport,43.131401,-80.342499,815,NA,CA,CA-ON,Brantford,no,,,CYFD,,America/Toronto
1732,CYFE,medium_airport,Forestville Airport,48.74610137939453,-69.09719848632812,293,NA,CA,CA-QC,Forestville,no,CYFE,YFE,CYFE,,America/Toronto
1733,CYFH,small_airport,Fort Hope Airport,51.561901,-87.907799,899,NA,CA,CA-ON,Fort Hope,yes,CYFH,YFH,CYFH,,America/Toronto
1734,CYFJ,medium_airport,Mont-Tremblant International Airport,46.409401,-74.779999,827,NA,CA,CA-QC,La Macaza,no,CYFJ,YTM,CYFJ,,America/Toronto
1735,CYFO,small_airport,Flin Flon Airport,54.678101,-101.681999,997,NA,CA,CA-MB,Flin Flon,yes,CYFO,YFO,CYFO,,America/Winnipeg
1736,CYFR,medium_airport,Fort Resolution Airport,61.1808013916,-113.690002441,526,NA,CA,CA-NT,Fort Resolution,no,CYFR,YFR,CYFR,,America/Edmonton
1737,CYFS,medium_airport,Fort Simpson Airport,61.76020050048828,-121.23699951171875,555,NA,CA,CA-NT,Fort Simpson,yes,CYFS,YFS,CYFS,,America/Inuvik
1738,CYFT,small_airport,Makkovik Airport,55.077335,-59.187942,234,NA,CA,CA-NL,Makkovik,yes,CYFT,YMN,CYFT,,America/Goose_Bay
1740,CYGD,medium_airport,Goderich Airport,43.7668991089,-81.7106018066,712,NA,CA,CA-ON,Goderich,no,,,CYGD,YGD,America/Toronto
1741,CYGE,medium_airport,Golden Airport,51.299196,-116.982002,2575,NA,CA,CA-BC,Golden,no,,,CYGE,,America/Edmonton
1742,CYGH,small_airport,Fort Good Hope Airport,66.240658,-128.647757,268,NA,CA,CA-NT,Fort Good Hope,yes,CYGH,YGH,CYGH,,America/Inuvik
1743,CYGK,medium_airport,Kingston Norman Rogers Airport,44.2253,-76.596901,305,NA,CA,CA-ON,Kingston,no,CYGK,YGK,CYGK,,America/Toronto
1744,CYGL,medium_airport,La Grande Rivière Airport,53.625301361083984,-77.7042007446289,639,NA,CA,CA-QC,La Grande Rivière,yes,CYGL,YGL,CYGL,,America/Toronto
1745,CYGM,medium_airport,Gimli Industrial Park Airport,50.62810134887695,-97.04329681396484,753,NA,CA,CA-MB,Gimli,no,CYGM,YGM,CYGM,,America/Winnipeg
1746,CYGO,small_airport,Gods Lake Narrows Airport,54.55768,-94.490061,617,NA,CA,CA-MB,Gods Lake Narrows,yes,CYGO,YGO,CYGO,,America/Winnipeg
1747,CYGP,medium_airport,Michel-Pouliot Gaspé Airport,48.774915,-64.481893,112,NA,CA,CA-QC,Gaspé,yes,CYGP,YGP,CYGP,,America/Toronto
1748,CYGQ,medium_airport,Geraldton Greenstone Regional Airport,49.77830123901367,-86.93939971923828,1144,NA,CA,CA-ON,Geraldton,no,CYGQ,YGQ,CYGQ,,America/Toronto
1749,CYGR,medium_airport,Îles-de-la-Madeleine Airport,47.425242,-61.778612,35,NA,CA,CA-QC,Les Îles-de-la-Madeleine,yes,CYGR,YGR,CYGR,,America/Halifax
1750,CYGT,small_airport,Igloolik Airport,69.3647,-81.816101,174,NA,CA,CA-NU,Igloolik,yes,CYGT,YGT,CYGT,,America/Iqaluit
1751,CYGV,medium_airport,Havre-Saint-Pierre Airport,50.281898,-63.611401,124,NA,CA,CA-QC,Havre-Saint-Pierre,yes,CYGV,YGV,CYGV,,America/Toronto
1752,CYGW,medium_airport,Kuujjuarapik Airport,55.281898498535156,-77.76529693603516,34,NA,CA,CA-QC,Kuujjuarapik,yes,CYGW,YGW,CYGW,,America/Iqaluit
1753,CYGX,small_airport,Gillam Airport,56.35712,-94.711504,476,NA,CA,CA-MB,Gillam,yes,CYGX,YGX,CYGX,,America/Winnipeg
1754,CYGZ,small_airport,Grise Fiord Airport,76.425823,-82.908583,146,NA,CA,CA-NU,Grise Fiord,yes,CYGZ,YGZ,CYGZ,,America/Iqaluit
1755,CYHA,small_airport,Quaqtaq Airport,61.046398,-69.617798,103,NA,CA,CA-QC,Quaqtaq,yes,CYHA,YQC,CYHA,,America/Iqaluit
28453,CYHC,seaplane_base,Vancouver Harbour Water Aerodrome,49.290739,-123.118541,,NA,CA,CA-BC,Vancouver,yes,CYHC,CXH,CYHC,,America/Vancouver
1757,CYHD,medium_airport,Dryden Regional Airport,49.831699,-92.744202,1354,NA,CA,CA-ON,Dryden,no,CYHD,YHD,CYHD,,America/Winnipeg
1759,CYHF,medium_airport,Hearst René Fontaine Municipal Airport,49.71419906616211,-83.68609619140625,827,NA,CA,CA-ON,Hearst,no,CYHF,YHF,CYHF,,America/Toronto
1760,CYHH,small_airport,Nemiscau Airport,51.691101,-76.135597,802,NA,CA,CA-QC,Nemiscau,yes,CYHH,YNS,CYHH,,America/Toronto
1761,CYHI,small_airport,Ulukhaktok Holman Airport,70.762802,-117.806,117,NA,CA,CA-NT,Ulukhaktok,yes,CYHI,YHI,CYHI,,America/Edmonton
1762,CYHK,small_airport,Gjoa Haven Airport,68.635597,-95.849701,152,NA,CA,CA-NU,Gjoa Haven,yes,CYHK,YHK,CYHK,,America/Cambridge_Bay
1763,CYHM,large_airport,John C. Munro Hamilton International Airport,43.171308,-79.929416,780,NA,CA,CA-ON,Hamilton,yes,CYHM,YHM,CYHM,,America/Toronto
1764,CYHN,medium_airport,Hornepayne Municipal Airport,49.19309997558594,-84.75890350341797,1099,NA,CA,CA-ON,Hornepayne,no,CYHN,YHN,CYHN,,America/Toronto
1765,CYHO,small_airport,Hopedale Airport,55.448757,-60.228124,39,NA,CA,CA-NL,Hopedale,yes,CYHO,YHO,CYHO,,America/Goose_Bay
1465,CYHP,small_airport,Poplar Hill Airport,52.1133,-94.2556,1095,NA,CA,CA-ON,Poplar Hill,yes,CYHP,YHP,CYHP,CPV7,America/Winnipeg
1766,CYHR,small_airport,Chevery Airport,50.468322,-59.637823,39,NA,CA,CA-QC,Chevery,yes,CYHR,YHR,CYHR,,America/Blanc-Sablon
1767,CYHT,medium_airport,Haines Junction Airport,60.7892,-137.546005,2150,NA,CA,CA-YT,Haines Junction,no,CYHT,YHT,CYHT,,America/Whitehorse
1768,CYHU,medium_airport,Montréal / Saint-Hubert Metropolitan Airport,45.517502,-73.416901,90,NA,CA,CA-QC,Montréal,yes,CYHU,YHU,CYHU,,America/Toronto
1769,CYHY,medium_airport,Hay River / Merlyn Carter Airport,60.8396987915,-115.782997131,541,NA,CA,CA-NT,Hay River,yes,CYHY,YHY,CYHY,,America/Edmonton
1770,CYHZ,large_airport,Halifax / Stanfield International Airport,44.8807983398,-63.5085983276,477,NA,CA,CA-NS,Halifax,yes,CYHZ,YHZ,CYHZ,,America/Halifax
1771,CYIB,medium_airport,Atikokan Municipal Airport,48.773899,-91.638603,1408,NA,CA,CA-ON,Atikokan,no,CYIB,YIB,CYIB,,America/Atikokan
1772,CYID,medium_airport,Digby / Annapolis Regional Airport,44.5458450365,-65.7854247093,499,NA,CA,CA-NS,Digby,no,CYID,YDG,CYID,,America/Halifax
1773,CYIF,medium_airport,St Augustin Airport,51.2117,-58.658298,20,NA,CA,CA-QC,St-Augustin,yes,CYIF,YIF,CYIF,,America/Blanc-Sablon
1774,CYIK,small_airport,Ivujivik Airport,62.417301,-77.925301,126,NA,CA,CA-QC,Ivujivik,yes,CYIK,YIK,CYIK,,America/Iqaluit
1775,CYIO,small_airport,Pond Inlet Airport,72.689494,-77.968941,181,NA,CA,CA-NU,Pond Inlet,yes,CYIO,YIO,CYIO,,America/Iqaluit
1776,CYIV,medium_airport,Island Lake Airport,53.857200622558594,-94.65360260009766,770,NA,CA,CA-MB,Island Lake,yes,CYIV,YIV,CYIV,,America/Winnipeg
1778,CYJF,medium_airport,Fort Liard Airport,60.235801696799996,-123.46900177,708,NA,CA,CA-NT,Fort Liard,no,CYJF,YJF,CYJF,,America/Inuvik
1780,CYJN,medium_airport,St Jean Airport,45.29439926147461,-73.28109741210938,136,NA,CA,CA-QC,St Jean,no,CYJN,YJN,CYJN,,America/Toronto
1784,CYKA,medium_airport,Kamloops John Moose Fulton Field Regional Airport,50.703038,-120.448641,1133,NA,CA,CA-BC,Kamloops,yes,CYKA,YKA,CYKA,,America/Vancouver
1786,CYKD,small_airport,Aklavik/Freddie Carmichael Airport,68.223297,-135.00599,23,NA,CA,CA-NT,Aklavik,yes,CYKD,LAK,CYKD,,America/Inuvik
1787,CYKF,medium_airport,Region of Waterloo International Airport,43.4608,-80.378601,1054,NA,CA,CA-ON,Breslau,yes,CYKF,YKF,CYKF,,America/Toronto
1788,CYKG,small_airport,Kangiqsujuaq (Wakeham Bay) Airport,61.5886,-71.929398,501,NA,CA,CA-QC,Kangiqsujuaq,yes,CYKG,YWB,CYKG,,America/Toronto
1789,CYKJ,medium_airport,Key Lake Airport,57.256099700927734,-105.61799621582031,1679,NA,CA,CA-SK,Key Lake,no,CYKJ,YKJ,CYKJ,,America/Regina
1790,CYKL,medium_airport,Schefferville Airport,54.805301666259766,-66.8052978515625,1709,NA,CA,CA-QC,Schefferville,yes,CYKL,YKL,CYKL,,America/Toronto
1340,CYKM,medium_airport,Kincardine Municipal Airport,44.201401,-81.606697,772,NA,CA,CA-ON,Kincardine,no,CYKM,YKD,CYKM,CYKM,
1791,CYKO,small_airport,Akulivik Airport,60.8186,-78.148598,75,NA,CA,CA-QC,Akulivik,yes,CYKO,AKV,CYKO,,America/Iqaluit
1343,CYKP,small_airport,Ogoki Post Airport,51.6585998535,-85.9017028809,594,NA,CA,CA-ON,Ogoki Post,yes,CYKP,YOG,CYKP,CYKP,America/Toronto
1792,CYKQ,small_airport,Waskaganish Airport,51.473301,-78.758301,80,NA,CA,CA-QC,Waskaganish,yes,CYKQ,YKQ,CYKQ,,America/Iqaluit
1793,CYKX,medium_airport,Kirkland Lake Airport,48.21030044555664,-79.98139953613281,1157,NA,CA,CA-ON,Kirkland Lake,no,CYKX,YKX,CYKX,,America/Toronto
1794,CYKY,medium_airport,Kindersley Airport,51.5175018311,-109.180999756,2277,NA,CA,CA-SK,Kindersley,no,CYKY,YKY,CYKY,YKY,America/Swift_Current
1796,CYLA,small_airport,Aupaluk Airport,59.2967,-69.599701,119,NA,CA,CA-QC,Aupaluk,yes,CYLA,YPJ,CYLA,,America/Toronto
1798,CYLC,small_airport,Kimmirut Airport,62.848253,-69.877853,175,NA,CA,CA-NU,Kimmirut,yes,CYLC,YLC,CYLC,,America/Iqaluit
1799,CYLD,medium_airport,Chapleau Airport,47.81999969482422,-83.3467025756836,1470,NA,CA,CA-ON,Chapleau,no,CYLD,YLD,CYLD,,America/Toronto
1800,CYLH,small_airport,Lansdowne House Airport,52.195599,-87.934196,834,NA,CA,CA-ON,Lansdowne House,yes,CYLH,YLH,CYLH,,America/Toronto
1801,CYLJ,medium_airport,Meadow Lake Airport,54.125301361083984,-108.52300262451172,1576,NA,CA,CA-SK,Meadow Lake,no,CYLJ,YLJ,CYLJ,,America/Swift_Current
1802,CYLK,small_airport,Lutselk'e Airport,62.417823,-110.682793,596,NA,CA,CA-NT,Lutselk'e,yes,CYLK,YSG,CYLK,,America/Edmonton
1803,CYLL,medium_airport,Lloydminster Airport,53.3092,-110.072998,2193,NA,CA,CA-AB,Lloydminster,yes,CYLL,YLL,CYLL,,America/Edmonton
1805,CYLR,medium_airport,Leaf Rapids Airport,56.513301849365234,-99.98529815673828,959,NA,CA,CA-MB,Leaf Rapids,no,CYLR,YLR,CYLR,,America/Winnipeg
1293,CYLS,medium_airport,Barrie-Lake Simcoe Regional Airport,44.485056,-79.554663,972,NA,CA,CA-ON,Barrie,yes,CYLS,YLK,CYLS,CYLS,America/Toronto
1806,CYLT,medium_airport,Alert Airport,82.517263,-62.283037,100,NA,CA,CA-NU,Alert,no,CYLT,YLT,CYLT,,America/Iqaluit
1807,CYLU,small_airport,Kangiqsualujjuaq (Georges River) Airport,58.711399,-65.992798,215,NA,CA,CA-QC,Kangiqsualujjuaq,yes,CYLU,XGR,CYLU,,America/Toronto
1808,CYLW,large_airport,Kelowna International Airport,49.9561,-119.377998,1421,NA,CA,CA-BC,Kelowna,yes,CYLW,YLW,CYLW,,America/Vancouver
17057,CYM,seaplane_base,Chatham Seaplane Base,57.5149,-134.945999,,NA,US,US-AK,Chatham,yes,,CYM,05AA,05AA,
1809,CYMA,medium_airport,Mayo Airport,63.61640167236328,-135.8679962158203,1653,NA,CA,CA-YT,Mayo,no,CYMA,YMA,CYMA,,America/Whitehorse
1810,CYME,medium_airport,Matane Airport,48.85689926147461,-67.45330047607422,102,NA,CA,CA-QC,Matane,no,CYME,YME,CYME,,America/Toronto
1811,CYMG,medium_airport,Manitouwadge Airport,49.083900451660156,-85.86060333251953,1198,NA,CA,CA-ON,Manitouwadge,no,CYMG,YMG,CYMG,,America/Toronto
1812,CYMH,small_airport,Mary's Harbour Airport,52.302837,-55.847433,38,NA,CA,CA-NL,Mary's Harbour,yes,CYMH,YMH,CYMH,,America/St_Johns
1813,CYMJ,medium_airport,Moose Jaw Air Vice Marshal C. M. McEwen Airport,50.330299377441406,-105.55899810791016,1892,NA,CA,CA-SK,Moose Jaw,no,CYMJ,YMJ,CYMJ,,America/Regina
1814,CYML,medium_airport,Charlevoix Airport,47.59749984741211,-70.2238998413086,977,NA,CA,CA-QC,Charlevoix,no,CYML,YML,CYML,,America/Toronto
1815,CYMM,medium_airport,Fort McMurray International Airport,56.653301,-111.222,1211,NA,CA,CA-AB,Fort McMurray,yes,CYMM,YMM,CYMM,,America/Edmonton
1816,CYMO,medium_airport,Moosonee Airport,51.291099548339844,-80.60780334472656,30,NA,CA,CA-ON,Moosonee,yes,CYMO,YMO,CYMO,,America/Toronto
1817,CYMT,medium_airport,Chapais Airport,49.77190017700195,-74.5280990600586,1270,NA,CA,CA-QC,Chibougamau,yes,CYMT,YMT,CYMT,,America/Toronto
1818,CYMU,small_airport,Umiujaq Airport,56.536098,-76.518303,250,NA,CA,CA-QC,Umiujaq,yes,CYMU,YUD,CYMU,,America/Iqaluit
1820,CYMX,medium_airport,Montreal Mirabel International Airport,45.679501,-74.038696,270,NA,CA,CA-QC,Montréal,yes,CYMX,YMX,CYMX,,America/Toronto
1822,CYNA,medium_airport,Natashquan Airport,50.190114,-61.78898,39,NA,CA,CA-QC,Natashquan,yes,CYNA,YNA,CYNA,,America/Blanc-Sablon
1823,CYNC,small_airport,Wemindji Airport,53.010601,-78.8311,66,NA,CA,CA-QC,Wemindji,yes,CYNC,YNC,CYNC,,America/Iqaluit
1824,CYND,medium_airport,Ottawa / Gatineau Airport,45.521702,-75.563599,211,NA,CA,CA-QC,Gatineau,yes,CYND,YND,CYND,CYND,America/Toronto
1825,CYNE,small_airport,Norway House Airport,53.958302,-97.8442,734,NA,CA,CA-MB,Norway House,yes,CYNE,YNE,CYNE,,America/Winnipeg
1827,CYNJ,medium_airport,Langley Airport,49.1008,-122.630997,34,NA,CA,CA-BC,Langley,no,CYNJ,YLY,CYNJ,,America/Vancouver
1828,CYNL,medium_airport,Points North Landing Airport,58.27669906616211,-104.08200073242188,1605,NA,CA,CA-SK,Points North Landing,yes,CYNL,YNL,CYNL,,America/Regina
1829,CYNM,medium_airport,Matagami Airport,49.76169967651367,-77.80280303955078,918,NA,CA,CA-QC,Matagami,no,CYNM,YNM,CYNM,,America/Toronto
1830,CYNN,medium_airport,Nejanilini Lake Airport,59.4874992371,-97.78029632570001,1000,NA,CA,CA-MB,Nejanilini Lake,no,,,CYNN,,America/Winnipeg
1832,CYOA,medium_airport,Ekati Airport,64.6988983154,-110.614997864,1536,NA,CA,CA-NT,Ekati,no,CYOA,YOA,CYOA,,America/Edmonton
1833,CYOC,small_airport,Old Crow Airport,67.570602,-139.839005,824,NA,CA,CA-YT,Old Crow,yes,CYOC,YOC,CYOC,,America/Dawson
1834,CYOD,medium_airport,CFB Cold Lake,54.404998779296875,-110.27899932861328,1775,NA,CA,CA-AB,Cold Lake,no,CYOD,YOD,CYOD,,America/Edmonton
1835,CYOH,small_airport,Oxford House Airport,54.9333,-95.2789,663,NA,CA,CA-MB,Oxford House,yes,CYOH,YOH,CYOH,,America/Winnipeg
1836,CYOJ,medium_airport,High Level Airport,58.62139892578125,-117.16500091552734,1110,NA,CA,CA-AB,High Level,yes,CYOJ,YOJ,CYOJ,,America/Edmonton
1837,CYOO,medium_airport,Oshawa Executive Airport,43.922798,-78.894997,460,NA,CA,CA-ON,Oshawa,no,CYOO,YOO,CYOO,CYOO,America/Toronto
1838,CYOP,medium_airport,Rainbow Lake Airport,58.491402,-119.407997,1759,NA,CA,CA-AB,Rainbow Lake,no,CYOP,YOP,CYOP,,America/Edmonton
1839,CYOS,medium_airport,Owen Sound / Billy Bishop Regional Airport,44.5903015137,-80.8375015259,1007,NA,CA,CA-ON,Owen Sound,no,CYOS,YOS,CYOS,,America/Toronto
1840,CYOW,large_airport,Ottawa Macdonald-Cartier International Airport,45.322498,-75.669197,374,NA,CA,CA-ON,Ottawa,yes,CYOW,YOW,CYOW,YOW,America/Toronto
1842,CYPA,medium_airport,Prince Albert Glass Field,53.214199066199996,-105.672996521,1405,NA,CA,CA-SK,Prince Albert,yes,CYPA,YPA,CYPA,,America/Regina
1843,CYPC,small_airport,Paulatuk (Nora Aliqatchialuk Ruben) Airport,69.360838,-124.07547,15,NA,CA,CA-NT,Paulatuk,yes,CYPC,YPC,CYPC,,America/Inuvik
1844,CYPD,medium_airport,Port Hawkesbury Airport,45.6567001343,-61.3680992126,377,NA,CA,CA-NS,Port Hawkesbury,no,CYPD,YPS,CYPD,,America/Glace_Bay
1845,CYPE,medium_airport,Peace River Airport,56.226898,-117.446999,1873,NA,CA,CA-AB,Peace River,yes,CYPE,YPE,CYPE,,America/Edmonton
1846,CYPG,medium_airport,Portage-la-Prairie / Southport Airport,49.903099,-98.273817,885,NA,CA,CA-MB,Portage la Prairie,no,CYPG,YPG,CYPG,,America/Winnipeg
1847,CYPH,small_airport,Inukjuak Airport,58.471901,-78.076897,83,NA,CA,CA-QC,Inukjuak,yes,CYPH,YPH,CYPH,,America/Toronto
1848,CYPK,medium_airport,Pitt Meadows Regional Airport,49.21488,-122.709294,11,NA,CA,CA-BC,Pitt Meadows,yes,CYPK,,CYPK,,America/Vancouver
1849,CYPL,medium_airport,Pickle Lake Airport,51.4463996887207,-90.21420288085938,1267,NA,CA,CA-ON,Pickle Lake,yes,CYPL,YPL,CYPL,,America/Atikokan
1850,CYPM,small_airport,Pikangikum Airport,51.819698,-93.973297,1114,NA,CA,CA-ON,Pikangikum,yes,CYPM,YPM,CYPM,,America/Winnipeg
1851,CYPN,medium_airport,Port-Menier Airport,49.836399,-64.288597,167,NA,CA,CA-QC,Port-Menier,yes,CYPN,YPN,CYPN,,America/Toronto
1852,CYPO,small_airport,Peawanuck Airport,54.987932,-85.442648,173,NA,CA,CA-ON,Peawanuck,yes,CYPO,YPO,CYPO,,America/Toronto
1854,CYPQ,medium_airport,Peterborough Regional Airport,44.232251,-78.362053,628,NA,CA,CA-ON,Peterborough,yes,CYPQ,YPQ,CYPQ,,America/Toronto
1855,CYPR,medium_airport,Prince Rupert Airport,54.286098480199996,-130.445007324,116,NA,CA,CA-BC,Prince Rupert,yes,CYPR,YPR,CYPR,,America/Vancouver
1857,CYPT,small_airport,Pelee Island Airport,41.778033,-82.674222,572,NA,CA,CA-ON,Pelee Island,yes,CYPT,,CYPT,,America/Toronto
1859,CYPW,medium_airport,Powell River Airport,49.83420181274414,-124.5,425,NA,CA,CA-BC,Powell River,yes,CYPW,YPW,CYPW,,America/Vancouver
1860,CYPX,medium_airport,Puvirnituq Airport,60.050598,-77.286903,74,NA,CA,CA-QC,Puvirnituq,yes,CYPX,YPX,CYPX,,America/Iqaluit
1861,CYPY,medium_airport,Fort Chipewyan Airport,58.7672004699707,-111.11699676513672,761,NA,CA,CA-AB,Fort Chipewyan,yes,CYPY,YPY,CYPY,,America/Edmonton
1862,CYPZ,medium_airport,Burns Lake Airport,54.3764,-125.950996,2343,NA,CA,CA-BC,Burns Lake,yes,CYPZ,YPZ,CYPZ,YPZ,America/Vancouver
1863,CYQA,medium_airport,Muskoka Airport,44.975376,-79.306546,925,NA,CA,CA-ON,Gravenhurst,yes,CYQA,YQA,CYQA,,America/Toronto
1864,CYQB,large_airport,Quebec Jean Lesage International Airport,46.7911,-71.393303,244,NA,CA,CA-QC,Quebec,yes,CYQB,YQB,CYQB,YQB,America/Toronto
1865,CYQD,medium_airport,The Pas Airport,53.97140121459961,-101.09100341796875,887,NA,CA,CA-MB,The Pas,yes,CYQD,YQD,CYQD,,America/Winnipeg
1866,CYQF,medium_airport,Red Deer Regional Airport,52.182201,-113.893997,2968,NA,CA,CA-AB,Springbrook,no,CYQF,YQF,CYQF,,America/Edmonton
1867,CYQG,large_airport,Windsor International Airport,42.2756,-82.955597,622,NA,CA,CA-ON,Windsor,yes,CYQG,YQG,CYQG,,America/Toronto
1868,CYQH,medium_airport,Watson Lake Airport,60.116839,-128.821993,2255,NA,CA,CA-YT,Watson Lake,yes,CYQH,YQH,CYQH,,America/Whitehorse
1869,CYQI,medium_airport,Yarmouth Airport,43.826900482177734,-66.08809661865234,141,NA,CA,CA-NS,Yarmouth,no,CYQI,YQI,CYQI,,America/Halifax
1870,CYQK,medium_airport,Kenora Airport,49.788299560546875,-94.36309814453125,1332,NA,CA,CA-ON,Kenora,yes,CYQK,YQK,CYQK,,America/Winnipeg
1871,CYQL,medium_airport,Lethbridge County Airport,49.6302986145,-112.800003052,3048,NA,CA,CA-AB,Lethbridge,yes,CYQL,YQL,CYQL,,America/Edmonton
1872,CYQM,medium_airport,Greater Moncton Roméo LeBlanc International Airport,46.113189,-64.67719,232,NA,CA,CA-NB,Moncton,yes,CYQM,YQM,CYQM,,America/Moncton
1873,CYQN,medium_airport,Nakina Airport,50.18280029296875,-86.69640350341797,1057,NA,CA,CA-ON,Nakina,yes,CYQN,YQN,CYQN,,America/Toronto
1874,CYQQ,medium_airport,Comox Valley International Airport / CFB Comox,49.7108,-124.887001,84,NA,CA,CA-BC,Comox,yes,CYQQ,YQQ,CYQQ,,America/Vancouver
1875,CYQR,medium_airport,Regina International Airport,50.431938,-104.660906,1894,NA,CA,CA-SK,Regina,yes,CYQR,YQR,CYQR,,America/Regina
1876,CYQS,medium_airport,St Thomas Municipal Airport,42.77000045776367,-81.11080169677734,778,NA,CA,CA-ON,St Thomas,no,CYQS,YQS,CYQS,,America/Toronto
1877,CYQT,medium_airport,Thunder Bay International Airport,48.371899,-89.323898,653,NA,CA,CA-ON,Thunder Bay,yes,CYQT,YQT,CYQT,,America/Toronto
1878,CYQU,medium_airport,Grande Prairie Airport,55.1796989441,-118.885002136,2195,NA,CA,CA-AB,Grande Prairie,yes,CYQU,YQU,CYQU,,America/Edmonton
1879,CYQV,medium_airport,Yorkton Municipal Airport,51.264702,-102.461998,1635,NA,CA,CA-SK,Yorkton,no,CYQV,YQV,CYQV,,America/Regina
1880,CYQW,medium_airport,North Battleford Airport,52.769409,-108.243742,1799,NA,CA,CA-SK,North Battleford,no,CYQW,YQW,CYQW,,America/Swift_Current
1881,CYQX,medium_airport,Gander International Airport,48.936258,-54.567719,496,NA,CA,CA-NL,Gander,yes,CYQX,YQX,CYQX,,America/St_Johns
1882,CYQY,medium_airport,Sydney / J.A. Douglas McCurdy Airport,46.161072,-60.049759,203,NA,CA,CA-NS,Sydney,yes,CYQY,YQY,CYQY,,America/Glace_Bay
1883,CYQZ,medium_airport,Quesnel Airport,53.026100158691406,-122.51000213623047,1789,NA,CA,CA-BC,Quesnel,yes,CYQZ,YQZ,CYQZ,,America/Vancouver
1884,CYRA,small_airport,Rae Lakes Airport,64.116096,-117.309998,723,NA,CA,CA-NT,Gamètì,yes,CYRA,YRA,CYRA,,America/Edmonton
1885,CYRB,medium_airport,Resolute Bay Airport,74.7169036865,-94.9693984985,215,NA,CA,CA-NU,Resolute Bay,yes,CYRB,YRB,CYRB,,America/Resolute
1887,CYRI,medium_airport,Rivière-du-Loup Airport,47.764400482177734,-69.58470153808594,427,NA,CA,CA-QC,Rivière-du-Loup,no,CYRI,YRI,CYRI,,America/Toronto
1888,CYRJ,medium_airport,Roberval Airport,48.519665,-72.265735,586,NA,CA,CA-QC,Roberval,yes,CYRJ,YRJ,CYRJ,,America/Toronto
1889,CYRL,medium_airport,Red Lake Airport,51.066898345947266,-93.79309844970703,1265,NA,CA,CA-ON,Red Lake,yes,CYRL,YRL,CYRL,,America/Winnipeg
1891,CYRO,medium_airport,Ottawa / Rockcliffe Airport,45.460496,-75.644001,188,NA,CA,CA-ON,Ottawa,yes,CYRO,YRO,CYRO,CYRO,America/Toronto
1892,CYRP,medium_airport,Ottawa / Carp Airport,45.3191986084,-76.0222015381,382,NA,CA,CA-ON,Ottawa,no,,,CYRP,YRP,America/Toronto
1893,CYRQ,medium_airport,Trois-Rivières Airport,46.35279846191406,-72.67939758300781,199,NA,CA,CA-QC,Trois-Rivières,no,CYRQ,YRQ,CYRQ,,America/Toronto
1894,CYRS,small_airport,Red Sucker Lake Airport,54.167198,-93.557198,729,NA,CA,CA-MB,Red Sucker Lake,yes,CYRS,YRS,CYRS,,America/Winnipeg
1895,CYRT,medium_airport,Rankin Inlet Airport,62.8114013672,-92.1157989502,94,NA,CA,CA-NU,Rankin Inlet,yes,CYRT,YRT,CYRT,,America/Rankin_Inlet
1896,CYRV,medium_airport,Revelstoke Airport,50.962245,-118.184258,1459,NA,CA,CA-BC,Revelstoke,no,CYRV,YRV,CYRV,,America/Vancouver
1897,CYSB,medium_airport,Sudbury Airport,46.625,-80.79889678955078,1141,NA,CA,CA-ON,Sudbury,yes,CYSB,YSB,CYSB,,America/Toronto
1898,CYSC,medium_airport,Sherbrooke Airport,45.438599,-71.691399,792,NA,CA,CA-QC,Sherbrooke,no,CYSC,YSC,CYSC,,America/Toronto
1901,CYSF,medium_airport,Stony Rapids Airport,59.250301361083984,-105.84100341796875,805,NA,CA,CA-SK,Stony Rapids,yes,CYSF,YSF,CYSF,,America/Regina
1902,CYSG,medium_airport,Saint-Georges Airport,46.096401,-70.714699,893,NA,CA,CA-QC,Saint-Georges,no,,,CYSG,,America/Toronto
1903,CYSH,medium_airport,Smiths Falls-Montague (Russ Beach) Airport,44.945801,-75.940598,416,NA,CA,CA-ON,Smiths Falls,no,CYSH,YSH,CYSH,,America/Toronto
1904,CYSJ,medium_airport,Saint John Airport,45.31610107421875,-65.89029693603516,357,NA,CA,CA-NB,Saint John,yes,CYSJ,YSJ,CYSJ,,America/Moncton
1905,CYSK,small_airport,Sanikiluaq Airport,56.536891,-79.250221,104,NA,CA,CA-NU,Sanikiluaq,yes,CYSK,YSK,CYSK,,America/Iqaluit
1906,CYSL,medium_airport,Saint-Léonard Airport,47.157097,-67.836242,793,NA,CA,CA-NB,Saint-Léonard,no,CYSL,YSL,CYSL,,America/Moncton
1907,CYSM,medium_airport,Fort Smith Airport,60.020302,-111.961998,671,NA,CA,CA-NT,Fort Smith,yes,CYSM,YSM,CYSM,,America/Edmonton
1908,CYSN,medium_airport,Niagara District Airport,43.191598,-79.171686,321,NA,CA,CA-ON,Niagara-on-the-Lake,yes,CYSN,YCM,CYSN,,America/Toronto
1909,CYSP,medium_airport,Marathon Airport,48.75529861450195,-86.34439849853516,1035,NA,CA,CA-ON,Marathon,no,CYSP,YSP,CYSP,,America/Toronto
1912,CYST,small_airport,St. Theresa Point Airport,53.845261,-94.851966,773,NA,CA,CA-MB,St. Theresa Point,yes,CYST,YST,CYST,,America/Winnipeg
1913,CYSU,medium_airport,Summerside Airport,46.440601,-63.833599,56,NA,CA,CA-PE,Slemon Park,no,CYSU,YSU,CYSU,,America/Halifax
1915,CYSY,small_airport,Sachs Harbour (David Nasogaluak Jr. Saaryuaq) Airport,71.993896,-125.242996,282,NA,CA,CA-NT,Sachs Harbour,yes,CYSY,YSY,CYSY,,America/Inuvik
1917,CYTA,medium_airport,Pembroke Airport,45.86439895629883,-77.25170135498047,529,NA,CA,CA-ON,Pembroke,no,CYTA,YTA,CYTA,,America/Toronto
1918,CYTE,small_airport,Cape Dorset Airport,64.230003,-76.526703,164,NA,CA,CA-NU,Kinngait,yes,CYTE,YTE,CYTE,,America/Iqaluit
1919,CYTF,medium_airport,Alma Airport,48.5089,-71.641899,445,NA,CA,CA-QC,Alma,no,CYTF,YTF,CYTF,,America/Toronto
1920,CYTH,medium_airport,Thompson Airport,55.80110168457031,-97.86419677734375,729,NA,CA,CA-MB,Thompson,yes,CYTH,YTH,CYTH,,America/Winnipeg
1921,CYTL,small_airport,Big Trout Lake Airport,53.817799,-89.896896,729,NA,CA,CA-ON,Big Trout Lake,yes,CYTL,YTL,CYTL,,America/Winnipeg
1923,CYTQ,small_airport,Tasiujaq Airport,58.667801,-69.955803,122,NA,CA,CA-QC,Tasiujaq,yes,CYTQ,YTQ,CYTQ,,America/Toronto
1924,CYTR,medium_airport,CFB Trenton,44.118900299072266,-77.5280990600586,283,NA,CA,CA-ON,Trenton,no,CYTR,YTR,CYTR,,America/Toronto
1925,CYTS,medium_airport,Timmins/Victor M. Power,48.569698333699996,-81.376701355,967,NA,CA,CA-ON,Timmins,yes,CYTS,YTS,CYTS,,America/Toronto
1926,CYTZ,medium_airport,Billy Bishop Toronto City Airport,43.627852,-79.39553,252,NA,CA,CA-ON,Toronto,yes,CYTZ,YTZ,CYTZ,,America/Toronto
1928,CYUL,large_airport,Montreal / Pierre Elliott Trudeau International Airport,45.467837,-73.742294,118,NA,CA,CA-QC,Montréal,yes,CYUL,YUL,CYUL,YUL,America/Toronto
1929,CYUT,small_airport,Naujaat Airport,66.521024,-86.225166,80,NA,CA,CA-NU,Repulse Bay,yes,CYUT,YUT,CYUT,,America/Rankin_Inlet
1930,CYUX,medium_airport,Hall Beach Airport,68.7761,-81.2425,30,NA,CA,CA-NU,Sanirajak,yes,CYUX,YUX,CYUX,,America/Iqaluit
1931,CYUY,medium_airport,Rouyn Noranda Airport,48.20610046386719,-78.83560180664062,988,NA,CA,CA-QC,Rouyn-Noranda,yes,CYUY,YUY,CYUY,,America/Toronto
1932,CYVB,medium_airport,Bonaventure Airport,48.071098,-65.460297,123,NA,CA,CA-QC,Bonaventure,yes,CYVB,YVB,CYVB,,America/Toronto
1933,CYVC,medium_airport,La Ronge Airport,55.151401519800004,-105.262001038,1242,NA,CA,CA-SK,La Ronge,yes,CYVC,YVC,CYVC,,America/Regina
1934,CYVD,medium_airport,Virden / RJ (Bob) Andrew Field Regional Aerodrome,49.8783,-100.917999,1454,NA,CA,CA-MB,Virden,no,,,CYVD,YVD,America/Winnipeg
1936,CYVK,medium_airport,Vernon Regional Airport,50.246163,-119.330963,1140,NA,CA,CA-BC,Vernon,no,CYVK,YVE,CYVK,,America/Vancouver
314953,CYVL,small_airport,Tommy Kochon Airport,67.02015,-126.128364,870,NA,CA,CA-NT,Colville Lake,yes,CYVL,YCK,CYVL,,America/Inuvik
1937,CYVM,small_airport,Qikiqtarjuaq Airport,67.54656,-64.03141,21,NA,CA,CA-NU,Qikiqtarjuaq,yes,CYVM,YVM,CYVM,,America/Iqaluit
1938,CYVO,medium_airport,Val-d'Or Airport,48.0532989502,-77.7827987671,1107,NA,CA,CA-QC,Val-d'Or,yes,CYVO,YVO,CYVO,,America/Toronto
1939,CYVP,medium_airport,Kuujjuaq Airport,58.096099853515625,-68.4269027709961,129,NA,CA,CA-QC,Kuujjuaq,yes,CYVP,YVP,CYVP,,America/Toronto
1940,CYVQ,medium_airport,Norman Wells Airport,65.28160095214844,-126.7979965209961,238,NA,CA,CA-NT,Norman Wells,yes,CYVQ,YVQ,CYVQ,,America/Inuvik
1941,CYVR,large_airport,Vancouver International Airport,49.193901,-123.183998,14,NA,CA,CA-BC,Vancouver,yes,CYVR,YVR,CYVR,,America/Vancouver
1943,CYVV,medium_airport,Wiarton Airport,44.7458,-81.107201,729,NA,CA,CA-ON,Wiarton,yes,CYVV,YVV,CYVV,,America/Toronto
1944,CYVZ,small_airport,Deer Lake Airport,52.655613,-94.061208,1092,NA,CA,CA-ON,Deer Lake,yes,CYVZ,YVZ,CYVZ,,America/Winnipeg
954,CYWE,small_airport,Wekweètì Airport,64.190804,-114.077002,1208,NA,CA,CA-NT,Wekweètì,yes,CYWE,YFJ,CYWE,CFJ7,America/Edmonton
1946,CYWG,large_airport,Winnipeg / James Armstrong Richardson International Airport,49.909999847399995,-97.2398986816,783,NA,CA,CA-MB,Winnipeg,yes,CYWG,YWG,CYWG,YWG,America/Winnipeg
1947,CYWH,seaplane_base,Victoria Harbour Seaplane Base,48.423782,-123.37198,,NA,CA,CA-BC,Victoria,yes,CYWH,YWH,CYWH,,America/Vancouver
1948,CYWJ,small_airport,Déline Airport,65.211098,-123.435997,703,NA,CA,CA-NT,Déline,yes,CYWJ,YWJ,CYWJ,,America/Inuvik
1949,CYWK,medium_airport,Wabush Airport,52.92190170288086,-66.8644027709961,1808,NA,CA,CA-NL,Wabush,yes,CYWK,YWK,CYWK,,America/Goose_Bay
1950,CYWL,medium_airport,Williams Lake Airport,52.1831016541,-122.054000854,3085,NA,CA,CA-BC,Williams Lake,yes,CYWL,YWL,CYWL,,America/Vancouver
1952,CYWP,small_airport,Webequie Airport,52.959393,-87.374868,685,NA,CA,CA-ON,Webequie,yes,CYWP,YWP,CYWP,,America/Toronto
1954,CYWY,medium_airport,Wrigley Airport,63.20940017700195,-123.43699645996094,489,NA,CA,CA-NT,Wrigley,no,CYWY,YWY,CYWY,,America/Inuvik
1955,CYXC,medium_airport,Cranbrook/Canadian Rockies International Airport,49.610802,-115.781998,3082,NA,CA,CA-BC,Cranbrook,yes,CYXC,YXC,CYXC,,America/Edmonton
1957,CYXE,large_airport,Saskatoon John G. Diefenbaker International Airport,52.170723,-106.700793,1653,NA,CA,CA-SK,Saskatoon,yes,CYXE,YXE,CYXE,,America/Regina
1958,CYXH,medium_airport,Medicine Hat Regional Airport,50.018902,-110.721001,2352,NA,CA,CA-AB,Medicine Hat,yes,CYXH,YXH,CYXH,,America/Edmonton
1959,CYXJ,medium_airport,Fort St John / North Peace Regional Airport,56.238098,-120.739998,2280,NA,CA,CA-BC,Fort Saint John,yes,CYXJ,YXJ,CYXJ,,America/Dawson_Creek
1960,CYXK,medium_airport,Rimouski Airport,48.477644,-68.496323,82,NA,CA,CA-QC,Rimouski,no,CYXK,YXK,CYXK,,America/Toronto
1961,CYXL,medium_airport,Sioux Lookout Airport,50.11389923095703,-91.9052963256836,1258,NA,CA,CA-ON,Sioux Lookout,yes,CYXL,YXL,CYXL,,America/Winnipeg
1962,CYXN,small_airport,Whale Cove Airport,62.240002,-92.598099,40,NA,CA,CA-NU,Whale Cove,yes,CYXN,YXN,CYXN,,America/Rankin_Inlet
1963,CYXP,small_airport,Pangnirtung Airport,66.144878,-65.713606,75,NA,CA,CA-NU,Pangnirtung,yes,CYXP,YXP,CYXP,,America/Iqaluit
1964,CYXQ,medium_airport,Beaver Creek Airport,62.410301208496094,-140.86700439453125,2131,NA,CA,CA-YT,Beaver Creek,no,CYXQ,YXQ,CYXQ,,America/Dawson
1965,CYXR,medium_airport,Earlton (Timiskaming Regional) Airport,47.697400654599996,-79.8473453522,800,NA,CA,CA-ON,Earlton,no,CYXR,YXR,CYXR,,America/Toronto
1966,CYXS,medium_airport,Prince George (International) Airport,53.884311,-122.666554,2267,NA,CA,CA-BC,Prince George,yes,CYXS,YXS,CYXS,,America/Vancouver
1967,CYXT,medium_airport,Northwest Regional Airport Terrace-Kitimat,54.468498,-128.576009,713,NA,CA,CA-BC,Terrace,yes,CYXT,YXT,CYXT,,America/Vancouver
1968,CYXU,medium_airport,London International Airport,43.032845,-81.149003,912,NA,CA,CA-ON,London,yes,CYXU,YXU,CYXU,,America/Toronto
1969,CYXX,medium_airport,Abbotsford International Airport,49.025299,-122.361,195,NA,CA,CA-BC,Abbotsford,yes,CYXX,YXX,CYXX,,America/Los_Angeles
1970,CYXY,medium_airport,Whitehorse / Erik Nielsen International Airport,60.708533,-135.065705,2317,NA,CA,CA-YT,Whitehorse,yes,CYXY,YXY,CYXY,,America/Whitehorse
1971,CYXZ,medium_airport,Wawa Airport,47.96670150756836,-84.78669738769531,942,NA,CA,CA-ON,Wawa,no,CYXZ,YXZ,CYXZ,,America/Toronto
1972,CYYB,medium_airport,North Bay Jack Garland Airport,46.363602,-79.422798,1215,NA,CA,CA-ON,North Bay,yes,CYYB,YYB,CYYB,,America/Toronto
1973,CYYC,large_airport,Calgary International Airport,51.118822,-114.009933,3557,NA,CA,CA-AB,Calgary,yes,CYYC,YYC,CYYC,,America/Edmonton
1974,CYYD,medium_airport,Smithers Airport,54.82469940185547,-127.18299865722656,1712,NA,CA,CA-BC,Smithers,yes,CYYD,YYD,CYYD,,America/Vancouver
1975,CYYE,medium_airport,Fort Nelson Airport,58.8363990784,-122.597000122,1253,NA,CA,CA-BC,Fort Nelson,yes,CYYE,YYE,CYYE,,America/Fort_Nelson
1976,CYYF,medium_airport,Penticton Airport,49.46310043334961,-119.60199737548828,1129,NA,CA,CA-BC,Penticton,yes,CYYF,YYF,CYYF,,America/Vancouver
1977,CYYG,medium_airport,Charlottetown Airport,46.288911,-63.125174,160,NA,CA,CA-PE,Charlottetown,yes,CYYG,YYG,CYYG,,America/Halifax
1978,CYYH,small_airport,Taloyoak Airport,69.5467,-93.576698,92,NA,CA,CA-NU,Taloyoak,yes,CYYH,YYH,CYYH,,America/Cambridge_Bay
1979,CYYJ,large_airport,Victoria International Airport,48.647201,-123.427792,63,NA,CA,CA-BC,Victoria,yes,CYYJ,YYJ,CYYJ,,America/Vancouver
1980,CYYL,medium_airport,Lynn Lake Airport,56.86389923095703,-101.07599639892578,1170,NA,CA,CA-MB,Lynn Lake,yes,CYYL,YYL,CYYL,,America/Winnipeg
1982,CYYN,medium_airport,Swift Current Airport,50.291900634799994,-107.691001892,2680,NA,CA,CA-SK,Swift Current,no,CYYN,YYN,CYYN,,America/Swift_Current
1984,CYYQ,medium_airport,Churchill Airport,58.739200592041016,-94.06500244140625,94,NA,CA,CA-MB,Churchill,yes,CYYQ,YYQ,CYYQ,,America/Winnipeg
1985,CYYR,medium_airport,Goose Bay Airport,53.3191986084,-60.4258003235,160,NA,CA,CA-NL,Goose Bay,yes,CYYR,YYR,CYYR,,America/Goose_Bay
1986,CYYT,large_airport,St. John's International Airport,47.618599,-52.7519,461,NA,CA,CA-NL,St. John's,yes,CYYT,YYT,CYYT,,America/St_Johns
1987,CYYU,medium_airport,Kapuskasing Airport,49.411587,-82.469645,743,NA,CA,CA-ON,Kapuskasing,no,CYYU,YYU,CYYU,,America/Toronto
1988,CYYW,medium_airport,Armstrong Airport,50.29029846191406,-88.90969848632812,1058,NA,CA,CA-ON,Armstrong,no,CYYW,YYW,CYYW,,America/Toronto
1989,CYYY,medium_airport,Mont Joli Airport,48.60860061645508,-68.20809936523438,172,NA,CA,CA-QC,Mont-Joli,yes,CYYY,YYY,CYYY,,America/Toronto
1990,CYYZ,large_airport,Toronto Pearson International Airport,43.675935,-79.629421,569,NA,CA,CA-ON,Toronto,yes,CYYZ,YYZ,CYYZ,YYZ,America/Toronto
1992,CYZE,medium_airport,Gore Bay Manitoulin Airport,45.8853,-82.567802,623,NA,CA,CA-ON,Gore Bay,no,CYZE,YZE,CYZE,,America/Toronto
1993,CYZF,medium_airport,Yellowknife International Airport,62.462799,-114.440002,675,NA,CA,CA-NT,Yellowknife,yes,CYZF,YZF,CYZF,,America/Edmonton
1994,CYZG,small_airport,Salluit Airport,62.179401,-75.667198,743,NA,CA,CA-QC,Salluit,yes,CYZG,YZG,CYZG,,America/Toronto
1995,CYZH,medium_airport,Slave Lake Airport,55.292945,-114.777276,1912,NA,CA,CA-AB,Slave Lake,no,CYZH,YZH,CYZH,,America/Edmonton
1996,CYZP,medium_airport,Sandspit Airport,53.25429916379999,-131.813995361,21,NA,CA,CA-BC,Sandspit,yes,CYZP,YZP,CYZP,,America/Vancouver
1997,CYZR,medium_airport,Chris Hadfield Airport,42.999401,-82.308899,594,NA,CA,CA-ON,Sarnia,no,CYZR,YZR,CYZR,,America/Toronto
1998,CYZS,medium_airport,Coral Harbour Airport,64.1932983398,-83.3593978882,210,NA,CA,CA-NU,Coral Harbour,yes,CYZS,YZS,CYZS,,America/Atikokan
1999,CYZT,medium_airport,Port Hardy Airport,50.680599212646484,-127.36699676513672,71,NA,CA,CA-BC,Port Hardy,yes,CYZT,YZT,CYZT,,America/Vancouver
2000,CYZU,medium_airport,Whitecourt Airport,54.143902,-115.787003,2567,NA,CA,CA-AB,Whitecourt,yes,CYZU,YZU,CYZU,,America/Edmonton
2001,CYZV,medium_airport,Sept-Îles Airport,50.22330093383789,-66.2656021118164,180,NA,CA,CA-QC,Sept-Îles,yes,CYZV,YZV,CYZV,,America/Toronto
2002,CYZW,medium_airport,Teslin Airport,60.17279815673828,-132.7429962158203,2313,NA,CA,CA-YT,Teslin,no,CYZW,YZW,CYZW,,America/Whitehorse
2003,CYZX,medium_airport,CFB Greenwood,44.98440170288086,-64.91690063476562,92,NA,CA,CA-NS,Greenwood,no,CYZX,YZX,CYZX,,America/Halifax
2004,CYZY,medium_airport,Mackenzie Airport,55.297786,-123.133907,2264,NA,CA,CA-BC,Mackenzie,no,CYZY,,CYZY,,America/Vancouver
520788,CZ-0244,medium_airport,Kostomlaty Airstrip,50.20843,14.92585,,EU,CZ,CZ-ST,,no,,,,LKKOST,
2006,CZAM,medium_airport,Shuswap Regional Airport,50.682802,-119.228996,1751,NA,CA,CA-BC,Salmon Arm,no,CZAM,YSN,CZAM,,America/Vancouver
2008,CZBB,medium_airport,Boundary Bay Airport,49.074338,-123.006877,6,NA,CA,CA-BC,Delta,no,CZBB,YDT,CZBB,,America/Vancouver
2009,CZBD,small_airport,Ilford Airport,56.051622,-95.61882,642,NA,CA,CA-MB,Ilford,yes,CZBD,ILF,CZBD,,America/Winnipeg
2010,CZBF,medium_airport,Bathurst Airport,47.6297,-65.738899,193,NA,CA,CA-NB,South Tetagouche,yes,CZBF,ZBF,CZBF,,America/Moncton
2011,CZBM,medium_airport,Bromont (Roland Désourdy) Airport,45.290798,-72.741402,375,NA,CA,CA-QC,Bromont,no,CZBM,ZBM,CZBM,,America/Toronto
2012,CZEE,medium_airport,Kelsey Airport,56.0374984741,-96.50969696039999,600,NA,CA,CA-MB,Kelsey,no,CZEE,KES,CZEE,ZEE,America/Winnipeg
2013,CZEM,small_airport,Eastmain River Airport,52.226398,-78.522499,24,NA,CA,CA-QC,Eastmain River,yes,CZEM,ZEM,CZEM,,America/Iqaluit
2014,CZFA,medium_airport,Faro Airport,62.20750045776367,-133.37600708007812,2351,NA,CA,CA-YT,Faro,no,CZFA,ZFA,CZFA,,America/Whitehorse
2015,CZFD,small_airport,Fond-du-Lac Airport,59.3344,-107.181999,814,NA,CA,CA-SK,Fond-du-Lac,yes,CZFD,ZFD,CZFD,,America/Swift_Current
2016,CZFG,small_airport,Pukatawagan Airport,55.749199,-101.265999,958,NA,CA,CA-MB,Pukatawagan,yes,CZFG,XPK,CZFG,ZFG,America/Winnipeg
2017,CZFM,small_airport,Fort Mcpherson Airport,67.406993,-134.860182,116,NA,CA,CA-NT,Fort Mcpherson,yes,CZFM,ZFM,CZFM,,America/Inuvik
2018,CZFN,small_airport,Tulita Airport,64.909496,-125.570297,332,NA,CA,CA-NT,Tulita,yes,CZFN,ZFN,CZFN,,America/Inuvik
2019,CZGF,medium_airport,Grand Forks Airport,49.015598,-118.431,1720,NA,CA,CA-BC,Grand Forks,no,CZGF,ZGF,CZGF,,America/Los_Angeles
2020,CZGI,small_airport,Gods River Airport,54.839699,-94.078598,627,NA,CA,CA-MB,Gods River,yes,CZGI,ZGI,CZGI,,America/Winnipeg
2023,CZJG,medium_airport,Jenpeg Airport,54.51890182495117,-98.04609680175781,729,NA,CA,CA-MB,Jenpeg,no,CZJG,ZJG,CZJG,,America/Winnipeg
2024,CZJN,medium_airport,Swan River Airport,52.120602,-101.236,1100,NA,CA,CA-MB,Swan River,no,CZJN,ZJN,CZJN,,America/Winnipeg
2025,CZKE,small_airport,Kashechewan Airport,52.282501,-81.677803,35,NA,CA,CA-ON,Kashechewan,yes,CZKE,ZKE,CZKE,,America/Toronto
2026,CZLQ,medium_airport,Thicket Portage Airport,55.31890106201172,-97.70780181884766,678,NA,CA,CA-MB,Thicket Portage,no,CZLQ,YTD,CZLQ,,America/Winnipeg
2027,CZMD,small_airport,Muskrat Dam Airport,53.441399,-91.762802,911,NA,CA,CA-ON,Muskrat Dam,yes,CZMD,MSA,CZMD,,America/Winnipeg
2029,CZMN,medium_airport,Pikwitonei Airport,55.58890151977539,-97.16419982910156,630,NA,CA,CA-MB,Pikwitonei,no,CZMN,PIW,CZMN,,America/Winnipeg
2030,CZMT,medium_airport,Masset Airport,54.0275,-132.125,25,NA,CA,CA-BC,Masset,yes,CZMT,ZMT,CZMT,,America/Vancouver
2033,CZPB,small_airport,Sachigo Lake Airport,53.890885,-92.195935,876,NA,CA,CA-ON,Sachigo Lake,yes,CZPB,ZPB,CZPB,,America/Winnipeg
2034,CZPC,medium_airport,Pincher Creek Airport,49.520429,-113.997002,3903,NA,CA,CA-AB,Pincher Creek,no,CZPC,WPC,CZPC,,America/Edmonton
2036,CZRJ,small_airport,Round Lake (Weagamow Lake) Airport,52.9436,-91.312798,974,NA,CA,CA-ON,Round Lake,yes,CZRJ,ZRJ,CZRJ,,America/Winnipeg
2037,CZSJ,medium_airport,Sandy Lake Airport,53.06420135498047,-93.34439849853516,951,NA,CA,CA-ON,Sandy Lake,yes,CZSJ,ZSJ,CZSJ,,America/Winnipeg
2038,CZSN,small_airport,South Indian Lake Airport,56.792801,-98.907204,951,NA,CA,CA-MB,South Indian Lake,yes,CZSN,XSI,CZSN,ZSN,America/Winnipeg
2039,CZST,medium_airport,Stewart Airport,55.935410448,-129.982434511,24,NA,CA,CA-BC,Stewart,no,CZST,ZST,CZST,CZST,America/Vancouver
2040,CZTA,small_airport,Bloodvein River Airport,51.784568,-96.692305,721,NA,CA,CA-MB,Bloodvein River,yes,CZTA,YDV,CZTA,ZTA,America/Winnipeg
2041,CZTM,small_airport,Shamattawa Airport,55.86356,-92.081137,289,NA,CA,CA-MB,Shamattawa,yes,CZTM,ZTM,CZTM,,America/Winnipeg
2042,CZUC,medium_airport,Ignace Municipal Airport,49.428204,-91.720418,1435,NA,CA,CA-ON,Ignace,no,CZUC,ZUC,CZUC,,America/Winnipeg
2043,CZUM,small_airport,Churchill Falls Airport,53.5619010925293,-64.10639953613281,1442,NA,CA,CA-NL,Churchill Falls,yes,CZUM,ZUM,CZUM,,America/Goose_Bay
2045,CZWH,small_airport,Lac Brochet Airport,58.614279,-101.468954,1211,NA,CA,CA-MB,Lac Brochet,yes,CZWH,XLB,CZWH,ZWH,America/Winnipeg
2046,CZWL,small_airport,Wollaston Lake Airport,58.106899,-103.171997,1360,NA,CA,CA-SK,Wollaston Lake,yes,CZWL,ZWL,CZWL,,America/Regina
2047,DAAB,medium_airport,Blida Airport,36.503601,2.81417,535,AF,DZ,DZ-09,Blida,no,DAAB,,DAAB,,Africa/Algiers
2048,DAAD,medium_airport,Bou Saada Airport,35.3325,4.20639,1506,AF,DZ,DZ-28,Ouled Sidi Brahim,no,DAAD,BUJ,DAAD,,Africa/Algiers
2049,DAAE,large_airport,Soummam–Abane Ramdane Airport,36.712547,5.069909,20,AF,DZ,DZ-06,Béjaïa,yes,DAAE,BJA,DAAE,BJ1,Africa/Algiers
2050,DAAG,large_airport,Houari Boumediene Airport,36.693886,3.214531,82,AF,DZ,DZ-16,Algiers,yes,DAAG,ALG,DAAG,,Africa/Algiers
2051,DAAJ,large_airport,Tiska Djanet Airport,24.285448,9.463652,3176,AF,DZ,DZ-56,Djanet,yes,DAAJ,DJG,DAAJ,,Africa/Algiers
2052,DAAK,medium_airport,Boufarik Air Base,36.545799,2.87611,335,AF,DZ,DZ-09,Boufarik,no,DAAK,,DAAK,,Africa/Algiers
2054,DAAP,medium_airport,Illizi Takhamalt Airport,26.723499,8.62265,1778,AF,DZ,DZ-33,Illizi,yes,DAAP,VVZ,DAAP,,Africa/Algiers
32193,DAAS,medium_airport,Ain Arnat Airport,36.178488,5.329909,3360,AF,DZ,DZ-19,Sétif,yes,DAAS,QSF,DAAS,,Africa/Algiers
2056,DAAT,large_airport,Aguenar – Hadj Bey Akhamok Airport,22.810992,5.450832,4518,AF,DZ,DZ-11,Tamanrasset,yes,DAAT,TMR,DAAT,,Africa/Algiers
2057,DAAV,large_airport,Jijel Ferhat Abbas Airport,36.794125,5.873652,36,AF,DZ,DZ-18,Tahir,yes,DAAV,GJL,DAAV,,Africa/Algiers
2058,DAAY,medium_airport,Mecheria Airport,33.5359,-0.242353,3855,AF,DZ,DZ-45,Mecheria,yes,DAAY,MZW,DAAY,,Africa/Algiers
2059,DAAZ,medium_airport,Relizane Airport,35.752955,0.625877,282,AF,DZ,DZ-48,Relizane,no,DAAZ,,DAAZ,,Africa/Algiers
2060,DABB,large_airport,Annaba Rabah Bitat Airport,36.826781,7.81334,16,AF,DZ,DZ-23,Annaba,yes,DABB,AAE,DABB,,Africa/Algiers
2061,DABC,large_airport,Mohamed Boudiaf International Airport,36.276001,6.62039,2265,AF,DZ,DZ-25,Constantine,yes,DABC,CZL,DABC,,Africa/Algiers
2062,DABS,medium_airport,Cheikh Larbi Tébessi Airport,35.4315986633,8.12071990967,2661,AF,DZ,DZ-12,Tébessi,yes,DABS,TEE,DABS,,Africa/Algiers
2063,DABT,large_airport,Batna Mostefa Ben Boulaid Airport,35.752102,6.30859,2697,AF,DZ,DZ-05,Batna,yes,DABT,BLJ,DABT,,Africa/Algiers
2064,DAFH,medium_airport,Hassi R'Mel Airport,32.930401,3.31154,2540,AF,DZ,DZ-03,Hassi R'Mel,no,DAFH,HRM,DAFH,,Africa/Algiers
2065,DAOB,medium_airport,Abdelhafid Boussouf Bou Chekif Airport,35.341099,1.46315,3245,AF,DZ,DZ-14,Tiaret,no,DAOB,TID,DAOB,,Africa/Algiers
2067,DAOF,medium_airport,Tindouf Airport,27.7003993988,-8.167099952700001,1453,AF,DZ,DZ-37,Tindouf,yes,DAOF,TIN,DAOF,,Africa/Algiers
2068,DAOI,large_airport,Chlef Aboubakr Belkaid International Airport,36.216614,1.341114,463,AF,DZ,DZ-02,Chlef,yes,DAOI,CFK,DAOI,,Africa/Algiers
2069,DAOL,medium_airport,Oran Tafraoui Airport,35.5424,-0.532278,367,AF,DZ,DZ-31,Tafraoui,no,DAOL,TAF,DAOL,,Africa/Algiers
2070,DAON,large_airport,Zenata – Messali El Hadj Airport,35.012732,-1.457117,814,AF,DZ,DZ-13,Zenata,yes,DAON,TLM,DAON,,Africa/Algiers
2071,DAOO,large_airport,Oran Es-Sénia (Ahmed Ben Bella) International Airport,35.620648,-0.622486,295,AF,DZ,DZ-31,Es-Sénia,yes,DAOO,ORN,DAOO,,Africa/Algiers
2072,DAOR,medium_airport,Béchar Boudghene Ben Ali Lotfi Airport,31.645700454711914,-2.269860029220581,2661,AF,DZ,DZ-08,Béchar,yes,DAOR,CBH,DAOR,,Africa/Algiers
2074,DAOV,medium_airport,Ghriss Airport,35.207699,0.147142,1686,AF,DZ,DZ-29,Ghriss,no,DAOV,MUW,DAOV,,Africa/Algiers
300333,DAOY,small_airport,El Bayadh Airport,33.721667,1.0925,4493,AF,DZ,DZ-32,El Bayadh,yes,DAOY,EBH,DAOY,,Africa/Algiers
30777,DATM,medium_airport,Bordj Badji Mokhtar Airport,21.3778,0.92698,1303,AF,DZ,DZ-52,Bordj Badji Mokhtar,yes,DATM,BMW,DATM,,Africa/Algiers
2075,DAUA,medium_airport,Touat-Cheikh Sidi Mohamed Belkebir Airport,27.837601,-0.186414,919,AF,DZ,DZ-01,Adrar,yes,DAUA,AZR,DAUA,,Africa/Algiers
2076,DAUB,large_airport,Biskra - Mohamed Khider Airport,34.79318,5.738899,289,AF,DZ,DZ-07,Biskra,yes,DAUB,BSK,DAUB,,Africa/Algiers
2077,DAUE,medium_airport,El Golea Airport,30.580732,2.861595,1306,AF,DZ,DZ-50,El Menia,yes,DAUE,ELG,DAUE,,Africa/Algiers
2078,DAUG,medium_airport,Noumérat - Moufdi Zakaria Airport,32.384102,3.79411,1512,AF,DZ,DZ-47,El Atteuf,yes,DAUG,GHA,DAUG,,Africa/Algiers
2079,DAUH,medium_airport,Hassi Messaoud-Oued Irara Krim Belkacem Airport,31.673,6.14044,463,AF,DZ,DZ-30,Hassi Messaoud,yes,DAUH,HME,DAUH,,Africa/Algiers
2080,DAUI,medium_airport,In Salah Airport,27.250999,2.51202,896,AF,DZ,DZ-57,In Salah,yes,DAUI,INZ,DAUI,,Africa/Algiers
2081,DAUK,medium_airport,Touggourt Sidi Madhi Airport,33.067799,6.08867,279,AF,DZ,DZ-55,Touggourt,yes,DAUK,TGR,DAUK,,Africa/Algiers
2082,DAUL,medium_airport,Laghouat - Molay Ahmed Medeghri Airport,33.7644,2.92834,2510,AF,DZ,DZ-03,Laghouat,yes,DAUL,LOO,DAUL,,Africa/Algiers
2083,DAUO,medium_airport,Guemar Airport - مطار قمار بالوادي,33.511398,6.77679,203,AF,DZ,DZ-39,Guemar,yes,DAUO,ELU,DAUO,,Africa/Algiers
2084,DAUT,medium_airport,Timimoun Airport,29.237101,0.276033,1027,AF,DZ,DZ-54,Timimoun,yes,DAUT,TMX,DAUT,,Africa/Algiers
2085,DAUU,medium_airport,Ain Beida Airport,31.9172,5.41278,492,AF,DZ,DZ-30,Ouargla,yes,DAUU,OGX,DAUU,,Africa/Algiers
2086,DAUZ,medium_airport,Zarzaitine - In Aménas Airport,28.0515,9.64291,1847,AF,DZ,DZ-33,In Aménas,yes,DAUZ,IAM,DAUZ,,Africa/Algiers
2087,DBBB,large_airport,Cotonou Cadjehoun International Airport,6.35723,2.38435,19,AF,BJ,BJ-AQ,Cotonou,yes,DBBB,COO,DBBB,,Africa/Porto-Novo
315622,DEX,small_airport,Nop Goliat Dekai Airport,-4.8557,139.482006,198,AS,ID,ID-PP,Dekai,yes,WAVD,DEX,WAVD,,
2088,DFFD,large_airport,Ouagadougou Thomas Sankara International Airport,12.3532,-1.51242,1037,AF,BF,BF-KAD,Ouagadougou,yes,DFFD,OUA,DFFD,,Africa/Ouagadougou
2089,DFOO,large_airport,Bobo Dioulasso Airport,11.1601,-4.33097,1511,AF,BF,BF-HOU,Bobo Dioulasso,yes,DFOO,BOY,DFOO,,Africa/Ouagadougou
2090,DGAA,large_airport,Kotoka International Airport,5.605189800262451,-0.16678600013256073,205,AF,GH,GH-AA,Accra,yes,DGAA,ACC,DGAA,,Africa/Accra
354173,DGAH,medium_airport,Ho Airport,6.579691,0.532547,356,AF,GH,GH-TV,Ho,yes,DGAH,,DGAH,HZ09,
2091,DGLE,large_airport,Yakubu Tali International Airport,9.553909,-0.86606,553,AF,GH,GH-NP,Tamale,yes,DGLE,TML,DGLE,,Africa/Accra
2093,DGSI,large_airport,Prempeh I International Airport,6.71456,-1.59082,942,AF,GH,GH-AH,Kumasi,yes,DGSI,KMS,DGSI,,Africa/Accra
2094,DGSN,medium_airport,Sunyani Airport,7.36183,-2.32876,1014,AF,GH,GH-BO,Sunyani,yes,DGSN,NYI,DGSN,,Africa/Accra
2095,DGTK,medium_airport,Takoradi Airport,4.896059989929199,-1.7747600078582764,21,AF,GH,GH-WP,Sekondi-Takoradi,yes,DGTK,TKD,DGTK,,Africa/Accra
300321,DHB,seaplane_base,Deer Harbor SPB,48.616667,-123.002778,0,NA,US,US-WA,Deer Harbor,yes,,DHB,88WA,88WA,
2096,DIAP,large_airport,Félix-Houphouët-Boigny International Airport,5.26139,-3.92629,21,AF,CI,CI-AB,Abidjan,yes,DIAP,ABJ,DIAP,,Africa/Abidjan
2097,DIBK,medium_airport,Bouaké Airport,7.7388,-5.07367,1230,AF,CI,CI-VB,Bouaké,yes,DIBK,BYK,DIBK,,Africa/Abidjan
2098,DIDL,medium_airport,Daloa Airport,6.79281,-6.47319,823,AF,CI,CI-SM,,no,DIDL,DJO,DIDL,,Africa/Abidjan
2099,DIKO,medium_airport,Korhogo Airport,9.38718,-5.55666,1214,AF,CI,CI-SV,Korhogo,yes,DIKO,HGO,DIKO,,Africa/Abidjan
2100,DIMN,medium_airport,Man Airport,7.27207,-7.58736,1089,AF,CI,CI-MG,,no,DIMN,MJC,DIMN,,Africa/Abidjan
2101,DISP,medium_airport,San Pedro Airport,4.74672,-6.66082,26,AF,CI,CI-BS,,yes,DISP,SPY,DISP,,Africa/Abidjan
2102,DIYO,large_airport,Yamoussoukro International Airport,6.90317,-5.36558,699,AF,CI,CI-YM,Yamoussoukro,no,DIYO,ASK,DIYO,,Africa/Abidjan
330383,DLR,small_airport,Dalnerechensk Airport,45.879857,133.737629,272,AS,RU,RU-PRI,Dalnerechensk,yes,,DLR,UHHD,,
17152,DM2,heliport,Diomede Heliport,65.758367,-168.953676,20,NA,US,US-AK,Diomede,yes,,DIO,PPDM,DM2,
4971,DN57,medium_airport,Umaru Musa Yar'adua Airport,13.0078,7.66045,1660,AF,NG,NG-KT,Katsina,yes,DNKT,DKA,DNKT,,
2104,DNAA,large_airport,Nnamdi Azikiwe International Airport,9.00679,7.26317,1123,AF,NG,NG-FC,Abuja,yes,DNAA,ABV,DNAA,,Africa/Lagos
309668,DNAI,medium_airport,Akwa Ibom International Airport,4.8725,8.093,170,AF,NG,NG-AK,Uyo,yes,DNAI,QUO,DNAI,,
2105,DNAK,medium_airport,Akure Airport,7.246739864349365,5.3010101318359375,1100,AF,NG,NG-ON,Akure,yes,DNAK,AKR,DNAK,,Africa/Lagos
525037,DNAN,small_airport,Chinua Achebe International Airport,6.267167,6.871333,210,AF,NG,NG-AN,Umuleri,yes,DNAN,,DNAN,,
300781,DNAS,large_airport,Asaba International Airport,6.204167,6.665278,305,AF,NG,NG-DE,Asaba,yes,DNAS,ABB,DNAS,,Africa/Lagos
323056,DNBC,large_airport,Sir Abubakar Tafawa Balewa Bauchi State International Airport,10.482833,9.744,1965,AF,NG,NG-BA,Bauchi,yes,DNBC,BCU,DNBC,,
2106,DNBE,medium_airport,Benin Airport,6.316979885101318,5.5995001792907715,258,AF,NG,NG-ED,Benin,yes,DNBE,BNI,DNBE,,Africa/Lagos
340295,DNBY,medium_airport,Bayelsa International Airport,4.95759,6.203327,67,AF,NG,NG-BY,Yenagoa,yes,DNBY,,DNBY,,
2107,DNCA,medium_airport,Margaret Ekpo International Airport,4.976019859313965,8.347200393676758,210,AF,NG,NG-CR,Calabar,yes,DNCA,CBQ,DNCA,,Africa/Lagos
2108,DNEN,large_airport,Akanu Ibiam International Airport,6.473718,7.560463,466,AF,NG,NG-EN,Enegu,yes,DNEN,ENU,DNEN,,Africa/Lagos
44578,DNGO,medium_airport,Gombe Lawanti International Airport,10.298889,10.9,1590,AF,NG,NG-GO,Gombe,yes,DNGO,GMO,DNGO,,Africa/Lagos
2109,DNGU,medium_airport,Gusau Airport,12.17286,6.696136,1520,AF,NG,NG-ZA,Gusau,no,DNGU,,DNGU,,Africa/Lagos
2110,DNIB,medium_airport,Ibadan Airport,7.362460136413574,3.97832989692688,725,AF,NG,NG-OY,Ibadan,yes,DNIB,IBA,DNIB,,Africa/Lagos
2111,DNIL,large_airport,General Tunde Idiagbon International Airport,8.44021,4.49392,1126,AF,NG,NG-KW,Ilorin/Ogbomosho,yes,DNIL,ILR,DNIL,,Africa/Lagos
2112,DNIM,medium_airport,Sam Mbakwe International Cargo Airport,5.42706,7.20603,373,AF,NG,NG-IM,Owerri,yes,DNIM,QOW,DNIM,,Africa/Lagos
2113,DNJO,medium_airport,Yakubu Gowon Airport,9.639829635620117,8.869050025939941,4232,AF,NG,NG-PL,Jos,yes,DNJO,JOS,DNJO,,Africa/Lagos
2114,DNKA,large_airport,Kaduna International Airport,10.696,7.32011,2073,AF,NG,NG-KD,Kaduna,yes,DNKA,KAD,DNKA,,Africa/Lagos
2115,DNKN,large_airport,Mallam Aminu Kano International Airport,12.045613,8.523566,1562,AF,NG,NG-KN,Kano,yes,DNKN,KAN,DNKN,,Africa/Lagos
2116,DNMA,large_airport,Maiduguri International Airport,11.854163,13.080702,1099,AF,NG,NG-BO,Maiduguri,yes,DNMA,MIU,DNMA,,Africa/Lagos
2117,DNMK,medium_airport,Makurdi Airport,7.70388,8.61394,371,AF,NG,NG-BE,Makurdi,yes,DNMK,MDI,DNMK,,Africa/Lagos
2118,DNMM,large_airport,Murtala Muhammed International Airport,6.57737,3.32116,135,AF,NG,NG-LA,Lagos,yes,DNMM,LOS,DNMM,,Africa/Lagos
2119,DNMN,medium_airport,Minna Airport,9.652170181274414,6.462259769439697,834,AF,NG,NG-NI,Minna,no,DNMN,MXJ,DNMN,,Africa/Lagos
2120,DNPO,large_airport,Port Harcourt International Airport,5.01549,6.94959,87,AF,NG,NG-RI,Port Harcourt,yes,DNPO,PHC,DNPO,,Africa/Lagos
2121,DNSO,large_airport,Sadiq Abubakar III International Airport,12.915729,5.207547,1010,AF,NG,NG-SO,Sokoto,yes,DNSO,SKO,DNSO,,Africa/Lagos
32192,DNSU,medium_airport,Warri Airport,5.59821,5.8187,242,AF,NG,NG-DE,Okpe,yes,DNSU,QRW,DNSU,,
2122,DNYO,medium_airport,Yola Airport,9.257550239562988,12.430399894714355,599,AF,NG,NG-AD,Yola,yes,DNYO,YOL,DNYO,,Africa/Lagos
2123,DNZA,medium_airport,Zaria Airport,11.1302,7.68581,2170,AF,NG,NG-KD,Zaria,no,DNZA,ZAR,DNZA,,Africa/Lagos
315624,DPT,small_airport,Deputatskiy Airport,69.392503,139.890012,950,AS,RU,RU-SA,Deputatskiy,yes,,DPT,UEBD,,
2124,DRRM,medium_airport,Maradi Airport,13.5025,7.12675,1240,AF,NE,NE-4,Maradi,no,DRRM,MFQ,DRRM,,Africa/Niamey
2125,DRRN,large_airport,Diori Hamani International Airport,13.4815,2.18361,732,AF,NE,NE-8,Niamey,yes,DRRN,NIM,DRRN,,Africa/Niamey
2126,DRRT,medium_airport,Tahoua Airport,14.8757,5.26536,1266,AF,NE,NE-5,Tahoua,no,DRRT,THZ,DRRT,,Africa/Niamey
2127,DRZA,medium_airport,Mano Dayak International Airport,16.966,8.00011,1657,AF,NE,NE-1,Agadez,no,DRZA,AJY,DRZA,,Africa/Niamey
2130,DRZR,medium_airport,Zinder Airport,13.779000282287598,8.983759880065918,1516,AF,NE,NE-7,Zinder,yes,DRZR,ZND,DRZR,,Africa/Niamey
2131,DTKA,medium_airport,Tabarka-Aïn Draham International Airport,36.98,8.87694,230,AF,TN,TN-32,Tabarka,yes,DTKA,TBJ,DTKA,,Africa/Tunis
2132,DTMB,medium_airport,Monastir Habib Bourguiba International Airport,35.75809860229492,10.75469970703125,9,AF,TN,TN-52,Monastir,yes,DTMB,MIR,DTMB,,Africa/Tunis
44483,DTNH,medium_airport,Enfidha - Hammamet International Airport,36.075833,10.438611,21,AF,TN,TN-51,Enfidha,yes,DTNH,NBE,DTNH,DTNH,Africa/Tunis
2133,DTTA,large_airport,Tunis Carthage International Airport,36.851002,10.2272,22,AF,TN,TN-11,Tunis,yes,DTTA,TUN,DTTA,,Africa/Tunis
2134,DTTB,medium_airport,Bizerte Sidi Ahmed Air Base,37.242356,9.787016,20,AF,TN,TN-23,Borj Challouf,no,DTTB,,DTTB,,Africa/Tunis
2135,DTTD,medium_airport,Remada Air Base,32.306198,10.3821,1004,AF,TN,TN-83,Remada,no,DTTD,,DTTD,,Africa/Tunis
2136,DTTF,medium_airport,Gafsa Ksar International Airport,34.422001,8.8225,1060,AF,TN,TN-71,Gafsa,no,DTTF,GAF,DTTF,,Africa/Tunis
2137,DTTG,medium_airport,Gabès Matmata International Airport,33.733691,9.91941,407,AF,TN,TN-81,Gabès,no,DTTG,GAE,DTTG,,Africa/Tunis
2139,DTTJ,large_airport,Djerba Zarzis International Airport,33.873719,10.7773,19,AF,TN,TN-82,Mellita,yes,DTTJ,DJE,DTTJ,,Africa/Tunis
2140,DTTR,medium_airport,El Borma Airport,31.7043,9.25462,827,AF,TN,TN-83,El Borma,no,DTTR,EBM,DTTR,,Africa/Tunis
2141,DTTX,medium_airport,Sfax Thyna International Airport,34.717999,10.691,85,AF,TN,TN-61,Sfax,yes,DTTX,SFA,DTTX,,Africa/Tunis
2142,DTTZ,medium_airport,Tozeur Nefta International Airport,33.939701080322266,8.110560417175293,287,AF,TN,TN-72,Tozeur,yes,DTTZ,TOE,DTTZ,,Africa/Tunis
318125,DWO,seaplane_base,Diyawanna Oya Seaplane Base,6.906585,79.909,10,AS,LK,LK-1,Sri Jayawardenepura Kotte,yes,,DWO,,,
2143,DXNG,large_airport,Niamtougou International Airport,9.766675,1.090944,1515,AF,TG,TG-K,Niamtougou,no,DXNG,LRL,DXNG,,Africa/Lome
2144,DXXX,large_airport,Lomé–Tokoin International Airport,6.16561,1.25451,72,AF,TG,TG-M,Lomé,yes,DXXX,LFW,DXXX,,Africa/Lome
354383,DZ-0016,medium_airport,Amguid Regional Airport,26.393417,5.325419,2001,AF,DZ,DZ-11,Idlès,no,,,,,
2152,EBAW,medium_airport,Antwerp International Airport (Deurne),51.190667,4.463153,39,EU,BE,BE-VAN,Antwerp,yes,EBAW,ANR,EBAW,,Europe/Brussels
2153,EBBE,medium_airport,Beauvechain Air Base,50.758598,4.76833,370,EU,BE,BE-WBR,Beauvechain,no,EBBE,,EBBE,,Europe/Brussels
2154,EBBL,medium_airport,Kleine Brogel Air Base,51.168301,5.47,200,EU,BE,BE-VLI,Kleine Brogel,no,,,EBBL,,Europe/Brussels
2155,EBBR,large_airport,Brussels Airport,50.901402,4.48444,175,EU,BE,BE-VBR,Zaventem,yes,EBBR,BRU,EBBR,,Europe/Brussels
2157,EBCI,large_airport,Brussels South Charleroi Airport,50.461963,4.459562,614,EU,BE,BE-WHT,Charleroi,yes,EBCI,CRL,EBCI,,Europe/Brussels
2158,EBCV,medium_airport,Chièvres Air Base,50.575802,3.831,194,EU,BE,BE-WHT,Chièvres,no,EBCV,,EBCV,,Europe/Brussels
2159,EBFN,medium_airport,Koksijde Air Base,51.090302,2.65278,20,EU,BE,BE-VWV,Koksijde,no,EBFN,,EBFN,,Europe/Brussels
2160,EBFS,medium_airport,Florennes Air Base,50.2433013916,4.64583015442,935,EU,BE,BE-WNA,Florennes,no,,,EBFS,,Europe/Brussels
2161,EBKT,medium_airport,Kortrijk-Wevelgem International Airport,50.818878,3.209551,55,EU,BE,BE-VWV,Wevelgem,no,EBKT,KJK,EBKT,,Europe/Brussels
2162,EBLG,medium_airport,Liège Airport,50.638574,5.443897,659,EU,BE,BE-WLG,Grâce-Hollogne,yes,EBLG,LGG,EBLG,,Europe/Brussels
2163,EBOS,large_airport,Ostend-Bruges International Airport,51.1998,2.874673,13,EU,BE,BE-VWV,Oostende,yes,EBOS,OST,EBOS,,Europe/Brussels
317873,EDA,seaplane_base,Edna Bay Seaplane Base,55.949653,-133.661012,,NA,US,US-AK,Edna Bay,yes,,EDA,,,
2184,EDAC,medium_airport,Leipzig–Altenburg Airport,50.981945,12.506389,640,EU,DE,DE-TH,Nobitz,no,EDAC,AOC,EDAC,,Europe/Berlin
2187,EDAH,medium_airport,Heringsdorf Airport,53.8787,14.1523,94,EU,DE,DE-MV,Zirchow,yes,EDAH,HDF,EDAH,,Europe/Berlin
2743,EDBN,medium_airport,Neubrandenburg Trollenhagen Airport,53.6022,13.306,228,EU,DE,DE-MV,Trollenhagen,no,EDBN,FNB,EDBN,,Europe/Berlin
2200,EDBR,medium_airport,Rothenburg/Görlitz Airfield,51.363335,14.95,515,EU,DE,DE-SN,Rothenburg/Oberlausitz,no,EDBR,,EDBR,,Europe/Berlin
301881,EDDB,large_airport,Berlin Brandenburg Airport,52.361738,13.502341,157,EU,DE,DE-BR,Berlin,yes,EDDB,BER,EDDB,,Europe/Berlin
2210,EDDC,large_airport,Dresden Airport,51.134123,13.767831,755,EU,DE,DE-SN,Dresden,yes,EDDC,DRS,EDDC,,Europe/Berlin
2211,EDDE,large_airport,Erfurt-Weimar Airport,50.978281,10.960713,1036,EU,DE,DE-TH,Erfurt,yes,EDDE,ERF,EDDE,,Europe/Berlin
2212,EDDF,large_airport,Frankfurt Main Airport,50.026706,8.55835,364,EU,DE,DE-HE,Frankfurt am Main,yes,EDDF,FRA,EDDF,,Europe/Berlin
2213,EDDG,large_airport,Münster Osnabrück Airport,52.133816,7.688482,160,EU,DE,DE-NW,Greven,yes,EDDG,FMO,EDDG,,Europe/Berlin
2214,EDDH,large_airport,Hamburg Helmut Schmidt Airport,53.630402,9.98823,53,EU,DE,DE-HH,Hamburg,yes,EDDH,HAM,EDDH,,Europe/Berlin
2216,EDDK,large_airport,Cologne Bonn Airport,50.865898,7.14274,302,EU,DE,DE-NW,Köln (Cologne),yes,EDDK,CGN,EDDK,,Europe/Berlin
2217,EDDL,large_airport,Düsseldorf Airport,51.289501,6.76678,147,EU,DE,DE-NW,Düsseldorf,yes,EDDL,DUS,EDDL,,Europe/Berlin
2218,EDDM,large_airport,Munich Airport,48.353802,11.7861,1487,EU,DE,DE-BY,Munich,yes,EDDM,MUC,EDDM,,Europe/Berlin
2219,EDDN,large_airport,Nuremberg Airport,49.498699,11.078056,1046,EU,DE,DE-BY,Nuremberg,yes,EDDN,NUE,EDDN,,Europe/Berlin
2220,EDDP,large_airport,Leipzig/Halle Airport,51.420657,12.232705,465,EU,DE,DE-SN,Schkeuditz,yes,EDDP,LEJ,EDDP,,Europe/Berlin
2221,EDDR,medium_airport,Saarbrücken Airport,49.214545,7.109735,1058,EU,DE,DE-SL,Saarbrücken,yes,EDDR,SCN,EDDR,,Europe/Berlin
2222,EDDS,large_airport,Stuttgart Airport,48.689899,9.22196,1276,EU,DE,DE-BW,Stuttgart,yes,EDDS,STR,EDDS,,Europe/Berlin
2224,EDDV,large_airport,Hannover Airport,52.461102,9.68508,183,EU,DE,DE-NI,Hannover,yes,EDDV,HAJ,EDDV,,Europe/Berlin
2225,EDDW,large_airport,Bremen Airport,53.046786,8.78932,14,EU,DE,DE-HB,Bremen,yes,EDDW,BRE,EDDW,,Europe/Berlin
2226,EDFE,medium_airport,Frankfurt-Egelsbach Airport,49.96,8.643043,384,EU,DE,DE-HE,Egelsbach,no,EDFE,,EDFE,,Europe/Berlin
2227,EDFH,large_airport,Frankfurt-Hahn Airport,49.946353,7.261734,1649,EU,DE,DE-RP,Frankfurt am Main (Lautzenhausen),yes,EDFH,HHN,EDFH,,Europe/Berlin
2228,EDFM,medium_airport,Mannheim-City Airport,49.473057,8.514167,308,EU,DE,DE-BW,Mannheim,yes,EDFM,MHG,EDFM,,Europe/Berlin
2231,EDFZ,medium_airport,Mainz-Finthen Airfield,49.967499,8.147222,760,EU,DE,DE-RP,Mainz,no,EDFZ,,EDFZ,,Europe/Berlin
2232,EDGE,medium_airport,Eisenach-Kindel Airport,50.991604,10.47973,1112,EU,DE,DE-TH,Hörselberg-Hainich,no,EDGE,EIB,EDGE,,Europe/Berlin
2233,EDGS,medium_airport,Siegerland Airport,50.707699,8.08297,1966,EU,DE,DE-NW,Burbach,no,EDGS,SGE,EDGS,,Europe/Berlin
2234,EDHI,medium_airport,Hamburg-Finkenwerder Airport,53.535278,9.835556,23,EU,DE,DE-HH,Hamburg,no,EDHI,XFW,EDHI,,Europe/Berlin
2235,EDHK,medium_airport,Kiel-Holtenau Airport,54.37957,10.145266,102,EU,DE,DE-SH,Kiel,no,EDHK,KEL,EDHK,,Europe/Berlin
2236,EDHL,medium_airport,Lübeck Blankensee Airport,53.805401,10.7192,53,EU,DE,DE-SH,Lübeck,yes,EDHL,LBC,EDHL,,Europe/Berlin
2237,EDJA,large_airport,Memmingen Allgau Airport,47.988092,10.238248,2077,EU,DE,DE-BY,Memmingen,yes,EDJA,FMM,EDJA,,Europe/Berlin
2242,EDLI,medium_airport,Bielefeld Airport,51.964722,8.544444,454,EU,DE,DE-NW,Bielefeld,no,EDLI,BFE,EDLI,,Europe/Berlin
2243,EDLN,medium_airport,Mönchengladbach Airport,51.230278,6.504444,125,EU,DE,DE-NW,Mönchengladbach,no,EDLN,MGL,EDLN,,Europe/Berlin
2244,EDLP,large_airport,Paderborn Lippstadt Airport,51.612527,8.617459,699,EU,DE,DE-NW,Büren,yes,EDLP,PAD,EDLP,,Europe/Berlin
2246,EDLV,large_airport,Weeze (Niederrhein) Airport,51.601362,6.141228,106,EU,DE,DE-NW,Weeze,yes,EDLV,NRN,EDLV,,Europe/Amsterdam
2247,EDLW,large_airport,Dortmund Airport,51.518299,7.61224,425,EU,DE,DE-NW,Dortmund,yes,EDLW,DTM,EDLW,,Europe/Berlin
2248,EDMA,medium_airport,Augsburg Airport,48.425278,10.931667,1516,EU,DE,DE-BY,Augsburg,no,EDMA,AGB,EDMA,,Europe/Berlin
28630,EDML,medium_airport,Landshut Airfield,48.512019,12.034865,1312,EU,DE,DE-BY,Landshut,no,EDML,,EDML,,Europe/Berlin
2252,EDMO,medium_airport,Oberpfaffenhofen Airport,48.081402,11.2831,1947,EU,DE,DE-BY,Weßling,no,EDMO,OBF,EDMO,,Europe/Berlin
2256,EDNY,large_airport,Bodensee Airport Friedrichshafen,47.671299,9.51149,1367,EU,DE,DE-BW,Friedrichshafen,yes,EDNY,FDH,EDNY,,Europe/Berlin
317932,EDQA,medium_airport,Bamberg-Breitenau Airfield,49.920403,10.914233,811,EU,DE,DE-BY,Bamberg,no,EDQA,,EDQA,,Europe/Berlin
2261,EDQD,medium_airport,Bayreuth Airport,49.985001,11.64,1601,EU,DE,DE-BY,Bindlach,no,EDQD,BYU,EDQD,,Europe/Berlin
2263,EDQM,medium_airport,Hof-Plauen Airport,50.288544,11.852876,1959,EU,DE,DE-BY,Hof,no,EDQM,HOQ,EDQM,,Europe/Berlin
2270,EDSB,large_airport,Karlsruhe Baden-Baden Airport,48.7794,8.0805,408,EU,DE,DE-BW,Rheinmünster,yes,EDSB,FKB,EDSB,,Europe/Berlin
2273,EDTD,medium_airport,Donaueschingen-Villingen Airfield,47.973331,8.522222,2231,EU,DE,DE-BW,Donaueschingen,no,,,EDTD,,Europe/Berlin
2276,EDTL,medium_airport,Lahr Airport,48.369301,7.82772,511,EU,DE,DE-BW,Lahr/Schwarzwald,no,EDTL,LHA,EDTL,,Europe/Berlin
2277,EDTM,medium_airport,Mengen-Hohentengen Airfield,48.05389,9.372778,1818,EU,DE,DE-BW,Mengen,no,,,EDTM,,Europe/Berlin
2278,EDTY,medium_airport,Adolf Würth Airport,49.118332,9.783889,1299,EU,DE,DE-BW,Schwäbisch Hall,no,,,EDTY,,Europe/Berlin
29094,EDUZ,medium_airport,Zerbst Airfield,52.000832,12.148611,289,EU,DE,DE-ST,Straguth,no,EDUZ,,EDUZ,,Europe/Berlin
2284,EDVE,medium_airport,Braunschweig-Wolfsburg Airport,52.319199,10.5561,295,EU,DE,DE-NI,Braunschweig,no,EDVE,BWE,EDVE,,Europe/Berlin
2285,EDVK,large_airport,Kassel Airport,51.418395,9.391638,820,EU,DE,DE-HE,Calden,yes,EDVK,KSF,EDVK,,Europe/Berlin
2288,EDWE,small_airport,Emden Airport,53.391109,7.2275,3,EU,DE,DE-NI,Emden,yes,EDWE,EME,EDWE,,Europe/Berlin
28751,EDWG,small_airport,Wangerooge Airport,53.782544,7.919584,7,EU,DE,DE-NI,Wangerooge,yes,EDWG,AGE,EDWG,,Europe/Berlin
28614,EDWJ,small_airport,Juist Airport,53.681421,7.056398,7,EU,DE,DE-NI,Juist,yes,EDWJ,JUI,EDWJ,,Europe/Berlin
2291,EDWR,small_airport,Borkum Airport,53.59639,6.709167,3,EU,DE,DE-NI,Borkum,yes,EDWR,BMK,EDWR,,Europe/Berlin
28668,EDWS,small_airport,Norden-Norddeich Airport,53.633057,7.190278,3,EU,DE,DE-NI,Norddeich,yes,EDWS,NOD,EDWS,,Europe/Berlin
2292,EDWY,small_airport,Norderney Airport,53.706944,7.23,7,EU,DE,DE-NI,Norderney,yes,EDWY,NRD,EDWY,,Europe/Berlin
28520,EDWZ,small_airport,Baltrum Airport,53.72485,7.373257,7,EU,DE,DE-NI,Baltrum,yes,EDWZ,BMR,EDWZ,,Europe/Berlin
28590,EDXB,small_airport,Heide-Büsum Airport,54.153332,8.901667,7,EU,DE,DE-SH,Oesterdeichstrich,yes,EDXB,HEI,EDXB,,Europe/Berlin
28591,EDXH,small_airport,Helgoland-Düne Airport,54.18528,7.915833,8,EU,DE,DE-SH,Helgoland,yes,EDXH,HGL,EDXH,,Europe/Berlin
28588,EDXP,small_airport,Harle Airfield,53.706669,7.820278,7,EU,DE,DE-NI,Harlesiel,yes,EDXP,,EDXP,,Europe/Berlin
2296,EDXW,medium_airport,Westerland Sylt Airport,54.9132,8.34047,51,EU,DE,DE-SH,Sylt,yes,EDXW,GWT,EDXW,,Europe/Berlin
43020,EECL,heliport,Tallinn Linnahall Heliport,59.448015,24.753313,23,EU,EE,EE-37,Tallinn,yes,EECL,CHE,EECL,,
2297,EEEI,medium_airport,Ämari Air Base,59.259599,24.204799,65,EU,EE,EE-37,Keila,no,EEEI,,EEEI,,Europe/Tallinn
2298,EEKA,medium_airport,Kärdla Airport,58.99079895019531,22.830699920654297,18,EU,EE,EE-39,Kärdla,yes,EEKA,KDL,EEKA,,Europe/Tallinn
2299,EEKE,medium_airport,Kuressaare Airport,58.22990036010742,22.50950050354004,14,EU,EE,EE-74,Kuressaare,yes,EEKE,URE,EEKE,,Europe/Tallinn
2300,EEPU,medium_airport,Pärnu Airport,58.41899871826172,24.47279930114746,47,EU,EE,EE-67,Pärnu,yes,EEPU,EPU,EEPU,,Europe/Tallinn
30355,EERU,small_airport,Ruhnu Airfield,57.78559,23.262377,10,EU,EE,EE-74,Ringsu,yes,EERU,,EERU,,Europe/Tallinn
2357,EES,large_airport,Berenice International Airport / Banas Cape Air Base,23.980437,35.460277,108,AF,EG,EG-BA,Berenice Troglodytica,no,HEBR,EES,HEBR,,
2301,EETN,large_airport,Lennart Meri Tallinn Airport,59.413246,24.83264,131,EU,EE,EE-37,Tallinn,yes,EETN,TLL,EETN,,Europe/Tallinn
2302,EETU,medium_airport,Tartu Airport,58.307438,26.686473,220,EU,EE,EE-7B,Tartu,yes,EETU,TAY,EETU,,Europe/Tallinn
2303,EFET,medium_airport,Enontekio Airport,68.362602233887,23.424299240112,1005,EU,FI,FI-10,Enontekio,yes,EFET,ENF,EFET,,Europe/Helsinki
2305,EFHA,medium_airport,Halli Airport,61.856039,24.786686,479,EU,FI,FI-08,Jämsä,no,EFHA,KEV,EFHA,,Europe/Helsinki
2307,EFHK,large_airport,Helsinki Vantaa Airport,60.318363,24.963341,179,EU,FI,FI-18,Helsinki (Vantaa),yes,EFHK,HEL,EFHK,,Europe/Helsinki
2313,EFIT,medium_airport,Kitee Airport,62.1661,30.073601,364,EU,FI,FI-13,Kitee,no,EFIT,KTQ,EFIT,,Europe/Helsinki
2314,EFIV,large_airport,Ivalo Airport,68.6073,27.4053,481,EU,FI,FI-10,Ivalo,yes,EFIV,IVL,EFIV,,Europe/Helsinki
2315,EFJO,medium_airport,Joensuu Airport,62.658815,29.619398,398,EU,FI,FI-13,Joensuu,yes,EFJO,JOE,EFJO,,Europe/Helsinki
2316,EFJY,medium_airport,Jyväskylä Airport,62.399502,25.678301,459,EU,FI,FI-08,Jyväskylän Maalaiskunta,yes,EFJY,JYV,EFJY,,Europe/Helsinki
2317,EFKA,medium_airport,Kauhava Airfield,63.127102,23.051399,151,EU,FI,FI-03,Kauhava,no,EFKA,KAU,EFKA,,Europe/Helsinki
2318,EFKE,medium_airport,Kemi-Tornio Airport,65.778701782227,24.582099914551,61,EU,FI,FI-10,Kemi / Tornio,yes,EFKE,KEM,EFKE,,Europe/Helsinki
2319,EFKI,medium_airport,Kajaani Airport,64.2855,27.6924,483,EU,FI,FI-05,Kajaani,yes,EFKI,KAJ,EFKI,,Europe/Helsinki
2320,EFKJ,medium_airport,Kauhajoki Airfield,62.463212,22.390817,407,EU,FI,FI-03,Kauhajoki,no,EFKJ,KHJ,EFKJ,,Europe/Helsinki
2321,EFKK,medium_airport,Kokkola-Pietarsaari Airport,63.721199,23.143101,84,EU,FI,FI-07,Kokkola / Kruunupyy,yes,EFKK,KOK,EFKK,,Europe/Helsinki
2324,EFKS,medium_airport,Kuusamo Airport,65.987602,29.239401,866,EU,FI,FI-14,Kuusamo,yes,EFKS,KAO,EFKS,,Europe/Helsinki
2325,EFKT,large_airport,Kittilä International Airport,67.700996,24.8468,644,EU,FI,FI-10,Kittilä,yes,EFKT,KTT,EFKT,,Europe/Helsinki
2326,EFKU,large_airport,Kuopio Airport,63.007099,27.7978,323,EU,FI,FI-15,Kuopio / Siilinjärvi,yes,EFKU,KUO,EFKU,,Europe/Helsinki
2329,EFLP,large_airport,Lappeenranta Airport,61.044601,28.144743,349,EU,FI,FI-02,Lappeenranta,yes,EFLP,LPP,EFLP,,Europe/Helsinki
2330,EFMA,medium_airport,Mariehamn Airport,60.1222,19.898199,17,EU,FI,FI-01,Mariehamn,yes,EFMA,MHQ,EFMA,,Europe/Mariehamn
2332,EFMI,medium_airport,Mikkeli Airport,61.6866,27.201799,329,EU,FI,FI-04,Mikkeli,no,EFMI,MIK,EFMI,,Europe/Helsinki
2334,EFOU,large_airport,Oulu Airport,64.930099,25.354601,47,EU,FI,FI-14,Oulu / Oulunsalo,yes,EFOU,OUL,EFOU,,Europe/Helsinki
2336,EFPO,medium_airport,Pori Airport,61.4617,21.799999,44,EU,FI,FI-17,Pori,yes,EFPO,POR,EFPO,,Europe/Helsinki
334942,EFPR,medium_airport,Helsinki East-Redstone Aerodrome,60.479167,26.593889,72,EU,FI,FI-09,Helsinki (Pyhtää),no,,,EFPR,,
2341,EFRO,large_airport,Rovaniemi Airport,66.563327,25.829751,642,EU,FI,FI-10,Rovaniemi,yes,EFRO,RVN,EFRO,,Europe/Helsinki
2343,EFSA,medium_airport,Savonlinna Airport,61.9431,28.945101,311,EU,FI,FI-04,Savonlinna,yes,EFSA,SVL,EFSA,,Europe/Helsinki
2345,EFSI,medium_airport,Seinäjoki Airport,62.692101,22.8323,302,EU,FI,FI-03,Seinäjoki / Ilmajoki,no,EFSI,SJY,EFSI,,Europe/Helsinki
2346,EFSO,medium_airport,Sodankyla Airport,67.3949966431,26.6191005707,602,EU,FI,FI-10,Sodankyla,no,EFSO,SOT,EFSO,,Europe/Helsinki
2347,EFTP,large_airport,Tampere-Pirkkala Airport,61.414101,23.604401,390,EU,FI,FI-11,Tampere / Pirkkala,yes,EFTP,TMP,EFTP,,Europe/Helsinki
2349,EFTU,large_airport,Turku Airport,60.514099,22.2628,161,EU,FI,FI-19,Turku,yes,EFTU,TKU,EFTU,,Europe/Helsinki
2350,EFUT,medium_airport,Utti Air Base,60.8964,26.9384,339,EU,FI,FI-09,Utti / Valkeala,no,EFUT,UTI,EFUT,,Europe/Helsinki
2351,EFVA,large_airport,Vaasa Airport,63.05023,21.762543,19,EU,FI,FI-12,Vaasa,yes,EFVA,VAA,EFVA,,Europe/Helsinki
2352,EFVR,medium_airport,Varkaus Airport,62.171101,27.868601,286,EU,FI,FI-04,Varkaus / Joroinen,no,EFVR,VRK,EFVR,,Europe/Helsinki
2353,EFYL,medium_airport,Ylivieska Airfield,64.054722,24.725278,252,EU,FI,FI-14,Ylivieska,no,EFYL,YLI,EFYL,,Europe/Helsinki
42469,EG-0003,medium_airport,Bilbeis 2 Airfield,30.42060089111328,31.67889976501465,,AF,EG,EG-SHR,Bilbeis,no,,,,,
2385,EGAA,large_airport,Belfast International Airport,54.6575012207,-6.2158298492399995,268,EU,GB,GB-NIR,Belfast,yes,EGAA,BFS,EGAA,,Europe/London
2386,EGAB,medium_airport,Enniskillen/St Angelo Airport,54.398274,-7.651179,155,EU,GB,GB-NIR,"Enniskillen, Fermanagh and Omagh",no,EGAB,ENK,EGAB,,Europe/London
2387,EGAC,medium_airport,George Best Belfast City Airport,54.618099,-5.8725,15,EU,GB,GB-NIR,Belfast,yes,EGAC,BHD,EGAC,,Europe/London
2388,EGAE,medium_airport,City of Derry Airport,55.042801,-7.16111,22,EU,GB,GB-NIR,"Derry, Derry and Strabane",yes,EGAE,LDY,EGAE,,Europe/London
2389,EGBB,large_airport,Birmingham Airport,52.453899,-1.74803,327,EU,GB,GB-ENG,"Birmingham, West Midlands",yes,EGBB,BHX,EGBB,,Europe/London
2392,EGBJ,medium_airport,Gloucestershire Airport,51.894199,-2.16722,101,EU,GB,GB-ENG,"Staverton, Gloucestershire",no,EGBJ,GLO,EGBJ,,Europe/London
2393,EGBN,medium_airport,Nottingham City Airport,52.919998,-1.07917,138,EU,GB,GB-ENG,"Nottingham, Nottinghamshire",no,EGBN,NQT,EGBN,,Europe/London
2398,EGCC,large_airport,Manchester Airport,53.349375,-2.279521,257,EU,GB,GB-ENG,"Manchester, Greater Manchester",yes,EGCC,MAN,EGCC,,Europe/London
2403,EGDC,medium_airport,Royal Marines Base Chivenor,51.0872,-4.15034,27,EU,GB,GB-ENG,Chivenor,no,,,EGDC,,Europe/London
2406,EGDM,medium_airport,MoD Boscombe Down,51.152199,-1.74741,407,EU,GB,GB-ENG,"Salisbury, Wiltshire",no,,,EGDM,,Europe/London
2408,EGDR,medium_airport,RNAS Culdrose,50.08610153198242,-5.255710124969482,267,EU,GB,GB-ENG,Helston,no,,,EGDR,,Europe/London
2409,EGDX,medium_airport,MOD St Athan,51.405229,-3.433254,163,EU,GB,GB-WLS,"St Athan, Vale of Glamorgan",no,EGSY,,EGSY,,Europe/London
2410,EGDY,medium_airport,RNAS Yeovilton,51.009399,-2.63882,75,EU,GB,GB-ENG,"Yeovil, Somerset",no,EGDY,YEO,EGDY,,Europe/London
2411,EGEC,medium_airport,Campbeltown Airport,55.437199,-5.68639,42,EU,GB,GB-SCT,Campbeltown,yes,EGEC,CAL,EGEC,,Europe/London
29126,EGED,medium_airport,Eday Airport,59.19060134887695,-2.7722198963165283,10,EU,GB,GB-SCT,Eday,yes,EGED,EOI,EGED,,Europe/London
29127,EGEF,small_airport,Fair Isle Airport,59.534721,-1.628509,223,EU,GB,GB-SCT,Fair Isle,yes,EGEF,FIE,EGEF,,Europe/London
44408,EGEL,small_airport,Coll Airport,56.601898,-6.61778,21,EU,GB,GB-SCT,Coll Island,yes,EGEL,COL,EGEL,,Europe/London
29129,EGEN,small_airport,North Ronaldsay Airport,59.3675003052,-2.43443989754,40,EU,GB,GB-SCT,North Ronaldsay,yes,EGEN,NRL,EGEN,,Europe/London
2412,EGEO,small_airport,Oban Airport,56.463501,-5.39967,20,EU,GB,GB-SCT,North Connel,yes,EGEO,OBN,EGEO,,Europe/London
29130,EGEP,small_airport,Papa Westray Airport,59.351012,-2.900353,91,EU,GB,GB-SCT,"Papa Westray, Orkney Islands",yes,EGEP,PPW,EGEP,,Europe/London
29131,EGER,small_airport,Stronsay Airport,59.1553,-2.64139,39,EU,GB,GB-SCT,Stronsay,yes,EGER,SOY,EGER,,Europe/London
29132,EGES,small_airport,Sanday Airport,59.250301,-2.57667,68,EU,GB,GB-SCT,Sanday,yes,EGES,NDY,EGES,,Europe/London
29133,EGET,small_airport,Lerwick / Tingwall Airport,60.1922,-1.24361,43,EU,GB,GB-SCT,"Lerwick, Shetland Islands",yes,EGET,LWK,EGET,,Europe/London
29134,EGEW,small_airport,Westray Airport,59.350475,-2.950062,29,EU,GB,GB-SCT,"Westray, Orkney Islands",yes,EGEW,WRY,EGEW,,Europe/London
44409,EGEY,small_airport,Colonsay Airstrip,56.057499,-6.24306,44,EU,GB,GB-SCT,Colonsay,yes,EGEY,CSA,EGEY,,Europe/London
2414,EGFE,medium_airport,Haverfordwest Airport,51.833099365234375,-4.9611101150512695,159,EU,GB,GB-WLS,Haverfordwest,no,EGFE,HAW,EGFE,,Europe/London
2415,EGFF,large_airport,Cardiff International Airport,51.396702,-3.34333,220,EU,GB,GB-WLS,Cardiff,yes,EGFF,CWL,EGFF,,Europe/London
2416,EGFH,medium_airport,Swansea Airport,51.601366,-4.071006,299,EU,GB,GB-WLS,Swansea,no,EGFH,SWS,EGFH,,Europe/London
2417,EGGD,large_airport,Bristol Airport,51.382326,-2.716453,622,EU,GB,GB-ENG,Bristol,yes,EGGD,BRS,EGGD,,Europe/London
2418,EGGP,large_airport,Liverpool John Lennon Airport,53.334863,-2.849637,80,EU,GB,GB-ENG,Liverpool,yes,EGGP,LPL,EGGP,,Europe/London
2419,EGGW,large_airport,London Luton Airport,51.874699,-0.368333,526,EU,GB,GB-ENG,"Luton, Luton",yes,EGGW,LTN,EGGW,,Europe/London
29139,EGHC,small_airport,Land's End Airport,50.102798,-5.67056,398,EU,GB,GB-ENG,"Land's End, Cornwall",yes,EGHC,LEQ,EGHC,,Europe/London
29140,EGHE,small_airport,St. Mary's Airport,49.913375,-6.291894,116,EU,GB,GB-ENG,"St. Mary's, Isles of Scilly",yes,EGHE,ISC,EGHE,,Europe/London
2421,EGHH,medium_airport,Bournemouth Airport,50.780483,-1.839576,38,EU,GB,GB-ENG,Bournemouth,yes,EGHH,BOH,EGHH,,Europe/London
2422,EGHI,medium_airport,Southampton Airport,50.950298,-1.3568,44,EU,GB,GB-ENG,Southampton,yes,EGHI,SOU,EGHI,,Europe/London
2423,EGHL,medium_airport,Lasham Airfield,51.18744,-1.031663,618,EU,GB,GB-ENG,"Alton, Hampshire",no,EGHL,,EGHL,,Europe/London
2404,EGHQ,medium_airport,Cornwall Airport Newquay,50.440601,-4.99541,390,EU,GB,GB-ENG,Newquay,yes,EGHQ,NQY,EGHQ,,Europe/London
35157,EGHT,heliport,Tresco Heliport,49.945599,-6.33139,20,EU,GB,GB-ENG,"Tresco, Isles of Scilly",yes,,,EGHT,,
2424,EGJA,medium_airport,Alderney Airport,49.706104,-2.21472,290,EU,GG,GG-A,Saint Anne,yes,EGJA,ACI,EGJA,,Europe/Guernsey
2425,EGJB,medium_airport,Guernsey Airport,49.435001,-2.60197,336,EU,GG,GG-G,Saint Peter Port,yes,EGJB,GCI,EGJB,,Europe/Guernsey
2426,EGJJ,medium_airport,Jersey Airport,49.207901,-2.19551,277,EU,JE,JE-U-A,St. Peter,yes,EGJJ,JER,EGJJ,,Europe/Jersey
2427,EGKA,medium_airport,Brighton City Airport,50.835602,-0.297222,7,EU,GB,GB-ENG,"Brighton, East Sussex",no,EGKA,ESH,EGKA,,Europe/London
2428,EGKB,medium_airport,London Biggin Hill Airport,51.33079910279999,0.0324999988079,598,EU,GB,GB-ENG,London,no,EGKB,BQH,EGKB,,Europe/London
2429,EGKK,large_airport,London Gatwick Airport,51.148744,-0.185739,202,EU,GB,GB-ENG,London,yes,EGKK,LGW,EGKK,,Europe/London
2430,EGLC,medium_airport,London City Airport,51.505299,0.055278,19,EU,GB,GB-ENG,London,yes,EGLC,LCY,EGLC,,Europe/London
2431,EGLF,medium_airport,Farnborough Airport,51.275799,-0.776333,238,EU,GB,GB-ENG,"Farnborough, Hampshire",no,EGLF,FAB,EGLF,,Europe/London
2433,EGLK,medium_airport,Blackbushe Airport,51.323898,-0.8475,325,EU,GB,GB-ENG,"Camberley, Surrey",no,EGLK,BBS,EGLK,,Europe/London
2434,EGLL,large_airport,London Heathrow Airport,51.470748,-0.459909,83,EU,GB,GB-ENG,London,yes,EGLL,LHR,EGLL,,Europe/London
2435,EGMC,medium_airport,London Southend Airport,51.570562,0.693627,49,EU,GB,GB-ENG,"Southend-on-Sea, Essex",yes,EGMC,SEN,EGMC,,Europe/London
2436,EGMD,medium_airport,Lydd London Ashford Airport,50.956246,0.939074,13,EU,GB,GB-ENG,"Romney Marsh, Kent",no,EGMD,LYX,EGMD,,Europe/London
2439,EGNC,medium_airport,Carlisle Lake District Airport,54.9375,-2.80917,190,EU,GB,GB-ENG,"Carlisle, Cumbria",no,EGNC,CAX,EGNC,,Europe/London
2441,EGNH,medium_airport,Blackpool Airport,53.771702,-3.02861,34,EU,GB,GB-ENG,Blackpool,no,EGNH,BLK,EGNH,,Europe/London
2442,EGNJ,medium_airport,Humberside Airport,53.576152,-0.34954,121,EU,GB,GB-ENG,"Grimsby, Lincolnshire",yes,EGNJ,HUY,EGNJ,,Europe/London
2443,EGNL,medium_airport,Barrow Walney Island Airport,54.1286111,-3.2675,173,EU,GB,GB-ENG,Barrow-in-Furness,no,EGNL,BWF,EGNL,,Europe/London
2444,EGNM,large_airport,Leeds Bradford Airport,53.865898,-1.66057,681,EU,GB,GB-ENG,"Leeds, West Yorkshire",yes,EGNM,LBA,EGNM,,Europe/London
2445,EGNO,medium_airport,Warton Aerodrome,53.745098,-2.88306,55,EU,GB,GB-ENG,Warton,no,EGNO,WRT,EGNO,,Europe/London
2446,EGNR,medium_airport,Hawarden Airport,53.178101,-2.97778,45,EU,GB,GB-WLS,Broughton,no,EGNR,CEG,EGNR,,Europe/London
2447,EGNS,large_airport,Isle of Man Airport,54.083081,-4.623871,52,EU,IM,IM-U-A,Castletown,yes,EGNS,IOM,EGNS,,Europe/Isle_of_Man
2448,EGNT,large_airport,Newcastle International Airport,55.037958,-1.689577,266,EU,GB,GB-ENG,"Newcastle upon Tyne, Tyne and Wear",yes,EGNT,NCL,EGNT,,Europe/London
2449,EGNV,medium_airport,Teesside International Airport,54.509201,-1.42941,120,EU,GB,GB-ENG,"Darlington, Durham",yes,EGNV,MME,EGNV,,Europe/London
2450,EGNX,large_airport,East Midlands Airport,52.8311,-1.32806,306,EU,GB,GB-ENG,"Nottingham, Leicestershire",yes,EGNX,EMA,EGNX,,Europe/London
30991,EGOM,medium_airport,RAF Spadeadam,55.0499992371,-2.54999995232,1066,EU,GB,GB-ENG,Spadeadam,no,,,EGOM,,Europe/London
2453,EGOS,medium_airport,RAF Shawbury,52.798199,-2.66804,249,EU,GB,GB-ENG,"Shrewsbury, Shropshire",no,EGOS,,EGOS,,Europe/London
2454,EGOV,medium_airport,Anglesey Airport,53.2481,-4.53534,37,EU,GB,GB-WLS,Angelsey,no,EGOV,VLY,EGOV,,Europe/London
2456,EGPA,medium_airport,Kirkwall Airport,58.957903,-2.905077,50,EU,GB,GB-SCT,"Kirkwall, Orkney Islands",yes,EGPA,KOI,EGPA,,Europe/London
2457,EGPB,medium_airport,Sumburgh Airport,59.878899,-1.29556,20,EU,GB,GB-SCT,"Lerwick, Shetland",yes,EGPB,LSI,EGPB,,Europe/London
2458,EGPC,medium_airport,Wick John O'Groats Airport,58.4589,-3.09306,126,EU,GB,GB-SCT,Wick,yes,EGPC,WIC,EGPC,,Europe/London
2459,EGPD,large_airport,Aberdeen International Airport,57.2019,-2.19778,215,EU,GB,GB-SCT,Aberdeen,yes,EGPD,ABZ,EGPD,,Europe/London
2460,EGPE,medium_airport,Inverness Airport,57.5425,-4.0475,31,EU,GB,GB-SCT,Inverness,yes,EGPE,INV,EGPE,,Europe/London
2461,EGPF,large_airport,Glasgow Airport,55.871899,-4.43306,26,EU,GB,GB-SCT,Glasgow,yes,EGPF,GLA,EGPF,,Europe/London
2462,EGPH,large_airport,Edinburgh Airport,55.950145,-3.372288,135,EU,GB,GB-SCT,"Ingliston, Edinburgh",yes,EGPH,EDI,EGPH,,Europe/London
2463,EGPI,medium_airport,Islay Airport,55.682708,-6.257525,56,EU,GB,GB-SCT,"Isle of Islay, Argyll and Bute",yes,EGPI,ILY,EGPI,,Europe/London
2464,EGPK,large_airport,Glasgow Prestwick Airport,55.501499,-4.577182,65,EU,GB,GB-SCT,"Prestwick, South Ayrshire",yes,EGPK,PIK,EGPK,,Europe/London
2465,EGPL,medium_airport,Benbecula Airport,57.481098,-7.36278,19,EU,GB,GB-SCT,Balivanich,yes,EGPL,BEB,EGPL,,Europe/London
2467,EGPN,medium_airport,Dundee Airport,56.452499,-3.02583,17,EU,GB,GB-SCT,Dundee,yes,EGPN,DND,EGPN,,Europe/London
2468,EGPO,medium_airport,Stornoway Airport,58.215599,-6.33111,26,EU,GB,GB-SCT,"Stornoway, Western Isles",yes,EGPO,SYY,EGPO,,Europe/London
29173,EGPR,medium_airport,Barra Airport,57.0228,-7.44306,5,EU,GB,GB-SCT,Eoligarry,yes,EGPR,BRR,EGPR,,Europe/London
2469,EGPU,medium_airport,Tiree Airport,56.499199,-6.86917,38,EU,GB,GB-SCT,"Balemartine, Argyll and Bute",yes,EGPU,TRE,EGPU,,Europe/London
2471,EGQL,medium_airport,Leuchars Station Airfield,56.37398,-2.868862,38,EU,GB,GB-SCT,"Leuchars, Fife",no,EGQL,ADX,EGQL,,Europe/London
2472,EGQS,medium_airport,RAF Lossiemouth,57.7052,-3.33917,42,EU,GB,GB-SCT,"Lossiemouth, Moray",no,EGQS,LMO,EGQS,,Europe/London
2473,EGSC,medium_airport,Cambridge City Airport,52.205002,0.175,47,EU,GB,GB-ENG,"Cambridge, Cambridgeshire",no,EGSC,CBG,EGSC,,Europe/London
2475,EGSH,medium_airport,Norwich Airport,52.6758,1.28278,118,EU,GB,GB-ENG,"Norwich, Norfolk",yes,EGSH,NWI,EGSH,,Europe/London
2476,EGSS,large_airport,London Stansted Airport,51.884998,0.235,348,EU,GB,GB-ENG,"London, Essex",yes,EGSS,STN,EGSS,,Europe/London
2480,EGTC,medium_airport,Cranfield Airport,52.072201,-0.616667,360,EU,GB,GB-ENG,"Cranfield, Central Bedfordshire",no,EGTC,,EGTC,,Europe/London
2481,EGTE,medium_airport,Exeter International Airport,50.734261,-3.413984,102,EU,GB,GB-ENG,"Exeter, Devon",yes,EGTE,EXT,EGTE,,Europe/London
2483,EGTK,medium_airport,London Oxford Airport,51.836899,-1.32,270,EU,GB,GB-ENG,"Kidlington, Oxfordshire",no,EGTK,OXF,EGTK,,Europe/London
2486,EGUB,medium_airport,RAF Benson,51.614366,-1.095991,226,EU,GB,GB-ENG,"Wallingford, Oxfordshire",no,EGUB,BEX,EGUB,,Europe/London
2487,EGUL,medium_airport,RAF Lakenheath,52.40954,0.561161,32,EU,GB,GB-ENG,"Brandon, Suffolk",no,EGUL,LKZ,EGUL,,Europe/London
2488,EGUN,medium_airport,RAF Mildenhall,52.3619,0.486406,33,EU,GB,GB-ENG,"Bury Saint Edmunds, Suffolk",no,EGUN,MHZ,EGUN,,Europe/London
2490,EGUW,medium_airport,Wattisham Airfield,52.127451,0.956189,284,EU,GB,GB-ENG,"Ipswich, Suffolk",no,,,EGUW,,Europe/London
2492,EGVA,medium_airport,RAF Fairford,51.683568,-1.789172,286,EU,GB,GB-ENG,"Fairford, Gloucestershire",no,EGVA,FFD,EGVA,,Europe/London
2493,EGVN,medium_airport,RAF Brize Norton,51.75,-1.58362,288,EU,GB,GB-ENG,"Carterton, Oxfordshire",no,EGVN,BZZ,EGVN,,Europe/London
2494,EGVO,medium_airport,RAF Odiham,51.2341,-0.942825,405,EU,GB,GB-ENG,"Hook, Hampshire",no,EGVO,ODH,EGVO,,Europe/London
2495,EGWC,medium_airport,RAF Cosford,52.640524,-2.305326,272,EU,GB,GB-ENG,"Cosford, Shropshire",no,,,EGWC,,Europe/London
2496,EGWU,medium_airport,RAF Northolt,51.553001,-0.418167,124,EU,GB,GB-ENG,"Northolt, Greater London",no,EGWU,NHT,EGWU,,Europe/London
2497,EGXC,medium_airport,RAF Coningsby,53.092999,-0.166014,25,EU,GB,GB-ENG,"Lincoln, Lincolnshire",no,EGXC,QCY,EGXC,,Europe/London
2499,EGXE,medium_airport,RAF Leeming,54.297191,-1.538944,132,EU,GB,GB-ENG,"Northallerton, North Yorkshire",no,,,EGXE,,Europe/London
2500,EGXG,medium_airport,Leeds East Airport,53.834747,-1.194678,29,EU,GB,GB-ENG,"Tadcaster, North Yorkshire",no,EGCM,,EGCM,,Europe/London
2501,EGXH,medium_airport,RAF Honington,52.342602,0.772939,174,EU,GB,GB-ENG,"Bury Saint Edmunds, Suffolk",no,EGXH,BEQ,EGXH,,Europe/London
2504,EGXT,medium_airport,RAF Wittering,52.612598,-0.476453,273,EU,GB,GB-ENG,"Peterborough, Cambridgeshire",no,EGXT,,EGXT,,Europe/London
2506,EGXW,medium_airport,RAF Waddington,53.166199,-0.523811,231,EU,GB,GB-ENG,"Lincoln, Lincolnshire",no,EGXW,WTN,EGXW,,Europe/London
2508,EGXZ,medium_airport,RAF Topcliffe,54.204116,-1.380265,92,EU,GB,GB-ENG,"Thirsk, North Yorkshire",no,,,EGXZ,,Europe/London
2509,EGYD,medium_airport,RAF Cranwell,53.027308,-0.493104,218,EU,GB,GB-ENG,"Sleaford, Lincolnshire",no,EGYD,,EGYD,,Europe/London
2510,EGYE,medium_airport,RAF Barkston Heath,52.960616,-0.559428,367,EU,GB,GB-ENG,"Grantham, Lincolnshire",no,EGYE,,EGYE,,Europe/London
2511,EGYM,medium_airport,RAF Marham,52.648395,0.550692,75,EU,GB,GB-ENG,"King's Lynn, Norfolk",no,EGYM,KNF,EGYM,,Europe/London
2512,EGYP,medium_airport,Mount Pleasant Airport / RAF Mount Pleasant,-51.822642,-58.445777,244,SA,FK,FK-U-A,Mount Pleasant,yes,EGYP,MPN,EGYP,,Atlantic/Stanley
2513,EHAM,large_airport,Amsterdam Airport Schiphol,52.308601,4.76389,-11,EU,NL,NL-NH,Amsterdam,yes,EHAM,AMS,EHAM,,Europe/Amsterdam
2514,EHBD,medium_airport,Kempen Airport Budel,51.255299,5.60139,114,EU,NL,NL-NB,Weert,no,EHBD,,,,Europe/Amsterdam
2515,EHBK,large_airport,Maastricht Aachen Airport,50.911087,5.769401,375,EU,NL,NL-LI,Maastricht,yes,EHBK,MST,EHBK,,Europe/Amsterdam
2516,EHDL,medium_airport,Deelen Air Base,52.0606,5.87306,158,EU,NL,NL-GE,Arnhem,no,EHDL,,,,Europe/Amsterdam
2518,EHEH,large_airport,Eindhoven Airport,51.4500999451,5.37452983856,74,EU,NL,NL-NB,Eindhoven,yes,EHEH,EIN,EHEH,,Europe/Amsterdam
2519,EHGG,large_airport,Groningen Airport Eelde,53.119107,6.577652,17,EU,NL,NL-DR,Groningen,yes,EHGG,GRQ,EHGG,,Europe/Amsterdam
2520,EHGR,medium_airport,Gilze Rijen Air Base,51.567402,4.93183,49,EU,NL,NL-NB,Rijen,no,EHGR,GLZ,EHGR,,Europe/Amsterdam
2521,EHKD,medium_airport,De Kooy Airfield / Den Helder Naval Air Station,52.923401,4.78062,3,EU,NL,NL-NH,Den Helder,no,EHKD,DHR,EHKD,,Europe/Amsterdam
2522,EHLE,medium_airport,Lelystad Airport,52.453188,5.514622,-13,EU,NL,NL-FL,Lelystad,no,EHLE,LEY,EHLE,,Europe/Amsterdam
2523,EHLW,medium_airport,Leeuwarden Air Base,53.228599548339844,5.760560035705566,3,EU,NL,NL-FR,Leeuwarden,no,EHLW,LWR,EHLW,,Europe/Amsterdam
2524,EHRD,large_airport,Rotterdam The Hague Airport,51.956902,4.43722,-15,EU,NL,NL-ZH,Rotterdam,yes,EHRD,RTM,EHRD,,Europe/Amsterdam
2526,EHTW,medium_airport,Twente Airport,52.275833,6.889167,114,EU,NL,NL-OV,Enschede,no,EHTW,ENS,EHTW,,Europe/Amsterdam
2528,EHVK,medium_airport,Volkel Air Base,51.657222,5.707778,72,EU,NL,NL-NB,Uden,no,EHVK,UDE,EHVK,,Europe/Amsterdam
2529,EHWO,medium_airport,Woensdrecht Air Base,51.4491,4.34203,63,EU,NL,NL-NB,Hoogerheide,no,EHWO,WOE,EHWO,,Europe/Amsterdam
27309,EICA,small_airport,Connemara Regional Airport,53.23030090332031,-9.467780113220215,70,EU,IE,IE-G,Inverin,yes,EICA,NNR,EICA,,Europe/Dublin
2530,EICK,large_airport,Cork International Airport,51.841301,-8.49111,502,EU,IE,IE-CO,Cork,yes,EICK,ORK,EICK,,Europe/Dublin
2532,EIDL,medium_airport,Donegal Airport,55.0442008972168,-8.340999603271484,30,EU,IE,IE-DL,Donegal,yes,EIDL,CFN,EIDL,,Europe/Dublin
2533,EIDW,large_airport,Dublin Airport,53.428713,-6.262121,242,EU,IE,IE-D,Dublin,yes,EIDW,DUB,EIDW,,Europe/Dublin
29221,EIIM,small_airport,Inishmore Aerodrome,53.1067008972168,-9.653610229492188,24,EU,IE,IE-G,Inis Mór,yes,EIIM,IOR,EIIM,,Europe/Dublin
29222,EIIR,small_airport,Inisheer Aerodrome,53.064701,-9.5109,40,EU,IE,IE-G,Inis Oírr,yes,EIIR,INQ,EIIR,,Europe/Dublin
2534,EIKN,large_airport,Ireland West Airport Knock,53.910439,-8.817002,665,EU,IE,IE-MO,Charlestown,yes,EIKN,NOC,EIKN,,Europe/Dublin
2535,EIKY,medium_airport,Kerry Airport,52.180901,-9.52378,112,EU,IE,IE-KY,Farranfore,yes,EIKY,KIR,EIKY,,Europe/Dublin
2536,EIME,medium_airport,Casement Air Base,53.301700592,-6.451330184940001,319,EU,IE,IE-D,Baldonnel,no,,,EIME,,Europe/Dublin
29226,EIMN,small_airport,Inishmaan Aerodrome,53.092999,-9.56806,15,EU,IE,IE-G,Inis Meáin,yes,EIMN,IIA,EIMN,,Europe/Dublin
2537,EINN,large_airport,Shannon Airport,52.702,-8.92482,46,EU,IE,IE-CE,Shannon,yes,EINN,SNN,EINN,,Europe/Dublin
2538,EISG,medium_airport,Sligo Airport,54.280200958252,-8.5992097854614,11,EU,IE,IE-SO,Sligo,no,EISG,SXL,EISG,,Europe/Dublin
2539,EIWF,medium_airport,Waterford Airport,52.187199,-7.08696,119,EU,IE,IE-WD,Waterford,no,EIWF,WAT,EIWF,,Europe/Dublin
27310,EIWT,medium_airport,Weston Airport,53.351622,-6.490357,150,EU,IE,IE-D,Leixlip,no,EIWT,,,,Europe/Dublin
317874,EJT,small_airport,Enejit Airport,6.0404,171.9846,30,OC,MH,MH-MIL,Enejit Island,yes,,EJT,,,
326142,EKAC,seaplane_base,Aarhus Seaplane Terminal,56.152602,10.25106,,EU,DK,DK-82,Aarhus,yes,,,EKAC,,
29647,EKAE,small_airport,Ærø Airfield,54.852798,10.4564,3,EU,DK,DK-83,Marstal,yes,EKAE,,EKAE,,Europe/Copenhagen
2540,EKAH,large_airport,Aarhus Airport,56.303331,10.618286,82,EU,DK,DK-82,Aarhus,yes,EKAH,AAR,EKAH,,Europe/Copenhagen
29234,EKAT,small_airport,Anholt Airfield,56.698347,11.555718,23,EU,DK,DK-82,Anholt,yes,EKAT,,EKAT,,Europe/Copenhagen
2541,EKBI,large_airport,Billund Airport,55.740335,9.157019,247,EU,DK,DK-83,Billund,yes,EKBI,BLL,EKBI,,Europe/Copenhagen
351549,EKCC,seaplane_base,København Vandflyveplads,55.69119,12.60009,,EU,DK,DK-84,,yes,,,EKCC,,
2542,EKCH,large_airport,Copenhagen Kastrup Airport,55.617900848389,12.656000137329,17,EU,DK,DK-84,Copenhagen,yes,EKCH,CPH,EKCH,,Europe/Copenhagen
2543,EKEB,medium_airport,Esbjerg Airport,55.525902,8.5534,97,EU,DK,DK-83,Esbjerg,yes,EKEB,EBJ,EKEB,,Europe/Copenhagen
44039,EKFA,heliport,Froðba Heliport,61.543701,-6.77442,77,EU,FO,FO-U-A,Froðba,yes,,,EKFA,,
2546,EKKA,medium_airport,Midtjyllands Airport / Air Base Karup,56.297139,9.104311,170,EU,DK,DK-82,Karup,yes,EKKA,KRP,EKKA,,Europe/Copenhagen
338481,EKKU,heliport,Kirkja Heliport,62.317141,-6.313314,93,EU,FO,FO-U-A,Kirkja,yes,,,EKKU,,
44040,EKKV,heliport,Klaksvík Heliport,62.217619,-6.576274,263,EU,FO,FO-U-A,Klaksvík,yes,,,EKKV,,
2547,EKLS,small_airport,Læsø Airport,57.277199,11.0001,25,EU,DK,DK-81,Læsø,yes,EKLS,BYR,EKLS,,Europe/Copenhagen
2548,EKMB,medium_airport,Lolland Falster Maribo Airport,54.699447,11.438163,16,EU,DK,DK-85,Rødby,no,EKMB,MRW,EKMB,,Europe/Copenhagen
44041,EKMS,heliport,Mykines Heliport,62.102169,-7.645934,110,EU,FO,FO-U-A,Mykines,yes,,,EKMS,,
2549,EKOD,large_airport,Odense Hans Christian Andersen Airport,55.475307,10.327206,56,EU,DK,DK-83,Odense,yes,EKOD,ODE,EKOD,,Europe/Copenhagen
2551,EKRK,medium_airport,Copenhagen Roskilde Airport,55.585602,12.1314,146,EU,DK,DK-85,Roskilde,yes,EKRK,RKE,EKRK,,Europe/Copenhagen
2552,EKRN,medium_airport,Bornholm Airport,55.063301,14.7596,52,EU,DK,DK-84,Rønne,yes,EKRN,RNN,EKRN,,Europe/Copenhagen
2553,EKSB,medium_airport,Sønderborg Airport,54.96440124511719,9.791729927062988,24,EU,DK,DK-83,Sønderborg,yes,EKSB,SGD,EKSB,,Europe/Copenhagen
2554,EKSN,medium_airport,Sindal Airport,57.503502,10.2294,92,EU,DK,DK-81,Sindal,no,EKSN,CNL,EKSN,,Europe/Copenhagen
44044,EKSO,heliport,Svínoy Heliport,62.276632,-6.341524,30,EU,FO,FO-U-A,Svínoy,yes,,,EKSO,,
2555,EKSP,medium_airport,Skrydstrup Air Base,55.221048,9.26702,141,EU,DK,DK-83,Vojens,no,EKSP,SKS,EKSP,,Europe/Copenhagen
44043,EKSR,heliport,Stóra Dímun Heliport,61.685315,-6.758303,305,EU,FO,FO-U-A,Stóra Dímun,yes,,,EKSR,,
29248,EKST,small_airport,Sydfyn (Tasinge) Airfield,55.016602,10.5633,7,EU,DK,DK-83,Svendborg,yes,EKST,,EKST,,Europe/Copenhagen
2556,EKSV,medium_airport,Skive Airport,56.550201,9.17298,74,EU,DK,DK-82,Skive,no,EKSV,SQW,EKSV,,Europe/Copenhagen
44042,EKSY,heliport,Skúvoy Heliport,61.769556,-6.80349,70,EU,FO,FO-U-A,Skúvoy,yes,,,EKSY,,
44045,EKTB,heliport,Boðanes Heliport,62.021684,-6.757452,68,EU,FO,FO-U-A,Tórshavn,yes,,,EKTB,,
2557,EKTS,medium_airport,Thisted Airport,57.068802,8.70522,23,EU,DK,DK-81,Thisted,no,EKTS,TED,EKTS,,Europe/Copenhagen
2558,EKVD,medium_airport,Kolding Vamdrup Airfield,55.436298,9.33092,143,EU,DK,DK-83,Kolding / Vamdrup,no,,,EKVD,,Europe/Copenhagen
2559,EKVG,large_airport,Vágar Airport,62.063256,-7.275782,280,EU,FO,FO-U-A,Vágar,yes,EKVG,FAE,EKVG,,Atlantic/Faroe
2561,EKVJ,medium_airport,Stauning Vestjylland  Airport,55.990101,8.35391,17,EU,DK,DK-82,Skjern,no,EKVJ,STA,EKVJ,,Europe/Copenhagen
2562,EKYT,large_airport,Aalborg Airport,57.094763,9.84993,10,EU,DK,DK-81,Aalborg,yes,EKYT,AAL,EKYT,,Europe/Copenhagen
2563,ELLX,large_airport,Luxembourg-Findel International Airport,49.626845,6.212134,1234,EU,LU,LU-L,Luxembourg,yes,ELLX,LUX,ELLX,,Europe/Luxembourg
2564,ENAL,large_airport,Ålesund Airport,62.560443,6.110845,69,EU,NO,NO-15,Ålesund,yes,ENAL,AES,ENAL,,Europe/Oslo
2565,ENAN,medium_airport,"Andøya Airport, Andenes",69.295193,16.139379,43,EU,NO,NO-18,Andenes,yes,ENAN,ANX,ENAN,,Europe/Oslo
2566,ENAT,medium_airport,Alta Airport,69.976097,23.3717,9,EU,NO,NO-56,Alta,yes,ENAT,ALF,ENAT,,Europe/Oslo
29254,ENBL,small_airport,"Førde Airport, Bringeland",61.391102,5.75694,1046,EU,NO,NO-46,Førde,yes,ENBL,FDE,ENBL,,Europe/Oslo
2568,ENBN,medium_airport,"Brønnøysund Airport, Brønnøy",65.461098,12.2175,25,EU,NO,NO-18,Brønnøy,yes,ENBN,BNN,ENBN,,Europe/Oslo
2569,ENBO,large_airport,Bodø Airport,67.269203,14.3653,42,EU,NO,NO-18,Bodø,yes,ENBO,BOO,ENBO,,Europe/Oslo
2570,ENBR,large_airport,"Bergen Airport, Flesland",60.2934,5.21814,170,EU,NO,NO-46,Bergen,yes,ENBR,BGO,ENBR,,Europe/Oslo
2571,ENBS,medium_airport,Båtsfjord Airport,70.60025,29.692612,490,EU,NO,NO-56,Båtsfjord,yes,ENBS,BJF,ENBS,,Europe/Oslo
29255,ENBV,medium_airport,Berlevåg Airport,70.871517,29.034097,42,EU,NO,NO-56,Berlevåg,yes,ENBV,BVG,ENBV,,Europe/Oslo
2572,ENCN,large_airport,Kristiansand Airport,58.204201,8.08537,57,EU,NO,NO-42,Kristiansand(Kjevik),yes,ENCN,KRS,ENCN,,Europe/Oslo
2574,ENDU,medium_airport,Bardufoss Airport,69.055801,18.5404,252,EU,NO,NO-55,Målselv,yes,ENDU,BDU,ENDU,,Europe/Oslo
2575,ENEV,large_airport,Harstad/Narvik Airport,68.491302,16.678101,84,EU,NO,NO-18,Evenes,yes,ENEV,EVE,ENEV,,Europe/Oslo
2577,ENFL,medium_airport,Florø Airport,61.583599090576,5.0247201919556,37,EU,NO,NO-46,Florø,yes,ENFL,FRO,ENFL,,Europe/Oslo
2578,ENGM,large_airport,Oslo-Gardermoen International Airport,60.193901,11.1004,681,EU,NO,NO-32,Oslo (Gardermoen),yes,ENGM,OSL,ENGM,,Europe/Oslo
2579,ENHD,medium_airport,"Haugesund Airport, Karmøy",59.345299,5.20836,86,EU,NO,NO-11,Karmøy,yes,ENHD,HAU,ENHD,,Europe/Oslo
28115,ENHF,medium_airport,Hammerfest Airport,70.679703,23.6686,266,EU,NO,NO-56,Hammerfest,yes,ENHF,HFT,ENHF,,Europe/Oslo
2580,ENHK,small_airport,Hasvik Airport,70.486702,22.1397,21,EU,NO,NO-56,Hasvik,yes,ENHK,HAA,ENHK,,Europe/Oslo
29261,ENHV,medium_airport,"Honningsvåg Airport, Valan",71.009697,25.983601,44,EU,NO,NO-56,Honningsvåg,yes,ENHV,HVG,ENHV,,Europe/Oslo
2581,ENKB,medium_airport,"Kristiansund Airport, Kvernberget",63.111801,7.82452,204,EU,NO,NO-15,Kvernberget,yes,ENKB,KSU,ENKB,,Europe/Oslo
2583,ENKR,medium_airport,"Kirkenes Airport, Høybuktmoen",69.7258,29.8913,283,EU,NO,NO-56,Kirkenes,yes,ENKR,KKN,ENKR,,Europe/Oslo
29264,ENLK,medium_airport,Leknes Airport,68.152496337891,13.609399795532,78,EU,NO,NO-18,Leknes,yes,ENLK,LKN,ENLK,,Europe/Oslo
29265,ENMH,medium_airport,Mehamn Airport,71.029701,27.8267,39,EU,NO,NO-56,Mehamn,yes,ENMH,MEH,ENMH,,Europe/Oslo
2585,ENML,medium_airport,"Molde Airport, Årø",62.744701,7.2625,10,EU,NO,NO-15,Årø,yes,ENML,MOL,ENML,,Europe/Oslo
2586,ENMS,medium_airport,"Mosjøen Airport, Kjærstad",65.783997,13.2149,237,EU,NO,NO-18,Mosjøen,yes,ENMS,MJF,ENMS,,Europe/Oslo
2587,ENNA,medium_airport,"Lakselv Airport, Banak",70.068802,24.973499,25,EU,NO,NO-56,Lakselv,yes,ENNA,LKL,ENNA,,Europe/Oslo
29267,ENNM,small_airport,Namsos Airport,64.472198,11.5786,7,EU,NO,NO-50,Namsos,yes,ENNM,OSY,ENNM,,Europe/Oslo
2588,ENNO,medium_airport,Notodden Airport,59.565071,9.213152,63,EU,NO,NO-40,Notodden,no,ENNO,NTB,ENNO,,Europe/Oslo
2589,ENOL,medium_airport,Ørland Airport,63.69889831542969,9.604000091552734,28,EU,NO,NO-50,Ørland,yes,ENOL,OLA,ENOL,,Europe/Oslo
28114,ENOV,medium_airport,"Ørsta-Volda Airport, Hovden",62.180000305176,6.0741000175476,243,EU,NO,NO-15,Ørsta,yes,ENOV,HOV,ENOV,,Europe/Oslo
29277,ENRA,medium_airport,"Mo i Rana Airport, Røssvoll",66.363899230957,14.301400184631,229,EU,NO,NO-18,Mo i Rana,yes,ENRA,MQN,ENRA,,Europe/Oslo
29278,ENRM,medium_airport,"Rørvik Airport, Ryum",64.838302612305,11.14610004425,14,EU,NO,NO-50,Rørvik,yes,ENRM,RVK,ENRM,,Europe/Oslo
2591,ENRO,medium_airport,Røros Airport,62.578399658203,11.342300415039,2054,EU,NO,NO-50,Røros,yes,ENRO,RRS,ENRO,,Europe/Oslo
29279,ENRS,small_airport,Røst Airport,67.526482,12.101575,7,EU,NO,NO-18,Røst,yes,ENRS,RET,ENRS,,Europe/Oslo
2592,ENRY,medium_airport,"Moss Airport, Rygge",59.378817,10.785439,174,EU,NO,NO-31,Oslo,no,ENRY,,ENRY,,Europe/Oslo
2593,ENSB,medium_airport,"Svalbard Airport, Longyear",78.246101,15.4656,88,EU,NO,NO-21,Longyearbyen,yes,ENSB,LYR,ENSB,,Arctic/Longyearbyen
29280,ENSD,small_airport,"Sandane Airport, Anda",61.830002,6.10583,196,EU,NO,NO-46,Sandane,yes,ENSD,SDN,ENSD,,Europe/Oslo
28116,ENSG,small_airport,"Sogndal Airport, Haukåsen",61.156101,7.13778,1633,EU,NO,NO-46,Sogndal,yes,ENSG,SOG,ENSG,,Europe/Oslo
29281,ENSH,medium_airport,"Svolvær Airport, Helle",68.243301,14.6692,27,EU,NO,NO-18,Svolvær,yes,ENSH,SVJ,ENSH,,Europe/Oslo
29282,ENSK,medium_airport,"Stokmarknes Airport, Skagen",68.578827,15.033417,11,EU,NO,NO-18,Hadsel,yes,ENSK,SKN,ENSK,,Europe/Oslo
2594,ENSN,medium_airport,Skien Airport,59.185001,9.56694,463,EU,NO,NO-40,Geiteryggen,no,ENSN,,ENSN,,Europe/Oslo
2595,ENSO,medium_airport,"Stord Airport, Sørstokken",59.791901,5.34085,160,EU,NO,NO-46,Leirvik,yes,ENSO,SRP,ENSO,,Europe/Oslo
2596,ENSR,medium_airport,Sørkjosen Airport,69.786797,20.9594,16,EU,NO,NO-55,Sørkjosen,yes,ENSR,SOJ,ENSR,,Europe/Oslo
2597,ENSS,medium_airport,"Vardø Airport, Svartnes",70.3554,31.044901,42,EU,NO,NO-56,Vardø,yes,ENSS,VAW,ENSS,,Europe/Oslo
2598,ENST,medium_airport,"Sandnessjøen Airport, Stokka",65.956802,12.4689,56,EU,NO,NO-18,Alstahaug,yes,ENST,SSJ,ENST,,Europe/Oslo
2599,ENTC,large_airport,Tromsø Airport,69.683296,18.9189,31,EU,NO,NO-55,Tromsø,yes,ENTC,TOS,ENTC,,Europe/Oslo
2600,ENTO,large_airport,"Sandefjord Airport, Torp",59.186699,10.2586,286,EU,NO,NO-39,Sandefjord(Torp),yes,ENTO,TRF,ENTO,,Europe/Oslo
2601,ENVA,large_airport,"Trondheim Airport, Værnes",63.457802,10.924,56,EU,NO,NO-50,Trondheim,yes,ENVA,TRD,ENVA,,Europe/Oslo
29284,ENVD,medium_airport,Vadsø Airport,70.0653,29.8447,127,EU,NO,NO-56,Vadsø,yes,ENVD,VDS,ENVD,,Europe/Oslo
35127,ENVR,heliport,Værøy Heliport,67.654555,12.727257,12,EU,NO,NO-18,Værøy,yes,,VRY,ENVR,,
2602,ENZV,large_airport,"Stavanger Airport, Sola",58.876701,5.63778,29,EU,NO,NO-11,Stavanger,yes,ENZV,SVG,ENZV,,Europe/Oslo
2604,EPBY,medium_airport,Ignacy Jan Paderewski Bydgoszcz Airport,53.096802,17.977699,235,EU,PL,PL-KP,Bydgoszcz,yes,EPBY,BZG,EPBY,,Europe/Warsaw
2605,EPCE,medium_airport,Cewice Naval Air Base,54.416525,17.765734,495,EU,PL,PL-PM,Siemirowice,no,EPCE,,EPCE,,Europe/Warsaw
2607,EPDE,medium_airport,Deblin Military Air Base,51.551021,21.892322,392,EU,PL,PL-LU,Dęblin,no,EPDE,,EPDE,,Europe/Warsaw
2608,EPGD,large_airport,Gdańsk Lech Wałęsa Airport,54.377602,18.4662,489,EU,PL,PL-PM,Gdańsk,yes,EPGD,GDN,EPGD,,Europe/Warsaw
29975,EPIR,medium_airport,Inowroclaw Military Air Base,52.829399,18.330601,259,EU,PL,PL-KP,,no,EPIR,,EPIR,,Europe/Warsaw
2609,EPKK,large_airport,Kraków John Paul II International Airport,50.077702,19.7848,791,EU,PL,PL-MA,Balice,yes,EPKK,KRK,EPKK,,Europe/Warsaw
2612,EPKS,medium_airport,Krzesiny Military Air Base,52.331699,16.9664,265,EU,PL,PL-WP,Poznań,no,,,EPKS,,Europe/Warsaw
2613,EPKT,large_airport,Katowice Wojciech Korfanty International Airport,50.476015,19.080705,995,EU,PL,PL-SL,Katowice,yes,EPKT,KTW,EPKT,,Europe/Warsaw
309484,EPLB,large_airport,Lublin Airport,51.240157,22.713461,633,EU,PL,PL-LU,Lublin,yes,EPLB,LUZ,EPLB,,Europe/Warsaw
2615,EPLK,medium_airport,Łask Air Base,51.551701,19.1791,633,EU,PL,PL-LD,Łask,no,,,EPLK,,Europe/Warsaw
2616,EPLL,large_airport,Łódź Władysław Reymont Airport,51.721901,19.3981,604,EU,PL,PL-LD,Łódź,yes,EPLL,LCJ,EPLL,,Europe/Warsaw
31015,EPLY,medium_airport,Leźnica Wielka Air Base,52.004945,19.143792,404,EU,PL,PL-LD,Leźnica Wielka,no,EPLY,,EPLY,,Europe/Warsaw
2618,EPMB,medium_airport,Malbork Królewo Air Base,54.026598,19.135718,16,EU,PL,PL-PM,Królewo,no,,,EPMB,,Europe/Warsaw
2619,EPMI,medium_airport,Miroslawiec Military Air Base,53.3951,16.0828,459,EU,PL,PL-ZP,Mirosławiec,no,,,EPMI,,Europe/Warsaw
2621,EPMM,medium_airport,Minsk Mazowiecki Military Air Base,52.1954994202,21.6558990479,604,EU,PL,PL-MZ,,no,,,EPMM,,Europe/Warsaw
2622,EPMO,large_airport,Warsaw Modlin Airport,52.451099,20.6518,341,EU,PL,PL-MZ,Nowy Dwór Mazowiecki,yes,EPMO,WMI,EPMO,,Europe/Warsaw
2625,EPPO,large_airport,Poznań-Ławica Airport,52.421598,16.823359,308,EU,PL,PL-WP,Poznań,yes,EPPO,POZ,EPPO,,Europe/Warsaw
2627,EPPW,medium_airport,Powidz Military Air Base,52.380087,17.853155,371,EU,PL,PL-WP,Powidz,no,,,EPPW,,Europe/Warsaw
2628,EPRA,medium_airport,Warsaw Radom Airport,51.38937,21.214742,610,EU,PL,PL-MZ,Radom,yes,EPRA,RDO,EPRA,,Europe/Warsaw
2629,EPRZ,large_airport,Rzeszów-Jasionka Airport,50.109791,22.024155,693,EU,PL,PL-PK,Jasionka,yes,EPRZ,RZE,EPRZ,,Europe/Warsaw
2630,EPSC,large_airport,Solidarity Szczecin–Goleniów Airport,53.584702,14.9022,154,EU,PL,PL-ZP,Szczecin(Glewice),yes,EPSC,SZZ,EPSC,,Europe/Warsaw
2633,EPSN,medium_airport,Swidwin Military Air Base,53.7906,15.8263,394,EU,PL,PL-ZP,,no,EPSN,,EPSN,,Europe/Warsaw
2635,EPSY,medium_airport,Olsztyn-Mazury Airport,53.481899,20.9377,463,EU,PL,PL-WN,Szymany,yes,EPSY,SZY,EPSY,,Europe/Warsaw
31016,EPTM,medium_airport,Tomaszów Mazowiecki Military Air Base,51.5844,20.097799,571,EU,PL,PL-LD,Nowy Glinnik,no,EPTM,,EPTM,,Europe/Warsaw
2637,EPWA,large_airport,Warsaw Chopin Airport,52.165699,20.9671,362,EU,PL,PL-MZ,Warsaw,yes,EPWA,WAW,EPWA,,Europe/Warsaw
2638,EPWR,large_airport,Copernicus Wrocław Airport,51.103719,16.882096,404,EU,PL,PL-DS,Wrocław,yes,EPWR,WRO,EPWR,,Europe/Warsaw
2639,EPZG,medium_airport,Zielona Góra-Babimost Airport,52.1385,15.7986,194,EU,PL,PL-LB,Nowe Kramsko,yes,EPZG,IEG,EPZG,,Europe/Warsaw
320825,ES-0109,medium_airport,Folgueroles Airfield,41.9527,2.3072,1670,EU,ES,ES-CT,Folgueroles,no,,,,,
571720,ES-0353,heliport,Madroñalejos Forest Fire fighting Heliport,37.537024,-6.295778,408,EU,ES,ES-AN,Aznalcóllar,yes,,,,,
2643,ESCF,medium_airport,Malmen Air Base,58.397666,15.522422,308,EU,SE,SE-E,Linköping,no,ESCF,,ESCF,,Europe/Stockholm
2646,ESDF,medium_airport,Ronneby Airport,56.266701,15.265,191,EU,SE,SE-K,Ronneby,yes,ESDF,RNB,ESDF,,Europe/Stockholm
2647,ESFR,medium_airport,Råda Air Base,58.4981,13.0532,230,EU,SE,SE-Q,Råda,no,ESFR,,ESFR,,Europe/Stockholm
2648,ESGG,large_airport,Göteborg Landvetter Airport,57.6628,12.2798,506,EU,SE,SE-Q,Göteborg,yes,ESGG,GOT,ESGG,,Europe/Stockholm
2649,ESGJ,medium_airport,Jönköping Airport,57.757598876953125,14.068699836730957,741,EU,SE,SE-F,Jönköping,yes,ESGJ,JKG,ESGJ,,Europe/Stockholm
2652,ESGP,medium_airport,Säve Airport,57.7747,11.8704,59,EU,SE,SE-Q,Göteborg,no,ESGP,GSE,ESGP,,Europe/Stockholm
2653,ESGR,medium_airport,Skövde Airport,58.456402,13.9727,324,EU,SE,SE-Q,Skövde,no,ESGR,KVB,ESGR,,Europe/Stockholm
2654,ESGT,medium_airport,Trollhättan-Vänersborg Airport,58.31809997558594,12.345000267028809,137,EU,SE,SE-Q,Trollhättan,yes,ESGT,THN,ESGT,,Europe/Stockholm
2656,ESIB,medium_airport,Såtenäs Air Base,58.426399,12.7144,181,EU,SE,SE-Q,Såtenäs,no,,,ESIB,,Europe/Stockholm
2658,ESKK,medium_airport,Karlskoga Airport,59.345901,14.4959,407,EU,SE,SE-T,Karlskoga,no,ESKK,KSK,ESKK,,Europe/Stockholm
2659,ESKM,medium_airport,Mora Airport,60.957901,14.5114,634,EU,SE,SE-W,Mora,yes,ESKM,MXX,ESKM,,Europe/Stockholm
2660,ESKN,large_airport,Stockholm Skavsta Airport,58.789656,16.911479,140,EU,SE,SE-D,Nyköping,yes,ESKN,NYO,ESKN,,Europe/Stockholm
316498,ESKS,large_airport,Scandinavian Mountains Airport,61.16508,12.83352,1608,EU,SE,SE-W,Malung-Sälen,yes,ESKS,SCR,ESKS,,Europe/Stockholm
2664,ESMK,medium_airport,Kristianstad Airport,55.9217,14.0855,76,EU,SE,SE-M,Kristianstad,no,ESMK,KID,ESMK,,Europe/Stockholm
2668,ESMQ,medium_airport,Kalmar Airport,56.685501,16.2876,17,EU,SE,SE-H,Kalmar,yes,ESMQ,KLR,ESMQ,,Europe/Stockholm
2669,ESMS,large_airport,Malmö Sturup Airport,55.535564,13.376327,236,EU,SE,SE-M,Malmö,yes,ESMS,MMX,ESMS,,Europe/Stockholm
2670,ESMT,medium_airport,Halmstad Airport,56.69110107421875,12.820199966430664,101,EU,SE,SE-N,Halmstad,yes,ESMT,HAD,ESMT,,Europe/Stockholm
2672,ESMX,medium_airport,Växjö Kronoberg Airport,56.929100036621094,14.727999687194824,610,EU,SE,SE-G,Växjö,yes,ESMX,VXO,ESMX,,Europe/Stockholm
2675,ESND,small_airport,Sveg Airport,62.047798,14.4229,1178,EU,SE,SE-Z,Sveg,yes,ESND,EVG,ESND,,Europe/Stockholm
2676,ESNG,medium_airport,Gällivare Airport,67.13240051269531,20.814599990844727,1027,EU,SE,SE-BD,Gällivare,yes,ESNG,GEV,ESNG,,Europe/Stockholm
2679,ESNK,medium_airport,Kramfors-Sollefteå Höga Kusten Airport,63.048599,17.7689,34,EU,SE,SE-Y,Nyland,yes,ESNK,KRF,ESNK,,Europe/Stockholm
2680,ESNL,medium_airport,Lycksele Airport,64.548302,18.7162,705,EU,SE,SE-AC,Lycksele,yes,ESNL,LYC,ESNL,,Europe/Stockholm
2682,ESNN,medium_airport,Sundsvall-Härnösand Airport,62.528099060058594,17.443899154663086,16,EU,SE,SE-Y,Sundsvall/ Härnösand,yes,ESNN,SDL,ESNN,,Europe/Stockholm
2683,ESNO,medium_airport,Örnsköldsvik Airport,63.40829849243164,18.989999771118164,354,EU,SE,SE-Y,Örnsköldsvik,yes,ESNO,OER,ESNO,,Europe/Stockholm
2685,ESNQ,large_airport,Kiruna Airport,67.821999,20.3368,1508,EU,SE,SE-BD,Kiruna,yes,ESNQ,KRN,ESNQ,,Europe/Stockholm
2687,ESNS,medium_airport,Skellefteå Airport,64.62480163574219,21.076900482177734,157,EU,SE,SE-AC,Skellefteå,yes,ESNS,SFT,ESNS,,Europe/Stockholm
2689,ESNU,large_airport,Umeå Airport,63.791801,20.282801,24,EU,SE,SE-AC,Umeå,yes,ESNU,UME,ESNU,,Europe/Stockholm
2690,ESNV,medium_airport,Vilhelmina South Lapland Airport,64.579102,16.833599,1140,EU,SE,SE-AC,Vilhelmina,yes,ESNV,VHM,ESNV,,Europe/Stockholm
2691,ESNX,medium_airport,Arvidsjaur Airport,65.59030151367188,19.28190040588379,1245,EU,SE,SE-BD,Arvidsjaur,yes,ESNX,AJR,ESNX,,Europe/Stockholm
2692,ESNY,medium_airport,Söderhamn Airport,61.261501,17.0991,88,EU,SE,SE-X,Söderhamn,no,ESNY,SOO,ESNY,,Europe/Stockholm
29358,ESNZ,medium_airport,Åre Östersund Airport,63.193546,14.504168,1233,EU,SE,SE-Z,Östersund,yes,ESNZ,OSD,ESNZ,,Europe/Stockholm
2693,ESOE,medium_airport,Örebro Airport,59.22370147705078,15.038000106811523,188,EU,SE,SE-T,Örebro,yes,ESOE,ORB,ESOE,,Europe/Stockholm
2694,ESOH,small_airport,Hagfors Airport,60.0201,13.5789,474,EU,SE,SE-S,Råda,yes,ESOH,HFS,ESOH,,Europe/Stockholm
2695,ESOK,medium_airport,Karlstad Airport,59.444698,13.3374,352,EU,SE,SE-S,Karlstad,yes,ESOK,KSD,ESOK,,Europe/Stockholm
2696,ESOW,large_airport,Stockholm Västerås Airport,59.589401,16.6336,21,EU,SE,SE-U,Stockholm / Västerås,yes,ESOW,VST,ESOW,,Europe/Stockholm
2697,ESPA,large_airport,Luleå Airport,65.5438,22.122,65,EU,SE,SE-BD,Luleå,yes,ESPA,LLA,ESPA,,Europe/Stockholm
2701,ESSA,large_airport,Stockholm-Arlanda Airport,59.64849,17.928829,137,EU,SE,SE-AB,Stockholm,yes,ESSA,ARN,ESSA,,Europe/Stockholm
2702,ESSB,medium_airport,Stockholm-Bromma Airport,59.354401,17.9417,47,EU,SE,SE-AB,Stockholm,yes,ESSB,BMA,ESSB,,Europe/Stockholm
2703,ESSD,medium_airport,Dala Airport,60.422001,15.5152,503,EU,SE,SE-W,Borlange,yes,ESSD,BLE,ESSD,,Europe/Stockholm
2706,ESSL,large_airport,Linköping City Airport,58.404909,15.684499,172,EU,SE,SE-E,Linköping,yes,ESSL,LPI,ESSL,,Europe/Stockholm
2707,ESSP,medium_airport,Norrköping Airport,58.586299896240234,16.250600814819336,32,EU,SE,SE-E,Norrköping,yes,ESSP,NRK,ESSP,,Europe/Stockholm
2708,ESST,medium_airport,Torsby Airport,60.1576,12.9913,393,EU,SE,SE-S,Torsby,yes,ESST,TYF,ESST,,Europe/Stockholm
2709,ESSU,medium_airport,Eskilstuna Airport,59.351101,16.708401,139,EU,SE,SE-D,Eskilstuna,no,ESSU,EKT,ESSU,,Europe/Stockholm
2710,ESSV,large_airport,Visby Airport,57.6628,18.346201,164,EU,SE,SE-I,Visby,yes,ESSV,VBY,ESSV,,Europe/Stockholm
2711,ESTA,medium_airport,Ängelholm-Helsingborg Airport,56.29610061645508,12.847100257873535,68,EU,SE,SE-M,Ängelholm,yes,ESTA,AGH,ESTA,,Europe/Stockholm
2712,ESTL,medium_airport,Ljungbyhed Airfield,56.082802,13.2125,140,EU,SE,SE-M,Ljungbyhed,no,,,ESTL,,Europe/Stockholm
2713,ESUD,medium_airport,Storuman Airport,64.960899,17.6966,915,EU,SE,SE-AC,Storuman,no,ESUD,SQO,ESUD,,Europe/Stockholm
2715,ESUP,small_airport,Pajala Airport,67.244569,23.074894,542,EU,SE,SE-BD,Pajala,yes,ESUP,PJA,ESUP,,Europe/Stockholm
2716,ESUT,small_airport,Hemavan Airport,65.806099,15.0828,1503,EU,SE,SE-AC,Hemavan,yes,ESUT,HMV,ESUT,,Europe/Stockholm
32294,ET-SHC,small_airport,Shire Inda Selassie Airport,14.075699,38.273592,6207,AF,ET,ET-TI,Shire Inda Selassie,yes,HASR,SHC,HASR,,Africa/Addis_Ababa
2717,ETAD,medium_airport,Spangdahlem Air Base,49.976507,6.698413,1197,EU,DE,DE-RP,Trier,no,ETAD,SPM,ETAD,,Europe/Berlin
2718,ETAR,medium_airport,Ramstein Air Base,49.436901,7.60028,776,EU,DE,DE-RP,Ramstein-Miesenbach,no,ETAR,RMS,ETAR,,Europe/Berlin
2721,ETHB,medium_airport,Bückeburg Air Base,52.2785,9.08217,230,EU,DE,DE-NI,Bückeburg,no,ETHB,,ETHB,,Europe/Berlin
2722,ETHC,medium_airport,Celle Army Airfield,52.591202,10.0221,129,EU,DE,DE-NI,Celle,no,ETHC,,ETHC,,Europe/Berlin
2724,ETHF,medium_airport,Fritzlar Army Airfield,51.1146,9.286,565,EU,DE,DE-HE,Fritzlar,no,ETHF,FRZ,ETHF,,Europe/Berlin
2725,ETHL,medium_airport,Laupheim Air Base,48.220299,9.91002,1766,EU,DE,DE-BW,Laupheim,no,ETHL,,ETHL,,Europe/Berlin
2727,ETHN,medium_airport,Niederstetten Army Air Base,49.39162,9.956747,1536,EU,DE,DE-BW,Niederstetten,no,ETHN,,ETHN,,Europe/Berlin
2729,ETHS,medium_airport,Faßberg Air Base,52.919399,10.185827,245,EU,DE,DE-NI,Faßberg,no,ETHS,,ETHS,,Europe/Berlin
2730,ETIC,medium_airport,Grafenwöhr Army Air Field,49.6987,11.9402,1363,EU,DE,DE-BY,Grafenwöhr,no,ETIC,,ETIC,,Europe/Berlin
2732,ETIH,medium_airport,Hohenfels Army Airfield,49.216541,11.836064,1455,EU,DE,DE-BY,Hohenfels,no,ETIH,,ETIH,,Europe/Berlin
2734,ETMN,medium_airport,Sea-Airport Cuxhaven/Nordholz / Nordholz Naval Airbase,53.767689,8.659201,74,EU,DE,DE-NI,Wurster Nordseeküste,yes,ETMN,FCN,ETMN,,Europe/Berlin
2735,ETND,medium_airport,Diepholz Air Base,52.585556,8.342222,128,EU,DE,DE-NI,Diepholz,no,ETND,,ETND,,Europe/Berlin
2736,ETNG,medium_airport,Geilenkirchen Air Base,50.9608,6.04242,296,EU,DE,DE-NW,Geilenkirchen,no,ETNG,GKE,ETNG,,Europe/Amsterdam
2737,ETNH,medium_airport,Hohn Air Base,54.312199,9.53817,39,EU,DE,DE-SH,Hohn,no,ETNH,,ETNH,,Europe/Berlin
2739,ETNL,medium_airport,Rostock-Laage Airport,53.918201,12.2783,138,EU,DE,DE-MV,Laage,yes,ETNL,RLG,ETNL,,Europe/Berlin
2740,ETNN,medium_airport,Nörvenich Air Base,50.8312,6.65817,386,EU,DE,DE-NW,Nörvenich,no,ETNN,,ETNN,,Europe/Berlin
2741,ETNS,medium_airport,Schleswig Air Base,54.459301,9.51633,70,EU,DE,DE-SH,Jagel,no,ETNS,WBG,ETNS,,Europe/Berlin
2742,ETNT,medium_airport,Wittmundhafen Air Base,53.547798,7.66733,26,EU,DE,DE-NI,Wittmund,no,ETNT,,ETNT,,Europe/Berlin
2744,ETNW,medium_airport,Wunstorf Air Base,52.457298,9.42717,187,EU,DE,DE-NI,,no,ETNW,,ETNW,,Europe/Berlin
2747,ETOU,medium_airport,Wiesbaden Army Airfield,50.049800872802734,8.325400352478027,461,EU,DE,DE-HE,Wiesbaden,no,ETOU,WIE,ETOU,,Europe/Berlin
2749,ETSB,medium_airport,Büchel Air Base,50.173801,7.06333,1568,EU,DE,DE-RP,Alflen,no,ETSB,,ETSB,,Europe/Berlin
2752,ETSH,medium_airport,Holzdorf Air Base,51.767799,13.1677,265,EU,DE,DE-BR,Holzdorf,no,ETSH,,ETSH,,Europe/Berlin
2753,ETSI,medium_airport,Ingolstadt Manching Airport,48.7156982421875,11.534000396728516,1202,EU,DE,DE-BY,Manching,no,ETSI,IGS,ETSI,,Europe/Berlin
2754,ETSL,medium_airport,Lechfeld Air Base,48.185504,10.8612,1822,EU,DE,DE-BY,Graben,no,ETSL,,ETSL,,Europe/Berlin
2755,ETSN,medium_airport,Neuburg Air Base,48.710999,11.2115,1249,EU,DE,DE-BY,Neuburg an der Donau,no,ETSN,,ETSN,,Europe/Berlin
31029,EVKA,medium_airport,Jēkabpils Air Base,56.534698,25.8925,289,EU,LV,LV-042,Jēkabpils,no,,,EVKA,,Europe/Riga
2757,EVLA,large_airport,Liepāja International Airport,56.517502,21.096901,16,EU,LV,LV-112,Liepāja,no,EVLA,LPX,EVLA,,Europe/Riga
2758,EVRA,large_airport,Riga International Airport,56.920752,23.970711,36,EU,LV,LV-062,Riga,yes,EVRA,RIX,EVRA,,Europe/Riga
31031,EVTA,medium_airport,Jūrmala Airport,56.9422,23.2239,220,EU,LV,LV-099,Tukums,no,,,EVJA,,Europe/Riga
17184,EXI,seaplane_base,Excursion Inlet Seaplane Base,58.420502,-135.449005,0,NA,US,US-AK,Excursion Inlet,yes,,EXI,,EXI,
2760,EYKA,large_airport,Kaunas International Airport,54.963965,24.08582,256,EU,LT,LT-KU,Kaunas,yes,EYKA,KUN,EYKA,,Europe/Vilnius
30020,EYKD,medium_airport,Kėdainiai Air Base,55.31169891357422,23.95639991760254,171,EU,LT,LT-KU,Kėdainiai,no,,,EYKD,,Europe/Vilnius
2762,EYPA,large_airport,Palanga International Airport,55.973202,21.093901,33,EU,LT,LT-KL,Palanga,yes,EYPA,PLQ,EYPA,,Europe/Vilnius
2763,EYPP,medium_airport,Panevėžys Air Base,55.729400634765625,24.460800170898438,197,EU,LT,LT-PN,Panevėžys,no,EYPP,PNV,EYPP,,Europe/Vilnius
2764,EYSA,medium_airport,Šiauliai International Airport,55.89390182495117,23.395000457763672,443,EU,LT,LT-SA,Šiauliai,no,EYSA,SQQ,EYSA,,Europe/Vilnius
2765,EYSB,medium_airport,Barysiai Airfield,56.070599,23.5581,270,EU,LT,LT-SA,Šiauliai,no,EYSB,,EYSB,,Europe/Vilnius
2766,EYVI,large_airport,Vilnius International Airport,54.634102,25.285801,648,EU,LT,LT-VL,Vilnius,yes,EYVI,VNO,EYVI,,Europe/Vilnius
2767,FAAB,medium_airport,Alexander Bay Airport,-28.575001,16.5333,98,AF,ZA,ZA-NC,Alexander Bay,no,FAAB,ALJ,FAAB,,Africa/Johannesburg
2768,FAAG,medium_airport,Aggeneys Airport,-29.281799,18.8139,2648,AF,ZA,ZA-NC,Aggeneys,no,FAAG,AGZ,FAAG,,Africa/Johannesburg
2771,FABE,medium_airport,Bisho Airport,-32.897099,27.2791,1950,AF,ZA,ZA-EC,Bisho,no,FABE,BIY,FABE,,Africa/Johannesburg
2772,FABL,large_airport,Bram Fischer International Airport,-29.092699,26.302401,4457,AF,ZA,ZA-FS,Bloemfontein,yes,FABL,BFN,FABL,,Africa/Johannesburg
46533,FABR,medium_airport,Barberton Airport,-25.717147,30.974974,2250,AF,ZA,ZA-MP,Umjindi (Barberton),no,,,FABR,FA0002,Africa/Johannesburg
2775,FACT,large_airport,Cape Town International Airport,-33.97403,18.604333,151,AF,ZA,ZA-WC,Cape Town,yes,FACT,CPT,FACT,,Africa/Johannesburg
2779,FAEL,large_airport,King Phalo Airport,-33.035599,27.825899,435,AF,ZA,ZA-EC,East London,yes,FAEL,ELS,FAEL,,Africa/Johannesburg
2780,FAEO,medium_airport,Ermelo Airport,-26.4956,29.979799,5700,AF,ZA,ZA-MP,Ermelo,no,FAEO,,FAEO,,Africa/Johannesburg
2781,FAFB,medium_airport,Ficksburg Sentraoes Airport,-28.82309913635254,27.908899307250977,5315,AF,ZA,ZA-FS,Ficksburg,no,FAFB,FCB,FAFB,,Africa/Johannesburg
2782,FAGC,medium_airport,Grand Central Airport,-25.986299514799995,28.1401004791,5325,AF,ZA,ZA-GT,Midrand,no,FAGC,GCJ,FAGC,,Africa/Johannesburg
2783,FAGG,large_airport,George Airport,-34.0056,22.378902,648,AF,ZA,ZA-WC,George,yes,FAGG,GRJ,FAGG,,Africa/Johannesburg
2784,FAGM,medium_airport,Rand Airport,-26.2425,28.151199,5483,AF,ZA,ZA-GT,Johannesburg,no,FAGM,QRA,FAGM,,Africa/Johannesburg
2789,FAHR,medium_airport,Harrismith Airport,-28.2351,29.106199,5585,AF,ZA,ZA-FS,Harrismith,no,FAHR,HRS,FAHR,,Africa/Johannesburg
29953,FAHT,medium_airport,Eastgate Airport / Air Force Base Hoedspruit,-24.361864,31.052921,1801,AF,ZA,ZA-NP,Hoedspruit,yes,FAHS,HDS,,,Africa/Johannesburg
2793,FAKD,medium_airport,P C Pelser Airport,-26.871099,26.718,4444,AF,ZA,ZA-NW,Klerksdorp,no,FAKD,KXE,FAKD,,Africa/Johannesburg
2794,FAKM,large_airport,Kimberley Airport,-28.805401,24.764872,3950,AF,ZA,ZA-NC,Kimberley,yes,FAKM,KIM,FAKM,,Africa/Johannesburg
2795,FAKN,large_airport,Kruger Mpumalanga International Airport,-25.383327,31.105325,2829,AF,ZA,ZA-MP,Mbombela,yes,FAKN,MQP,FAKN,,Africa/Johannesburg
2798,FAKU,medium_airport,Johan Pienaar Airport,-27.456596,23.411946,4382,AF,ZA,ZA-NC,Kuruman,no,FAKU,KMH,FAKU,,Africa/Johannesburg
2799,FAKZ,medium_airport,Kleinsee Airport,-29.6884002686,17.093999862700002,270,AF,ZA,ZA-NC,Kleinsee,no,FAKZ,KLZ,FAKZ,,Africa/Johannesburg
2800,FALA,large_airport,Lanseria International Airport,-25.938964,27.926642,4517,AF,ZA,ZA-GT,Johannesburg,yes,FALA,HLA,FALA,,Africa/Johannesburg
2801,FALC,medium_airport,Lime Acres Finsch Mine Airport,-28.36009979248047,23.43910026550293,4900,AF,ZA,ZA-NC,Lime Acres,no,FALC,LMR,FALC,,Africa/Johannesburg
300795,FALE,large_airport,King Shaka International Airport,-29.6144444444,31.1197222222,295,AF,ZA,ZA-NL,Durban,yes,FALE,DUR,FALE,,Africa/Johannesburg
2805,FALW,medium_airport,Langebaanweg Airport,-32.968898773199996,18.1602993011,108,AF,ZA,ZA-WC,Langebaanweg,no,FALW,SDB,FALW,,Africa/Johannesburg
2806,FALY,medium_airport,Ladysmith Airport,-28.5816993713,29.749700546299998,3548,AF,ZA,ZA-NL,Ladysmith,no,FALY,LAY,FALY,,Africa/Johannesburg
2808,FAMD,medium_airport,Malamala Airport,-24.816866,31.544085,1124,AF,ZA,ZA-MP,Malamala,no,FAMD,AAM,FAMD,,Africa/Johannesburg
2809,FAMG,medium_airport,Margate Airport,-30.8574008942,30.343000412,495,AF,ZA,ZA-NL,Margate,yes,FAMG,MGH,FAMG,,Africa/Johannesburg
2812,FAMM,medium_airport,Mmabatho International Airport,-25.798400878900004,25.548000335699996,4181,AF,ZA,ZA-NW,Mafeking,yes,FAMM,MBD,FAMM,,Africa/Johannesburg
2814,FAMS,medium_airport,Morningside Farm Airport,-25.7045001984,26.9090003967,4251,AF,ZA,ZA-NW,Silveroaks,no,FAMS,,FAMS,,Africa/Johannesburg
2815,FAMU,medium_airport,Mkuze Airport,-27.626101,32.0443,400,AF,ZA,ZA-NL,Mkuze,yes,FAMU,MZQ,FAMU,,Africa/Johannesburg
2816,FANC,medium_airport,Newcastle Airport,-27.7705993652,29.976900100699996,4074,AF,ZA,ZA-NL,Newcastle,no,FANC,NCS,FANC,,Africa/Johannesburg
2819,FAOH,medium_airport,Oudtshoorn Airport,-33.6069984436,22.188999176,1063,AF,ZA,ZA-WC,Oudtshoorn,no,FAOH,OUH,FAOH,FAOH,Africa/Johannesburg
31055,FAOR,large_airport,O.R. Tambo International Airport,-26.140081,28.246801,5558,AF,ZA,ZA-GT,Johannesburg,yes,FAOR,JNB,FAOR,,Africa/Johannesburg
2820,FAPE,large_airport,Chief Dawid Stuurman International Airport,-33.989715,25.617353,226,AF,ZA,ZA-EC,Gqeberha (Port Elizabeth),yes,FAPE,PLZ,FAPE,,Africa/Johannesburg
2821,FAPG,medium_airport,Plettenberg Bay Airport,-34.08816,23.328723,465,AF,ZA,ZA-WC,Plettenberg Bay,no,FAPG,PBZ,FAPG,,Africa/Johannesburg
2822,FAPH,medium_airport,Hendrik Van Eck Airport,-23.937200546299998,31.1553993225,1432,AF,ZA,ZA-NP,Phalaborwa,yes,FAPH,PHW,FAPH,,Africa/Johannesburg
2823,FAPI,medium_airport,Pietersburg Municipal Airport,-23.9261,29.4844,4354,AF,ZA,ZA-NP,Polokwane,yes,FAPI,,FAPI,,Africa/Johannesburg
2824,FAPJ,medium_airport,Port St Johns Airport,-31.60612,29.52175,1227,AF,ZA,ZA-EC,Port St Johns,no,FAPJ,JOH,FAPJ,,Africa/Johannesburg
2825,FAPM,medium_airport,Pietermaritzburg Airport,-29.649000167799997,30.3987007141,2423,AF,ZA,ZA-NL,Pietermaritzburg,yes,FAPM,PZB,FAPM,,Africa/Johannesburg
2826,FAPN,medium_airport,Pilanesberg International Airport,-25.333799,27.173401,3412,AF,ZA,ZA-NW,Pilanesberg,no,FAPN,NTY,FAPN,,Africa/Johannesburg
2827,FAPP,large_airport,Polokwane International Airport,-23.845269,29.458615,4076,AF,ZA,ZA-NP,Polokwane,yes,FAPP,PTG,FAPP,,Africa/Johannesburg
2828,FAPS,medium_airport,Potchefstroom Airport,-26.670999527,27.0818996429,4520,AF,ZA,ZA-NW,Potchefstroom,no,FAPS,PCF,FAPS,,Africa/Johannesburg
2830,FAQT,medium_airport,Queenstown Airport,-31.92020034790039,26.882200241088867,3637,AF,ZA,ZA-EC,Queenstown,no,FAQT,UTW,FAQT,,Africa/Johannesburg
2831,FARB,medium_airport,Richards Bay Airport,-28.740999221800003,32.0920982361,109,AF,ZA,ZA-NL,Richards Bay,yes,FARB,RCB,FARB,,Africa/Johannesburg
2832,FARG,medium_airport,Rustenburg Airport,-25.6443,27.271099,3700,AF,ZA,ZA-NW,Rustenburg,no,FARG,,FARG,,Africa/Johannesburg
2833,FARS,medium_airport,Robertson Airport,-33.812199,19.9028,640,AF,ZA,ZA-WC,Robertson,no,FARS,ROD,FARS,,Africa/Johannesburg
2834,FASB,medium_airport,Springbok Airport,-29.689300537109375,17.939599990844727,2690,AF,ZA,ZA-NC,Springbok,no,FASB,SBU,FASB,,Africa/Johannesburg
2835,FASC,medium_airport,Secunda Airport,-26.52409935,29.170099258399997,5250,AF,ZA,ZA-MP,Secunda,no,FASC,ZEC,FASC,,Africa/Johannesburg
2836,FASD,medium_airport,Saldanha/Vredenburg Airport,-32.9641,17.969299,50,AF,ZA,ZA-WC,Saldanha-Vredenburg,no,FASD,,FASD,,Africa/Johannesburg
2838,FASK,medium_airport,Swartkop Air Force Base,-25.8097,28.1646,4780,AF,ZA,ZA-GT,Pretoria,no,FASK,,FASK,,Africa/Johannesburg
2839,FASS,medium_airport,Sishen Airport,-27.6486,22.9993,3848,AF,ZA,ZA-NC,Sishen,yes,FASS,SIS,FASS,,Africa/Johannesburg
2841,FASZ,medium_airport,Skukuza Airport,-24.96085,31.588587,1020,AF,ZA,ZA-MP,Skukuza,yes,FASZ,SZK,FASZ,,Africa/Johannesburg
2845,FATZ,medium_airport,Tzaneen Airport,-23.8244,30.3293,1914,AF,ZA,ZA-NP,Tzaneen,no,FATZ,LTA,FATZ,,Africa/Johannesburg
2846,FAUL,medium_airport,Prince Mangosuthu Buthelezi Airport,-28.3206005096,31.4165000916,1720,AF,ZA,ZA-NL,Ulundi,no,FAUL,ULD,FAUL,,Africa/Johannesburg
2847,FAUP,medium_airport,Upington Airport,-28.400246,21.263592,2782,AF,ZA,ZA-NC,Upington,yes,FAUP,UTN,FAUP,,Africa/Johannesburg
2848,FAUT,medium_airport,K. D. Matanzima Airport,-31.546363184900002,28.6733551025,2400,AF,ZA,ZA-EC,Mthatha,yes,FAUT,UTT,FAUT,,Africa/Johannesburg
2849,FAVB,medium_airport,Vryburg Airport,-26.982401,24.7288,3920,AF,ZA,ZA-NW,Vryburg,no,FAVB,VRU,FAVB,,Africa/Johannesburg
2850,FAVG,medium_airport,Virginia Airport,-29.770599,31.058399,20,AF,ZA,ZA-NL,Durban,no,FAVG,VIR,FAVG,,Africa/Johannesburg
2852,FAVR,medium_airport,Vredendal Airport,-31.641000747680664,18.5447998046875,330,AF,ZA,ZA-WC,Vredendal,no,FAVR,VRE,FAVR,,Africa/Johannesburg
2853,FAVV,medium_airport,Vereeniging Airport,-26.566401,27.9608,4846,AF,ZA,ZA-GT,Vereeniging,no,FAVV,,FAVV,,Africa/Johannesburg
2854,FAWB,medium_airport,Wonderboom Airport,-25.6539,28.224199,4095,AF,ZA,ZA-GT,Pretoria,no,FAWB,PRY,FAWB,,Africa/Johannesburg
2856,FAWK,medium_airport,Waterkloof Air Force Base,-25.829999923699997,28.222499847399998,4940,AF,ZA,ZA-GT,Pretoria,no,FAWK,WKF,FAWK,,Africa/Johannesburg
2858,FAYP,medium_airport,Ysterplaat Air Force Base,-33.9002,18.498301,52,AF,ZA,ZA-WC,Cape Town,no,FAYP,,FAYP,,Africa/Johannesburg
2860,FBFT,large_airport,Phillip Gaonwe Matante International Airport,-21.159183,27.468826,3283,AF,BW,BW-FR,Francistown,yes,FBPM,FRW,FBPM,,Africa/Gaborone
2861,FBJW,medium_airport,Jwaneng Airport,-24.602301,24.691,3900,AF,BW,BW-JW,Jwaneng,no,FBJW,JWA,FBJW,,Africa/Gaborone
2862,FBKE,large_airport,Kasane International Airport,-17.831653,25.166195,3289,AF,BW,BW-CH,Kasane,yes,FBKE,BBK,FBKE,,Africa/Gaborone
2863,FBMN,large_airport,Maun International Airport,-19.970491,23.431409,3093,AF,BW,BW-NW,Maun,yes,FBMN,MUB,FBMN,,Africa/Gaborone
2864,FBSK,large_airport,Sir Seretse Khama International Airport,-24.555201,25.9182,3299,AF,BW,BW-GA,Gaborone,yes,FBSK,GBE,FBSK,,Africa/Gaborone
2865,FBSN,medium_airport,Sua Pan Airport,-20.5534,26.115801,2985,AF,BW,BW-ST,Sowa,no,FBSN,SXN,FBSN,,Africa/Gaborone
2866,FBSP,medium_airport,Selebi Phikwe Airport,-22.0583,27.8288,2925,AF,BW,BW-SP,Selebi Phikwe,no,FBSP,PKW,FBSP,,Africa/Gaborone
30411,FBSW,small_airport,Shakawe Airport,-18.373899459838867,21.832599639892578,3379,AF,BW,BW-NW,Shakawe,yes,FBSW,SWX,FBSW,,Africa/Gaborone
2868,FCBB,large_airport,Maya-Maya International Airport,-4.2517,15.253,1048,AF,CG,CG-12,Brazzaville,yes,FCBB,BZV,FCBB,,Africa/Brazzaville
323021,FCOD,medium_airport,Oyo Ollombo Airport,-1.226666,15.91,1073,AF,CG,CG-14,Oyo,no,FCOD,OLL,FCOD,,
2869,FCOO,medium_airport,Owando Airport,-0.524566,15.93782,1214,AF,CG,CG-8,Owando,no,FCOO,FTX,FCOO,,Africa/Brazzaville
2870,FCOU,medium_airport,Ouesso Airport,1.61599,16.037901,1158,AF,CG,CG-13,,no,FCOU,OUE,FCOU,,Africa/Brazzaville
30920,FCPL,medium_airport,Ngot Nzoungou Airport,-4.20635,12.6599,1079,AF,CG,CG-9,Dolisie,no,FCPD,DIS,FCPD,,Africa/Brazzaville
2871,FCPP,large_airport,Antonio Agostinho-Neto International Airport,-4.81603,11.8866,55,AF,CG,CG-5,Pointe Noire,yes,FCPP,PNR,FCPP,,Africa/Brazzaville
2872,FDMS,medium_airport,Matsapha International Airport,-26.528919,31.307577,2075,AF,SZ,SZ-MA,Manzini,no,FDMS,MTS,FDMS,,Africa/Mbabane
308033,FDSK,large_airport,King Mswati III International Airport,-26.358611,31.716944,1092,AF,SZ,SZ-LU,Mpaka,yes,FDSK,SHO,FDSK,,Africa/Mbabane
2873,FEFF,large_airport,Bangui M'Poko International Airport,4.39848,18.518801,1208,AF,CF,CF-MP,Bangui,yes,FEFF,BGF,FEFF,,Africa/Bangui
2874,FEFT,medium_airport,Berbérati Airport,4.2215800285339355,15.786399841308594,1929,AF,CF,CF-HS,Berbérati,no,FEFT,BBT,FEFT,,Africa/Bangui
313672,FGAB,small_airport,Annobón Airport,-1.408615,5.624163,82,AF,GQ,GQ-AN,San Antonio de Palé,yes,FGAN,NBN,FGAN,,
2875,FGBT,large_airport,Bata International Airport,1.90547,9.80568,13,AF,GQ,GQ-LI,Bata,yes,FGBT,BSG,FGBT,,Africa/Malabo
318497,FGMY,medium_airport,President Obiang Nguema International Airport,1.676437,11.024904,2165,AF,GQ,GQ-WN,Mengomeyén,yes,FGMY,GEM,FGMY,,
2876,FGSL,large_airport,Malabo International Airport,3.75527,8.70872,76,AF,GQ,GQ-BN,Malabo,yes,FGSL,SSG,FGSL,,Africa/Malabo
2877,FHAW,medium_airport,RAF Ascension Island,-7.970179,-14.392744,278,AF,SH,SH-AC,Cat Hill,yes,FHAW,ASI,FHAW,,Atlantic/St_Helena
318444,FHSH,medium_airport,Saint Helena International Airport,-15.958898,-5.646066,1017,AF,SH,SH-SH,Jamestown,yes,FHSH,HLE,FHSH,,Atlantic/St_Helena
2878,FIMP,large_airport,Sir Seewoosagur Ramgoolam International Airport,-20.430201,57.683601,186,AF,MU,MU-GP,Plaine Magnien,yes,FIMP,MRU,FIMP,,Indian/Mauritius
2879,FIMR,medium_airport,Sir Charles Gaetan Duval Airport,-19.756696,63.359326,95,AF,MU,MU-RO,Port Mathurin,yes,FIMR,RRG,FIMR,,Indian/Mauritius
2880,FJDG,medium_airport,Naval Support Facility Diego Garcia,-7.31327,72.411102,9,AS,IO,IO-U-A,Diego Garcia,no,,NKW,FJDG,,Indian/Chagos
2881,FKKC,medium_airport,Tiko Airport,4.08919000626,9.360529899600001,151,AF,CM,CM-SW,Tiko,no,FKKC,TKC,FKKC,,Africa/Douala
2882,FKKD,large_airport,Douala International Airport,4.00608,9.71948,33,AF,CM,CM-LT,Douala,yes,FKKD,DLA,FKKD,,Africa/Douala
2883,FKKL,medium_airport,Salak Airport,10.451399803161621,14.257399559020996,1390,AF,CM,CM-EN,Maroua,yes,FKKL,MVR,FKKL,,Africa/Douala
2884,FKKM,medium_airport,Foumban Nkounja Airport,5.63692,10.7508,3963,AF,CM,CM-OU,Foumban,no,FKKM,FOM,FKKM,,Africa/Douala
2885,FKKN,medium_airport,N'Gaoundéré Airport,7.3570098876953125,13.559200286865234,3655,AF,CM,CM-AD,N'Gaoundéré,yes,FKKN,NGE,FKKN,,Africa/Douala
2886,FKKR,large_airport,Garoua International Airport,9.334785,13.372129,794,AF,CM,CM-NO,Garoua,yes,FKKR,GOU,FKKR,,Africa/Douala
2887,FKKU,medium_airport,Bafoussam Airport,5.536920070650001,10.354599952700001,4347,AF,CM,CM-OU,Bafoussam,no,FKKU,BFX,FKKU,,Africa/Douala
2888,FKKV,medium_airport,Bamenda Airport,6.03924,10.1226,4065,AF,CM,CM-NW,Bamenda,no,FKKV,BPC,FKKV,,Africa/Douala
2889,FKKY,medium_airport,Yaoundé Ville Airport,3.83604,11.5235,2464,AF,CM,CM-CE,Yaoundé,no,FKKY,YAO,FKKY,,Africa/Douala
2890,FKYS,large_airport,Yaoundé Nsimalen International Airport,3.72256,11.5533,2278,AF,CM,CM-CE,Yaoundé,yes,FKYS,NSI,FKYS,,Africa/Douala
2891,FLKE,medium_airport,Kasompe Airport,-12.5728,27.8939,4636,AF,ZM,ZM-08,Chingola,no,FLKE,CGJ,FLKE,,Africa/Lusaka
30012,FLKS,small_airport,Kasama Airport,-10.210169,31.123045,4541,AF,ZM,ZM-05,Kasama,yes,FLKS,KAA,FLKS,,Africa/Lusaka
2892,FLLC,medium_airport,Lusaka City Airport,-15.4138,28.3307,4200,AF,ZM,ZM-09,Lusaka,no,FLLC,,FLLC,,Africa/Lusaka
2893,FLLI,large_airport,Harry Mwanga Nkumbula International Airport,-17.821524,25.819642,3302,AF,ZM,ZM-07,Livingstone,yes,FLHN,LVI,FLHN,,Africa/Lusaka
2894,FLLS,large_airport,Kenneth Kaunda International Airport,-15.330833,28.452722,3779,AF,ZM,ZM-09,Lusaka,yes,FLKK,LUN,FLKK,,Africa/Lusaka
2895,FLMF,large_airport,Mfuwe International Airport,-13.2589,31.9366,1853,AF,ZM,ZM-03,Mfuwe,yes,FLMF,MFU,FLMF,,Africa/Lusaka
2896,FLMG,medium_airport,Mongu Airport,-15.2545,23.1623,3488,AF,ZM,ZM-01,Mongu,no,FLMG,MNR,FLMG,,Africa/Lusaka
2897,FLND,medium_airport,Peter Zuze Air Force Base,-12.997222,28.663889,4170,AF,ZM,ZM-08,Ndola,no,FLND,,FLND,,Africa/Lusaka
525659,FLSK,large_airport,Simon Mwansa Kapwepwe International Airport,-12.96513,28.515624,4308,AF,ZM,ZM-08,Ndola,yes,FLSK,NLA,FLSK,,Africa/Lusaka
2898,FLSO,medium_airport,Southdowns Airport,-12.9005,28.1499,4145,AF,ZM,ZM-08,Kitwe,no,FLSO,KIW,FLSO,,Africa/Lusaka
30427,FLSW,small_airport,Solwesi Airport,-12.173700332641602,26.365100860595703,4551,AF,ZM,ZM-06,Solwesi,yes,FLSW,SLI,FLSW,,Africa/Lusaka
2901,FMCH,large_airport,Prince Said Ibrahim International Airport,-11.5337,43.2719,93,AF,KM,KM-G,Moroni,yes,FMCH,HAH,FMCH,,Indian/Comoro
2902,FMCI,medium_airport,Mohéli Bandar Es Eslam Airport,-12.298096,43.766496,46,AF,KM,KM-M,Fomboni,no,FMCI,NWA,FMCI,,Indian/Comoro
2903,FMCV,medium_airport,Ouani Airport,-12.131047,44.430044,62,AF,KM,KM-A,Ouani,yes,FMCV,AJN,FMCV,,Indian/Comoro
2904,FMCZ,large_airport,Dzaoudzi Pamandzi International Airport,-12.809319,45.281815,23,AF,YT,YT-U-A,Dzaoudzi,yes,FMCZ,DZA,FMCZ,,Indian/Mayotte
2905,FMEE,large_airport,Roland Garros Airport,-20.890087,55.518894,66,AF,RE,RE-SD,Sainte-Marie,yes,FMEE,RUN,FMEE,,Indian/Reunion
2906,FMEP,large_airport,Saint-Pierre Pierrefonds Airport,-21.319362,55.422506,59,AF,RE,RE-SR,Saint-Pierre,yes,FMEP,ZSE,FMEP,,Indian/Reunion
2908,FMMI,large_airport,Ivato International Airport,-18.7969,47.478802,4198,AF,MG,MG-T,Antananarivo,yes,FMMI,TNR,FMMI,,Indian/Antananarivo
2909,FMMN,medium_airport,Miandrivazo Airport,-19.562799,45.450802,203,AF,MG,MG-U,Miandrivazo,no,FMMN,ZVA,FMMN,,Indian/Antananarivo
2910,FMMS,medium_airport,Sainte Marie Airport,-17.093901,49.8158,7,AF,MG,MG-A,Vohilava,yes,FMMS,SMS,FMMS,,Indian/Antananarivo
2911,FMMT,large_airport,Toamasina Ambalamanasy Airport,-18.113537,49.392262,22,AF,MG,MG-A,Toamasina,yes,FMMT,TMM,FMMT,,Indian/Antananarivo
32678,FMMU,small_airport,Tambohorano Airport,-17.476101,43.972801,23,AF,MG,MG-M,Tambohorano,yes,FMMU,WTA,FMMU,,Indian/Antananarivo
2912,FMMV,medium_airport,Morondava Airport,-20.2847,44.3176,30,AF,MG,MG-U,Morondava,yes,FMMV,MOQ,FMMV,,Indian/Antananarivo
2913,FMNA,medium_airport,Arrachart Airport,-12.3494,49.291698,374,AF,MG,MG-D,Antisiranana,yes,FMNA,DIE,FMNA,,Indian/Antananarivo
2914,FMNC,medium_airport,Mananara Nord Airport,-16.1639,49.7738,9,AF,MG,MG-A,Mananara Nord,no,FMNC,WMR,FMNC,,Indian/Antananarivo
2915,FMND,medium_airport,Andapa Airport,-14.651700019836426,49.620601654052734,1552,AF,MG,MG-D,,no,FMND,ZWA,FMND,,Indian/Antananarivo
2917,FMNH,medium_airport,Antsirabe Airport,-14.9994,50.320202,20,AF,MG,MG-D,Antsirabe,no,FMNH,ANM,FMNH,,Indian/Antananarivo
2918,FMNL,medium_airport,Analalava Airport,-14.629514,47.763555,345,AF,MG,MG-M,Analalava,no,FMNL,HVA,FMNL,,Indian/Antananarivo
2919,FMNM,large_airport,Amborovy Airport,-15.666842,46.351233,87,AF,MG,MG-M,Mahajanga,yes,FMNM,MJN,FMNM,,Indian/Antananarivo
2920,FMNN,large_airport,Nosy Be International Airport,-13.3121,48.3148,36,AF,MG,MG-D,Nosy Be,yes,FMNN,NOS,FMNN,,Indian/Antananarivo
30951,FMNO,small_airport,Soalala Airport,-16.10169,45.358837,141,AF,MG,MG-M,Soalala,yes,FMNO,DWB,FMNO,,Indian/Antananarivo
2921,FMNQ,medium_airport,Besalampy Airport,-16.74453,44.482484,125,AF,MG,MG-M,Besalampy,yes,FMNQ,BPY,FMNQ,,Indian/Antananarivo
2922,FMNR,medium_airport,Maroantsetra Airport,-15.437742,49.689081,9,AF,MG,MG-A,Maroantsetra,yes,FMNR,WMN,FMNR,,Indian/Antananarivo
2923,FMNS,medium_airport,Sambava Airport,-14.2786,50.174702,20,AF,MG,MG-D,Sambava,yes,FMNS,SVB,FMNS,,Indian/Antananarivo
32481,FMNT,small_airport,Tsaratanana Airport,-16.751064,47.619016,1073,AF,MG,MG-M,Tsaratanana,yes,FMNT,TTS,FMNT,,Indian/Antananarivo
2924,FMNV,medium_airport,Vohemar Airport,-13.3758,50.0028,19,AF,MG,MG-D,Vohemar,no,FMNV,VOH,FMNV,,Indian/Antananarivo
2925,FMNW,medium_airport,Ambalabe Airport,-14.8988,47.9939,92,AF,MG,MG-M,Antsohihy,no,FMNW,WAI,FMNW,,Indian/Antananarivo
2927,FMSD,medium_airport,Tôlanaro Airport,-25.038099,46.9561,29,AF,MG,MG-U,Tôlanaro,yes,FMSD,FTU,FMSD,,Indian/Antananarivo
2928,FMSF,medium_airport,Fianarantsoa Airport,-21.441601,47.111698,3658,AF,MG,MG-F,Fianarantsoa,no,FMSF,WFI,FMSF,,Indian/Antananarivo
2930,FMSK,medium_airport,Manakara Airport,-22.119699,48.021702,33,AF,MG,MG-F,Manakara,no,FMSK,WVK,FMSK,,Indian/Antananarivo
2931,FMSM,medium_airport,Mananjary Airport,-21.201799,48.358299,20,AF,MG,MG-F,Mananjary,yes,FMSM,MNJ,FMSM,,Indian/Antananarivo
2932,FMSR,medium_airport,Morombe Airport,-21.753837,43.374753,16,AF,MG,MG-U,Morombe,no,FMSR,MXM,FMSR,,Indian/Antananarivo
2933,FMST,medium_airport,Toliara Airport,-23.3834,43.7285,29,AF,MG,MG-U,Toliara,yes,FMST,TLE,FMST,,Indian/Antananarivo
2934,FNBC,medium_airport,Mbanza Congo Airport,-6.269899845123291,14.246999740600586,1860,AF,AO,AO-ZAI,Mbanza Congo,yes,FNBC,SSY,FNBC,,Africa/Luanda
2935,FNBG,medium_airport,Benguela Airport,-12.609,13.4037,118,AF,AO,AO-BGU,Benguela,no,FNBG,BUG,FNBG,,Africa/Luanda
312665,FNBJ,large_airport,Dr. Antonio Agostinho Neto International Airport,-9.050734,13.499078,550,AF,AO,AO-LUA,Luanda (Ícolo e Bengo),yes,FNBJ,NBJ,FNBJ,,Africa/Luanda
2936,FNCA,medium_airport,Cabinda Airport,-5.59839,12.188145,66,AF,AO,AO-CAB,Cabinda,yes,FNCA,CAB,FNCA,,Africa/Luanda
30813,FNCT,medium_airport,Catumbela Airport,-12.4792,13.4869,23,AF,AO,AO-BGU,Catumbela,yes,FNCT,CBT,FNCT,,Africa/Luanda
336106,FND,small_airport,Funadhoo Airport,6.162443,73.28752,,AS,MV,MV-24,Funadhoo,yes,VRCF,FND,,FND,Indian/Maldives
2937,FNDU,medium_airport,Dundo Airport,-7.400889873504639,20.818500518798828,2451,AF,AO,AO-LNO,Chitato,yes,FNDU,DUE,FNDU,,Africa/Luanda
2938,FNGI,medium_airport,Ngjiva Pereira Airport,-17.0435009003,15.683799743700002,3566,AF,AO,AO-CNN,Ngiva,yes,FNGI,VPE,FNGI,,Africa/Luanda
2939,FNHU,medium_airport,Albano Machado Airport,-12.8089,15.7605,5587,AF,AO,AO-HUA,Huambo,yes,FNHU,NOV,FNHU,,Africa/Luanda
2940,FNKU,medium_airport,Kuito Airport,-12.404600143433,16.947399139404,5618,AF,AO,AO-BIE,Kuito,no,FNKU,SVP,FNKU,,Africa/Luanda
2942,FNLU,large_airport,Quatro de Fevereiro International Airport,-8.85837,13.2312,243,AF,AO,AO-LUA,Luanda,yes,FNLU,LAD,FNLU,,Africa/Luanda
2944,FNMA,medium_airport,Malanje Airport,-9.525090217590332,16.312400817871094,3868,AF,AO,AO-MAL,Malanje,yes,FNMA,MEG,FNMA,,Africa/Luanda
2945,FNME,medium_airport,Menongue Airport,-14.657600402832031,17.71980094909668,4469,AF,AO,AO-CCU,Menongue,yes,FNME,SPP,FNME,,Africa/Luanda
2946,FNMO,medium_airport,Welwitschia Mirabilis International Airport,-15.2612,12.1468,210,AF,AO,AO-NAM,Moçâmedes,yes,FNMO,MSZ,FNMO,,Africa/Luanda
2947,FNNG,medium_airport,Negage Airport,-7.754509925842285,15.287699699401855,4105,AF,AO,AO-UIG,Negage,yes,FNNG,GXG,FNNG,,Africa/Luanda
2948,FNPA,medium_airport,Porto Amboim Airport,-10.722,13.7655,16,AF,AO,AO-CUS,Port Amboim,no,FNPA,PBN,FNPA,,Africa/Luanda
2949,FNSA,medium_airport,Saurimo Airport,-9.68907,20.4319,3584,AF,AO,AO-LSU,Saurimo,no,FNSA,VHC,FNSA,,Africa/Luanda
2950,FNSO,medium_airport,Soyo Airport,-6.141089916229248,12.371800422668457,15,AF,AO,AO-ZAI,Soyo,yes,FNSO,SZA,FNSO,,Africa/Luanda
2951,FNSU,medium_airport,Sumbe Airport,-11.1679,13.8475,36,AF,AO,AO-CUS,Sumbe,no,FNSU,NDD,FNSU,,Africa/Luanda
2952,FNUB,medium_airport,Lubango Mukanka International Airport,-14.924839,13.576653,5778,AF,AO,AO-HUI,Lubango,yes,FNUB,SDD,FNUB,,Africa/Luanda
2953,FNUE,medium_airport,Luena Airport,-11.7681,19.897699,4360,AF,AO,AO-MOX,Luena,no,FNUE,LUO,FNUE,,Africa/Luanda
2954,FNUG,medium_airport,Uige Airport,-7.60307,15.0278,2720,AF,AO,AO-UIG,Uige,no,FNUG,UGO,FNUG,,Africa/Luanda
2955,FNXA,medium_airport,Xangongo Airport,-16.755399703979492,14.965299606323242,3635,AF,AO,AO-CNN,Xangongo,no,FNXA,XGN,FNXA,,Africa/Luanda
338479,FO-0001,heliport,Hattarvík Heliport,62.330297,-6.276734,,EU,FO,FO-U-A,Hattarvík,yes,,,EKHI,,
338482,FO-0002,heliport,Koltur Heliport,61.984601,-6.963484,,EU,FO,FO-U-A,Koltur,yes,,,,,
2957,FOGK,medium_airport,Koulamoutou Mabimbi Airport,-1.18461,12.4413,1070,AF,GA,GA-7,Koulamoutou,no,FOGK,KOU,FOGK,,Africa/Libreville
2958,FOGM,medium_airport,Mouilla Ville Airport,-1.84514,11.0567,295,AF,GA,GA-4,Mouila,no,FOGM,MJL,FOGM,,Africa/Libreville
2959,FOGO,medium_airport,Oyem Airport,1.5431100130081177,11.581399917602539,2158,AF,GA,GA-9,Oyem,yes,FOGO,OYE,FOGO,,Africa/Libreville
2960,FOGQ,medium_airport,Okondja Airport,-0.665214,13.6731,1325,AF,GA,GA-2,Okondja,no,FOGQ,OKN,FOGQ,,Africa/Libreville
2961,FOGR,medium_airport,Lambarene Airport,-0.704389,10.2457,82,AF,GA,GA-3,Lambarene,no,FOGR,LBQ,FOGR,,Africa/Libreville
2962,FOOB,medium_airport,Bitam Airport,2.07564,11.4932,1969,AF,GA,GA-9,Bitam,no,FOOB,BMM,FOOB,,Africa/Libreville
2963,FOOG,large_airport,Port Gentil International Airport,-0.711739,8.75438,13,AF,GA,GA-8,Port Gentil,yes,FOOG,POG,FOOG,,Africa/Libreville
2964,FOOH,medium_airport,Omboue Hospital Airport,-1.57473,9.26269,33,AF,GA,GA-8,Omboue,no,FOOH,OMB,FOOH,,Africa/Libreville
2965,FOOK,medium_airport,Makokou Airport,0.5792109966278076,12.890899658203125,1726,AF,GA,GA-6,Makokou,yes,FOOK,MKU,FOOK,,Africa/Libreville
2966,FOOL,large_airport,Libreville Leon M'ba International Airport,0.458951,9.41214,39,AF,GA,GA-1,Libreville,yes,FOOL,LBV,FOOL,,Africa/Libreville
2967,FOON,medium_airport,M'Vengue El Hadj Omar Bongo Ondimba International Airport,-1.65616,13.438,1450,AF,GA,GA-2,Franceville,yes,FOON,MVB,FOON,,Africa/Libreville
2968,FPPR,medium_airport,Principe Airport,1.661155,7.411081,591,AF,ST,ST-P,São Tomé & Príncipe,yes,FPPR,PCP,FPPR,,Africa/Sao_Tome
2969,FPST,large_airport,São Tomé International Airport,0.378175,6.71215,33,AF,ST,ST-01,São Tomé,yes,FPST,TMS,FPST,,Africa/Sao_Tome
2970,FQBR,large_airport,Beira International Airport,-19.7964,34.9076,33,AF,MZ,MZ-S,Beira,yes,FQBR,BEW,FQBR,,Africa/Maputo
2971,FQCH,medium_airport,Chimoio Airport,-19.15130043029785,33.42900085449219,2287,AF,MZ,MZ-B,Chimoio,yes,FQCH,VPY,FQCH,,Africa/Maputo
2972,FQIN,medium_airport,Inhambane Airport,-23.8764,35.408501,30,AF,MZ,MZ-I,Inhambane,yes,FQIN,INH,FQIN,,Africa/Maputo
2973,FQLC,medium_airport,Lichinga Airport,-13.274,35.2663,4505,AF,MZ,MZ-A,Lichinga,yes,FQLC,VXC,FQLC,,Africa/Maputo
2975,FQMA,large_airport,Maputo Airport,-25.920799,32.572601,145,AF,MZ,MZ-MPM,Maputo,yes,FQMA,MPM,FQMA,,Africa/Maputo
2976,FQMD,medium_airport,Mueda Airport,-11.6729,39.563099,2789,AF,MZ,MZ-P,Mueda,no,FQMD,MUD,FQMD,,Africa/Maputo
2977,FQMP,medium_airport,Mocímboa da Praia Airport,-11.3618,40.3549,89,AF,MZ,MZ-P,Mocímboa da Praia,no,FQMP,MZB,FQMP,,Africa/Maputo
2979,FQNC,medium_airport,Nacala International Airport,-14.4882,40.7122,410,AF,MZ,MZ-N,Nacala,yes,FQNC,MNC,FQNC,,Africa/Maputo
2980,FQNP,large_airport,Nampula Airport,-15.1056,39.281799,1444,AF,MZ,MZ-N,Nampula,yes,FQNP,APL,FQNP,,Africa/Maputo
2981,FQPB,medium_airport,Pemba Airport,-12.993302,40.524867,331,AF,MZ,MZ-P,Pemba,yes,FQPB,POL,FQPB,,Africa/Maputo
2982,FQQL,medium_airport,Quelimane Airport,-17.855499267578125,36.86909866333008,36,AF,MZ,MZ-Q,Quelimane,yes,FQQL,UEL,FQQL,,Africa/Maputo
2984,FQTT,large_airport,Tete Airport,-16.104799,33.640202,525,AF,MZ,MZ-T,Tete,yes,FQTT,TET,FQTT,,Africa/Maputo
2986,FQVL,medium_airport,Vilankulo Airport,-22.018400192260742,35.31330108642578,46,AF,MZ,MZ-I,Vilanculo,yes,FQVL,VNX,FQVL,,Africa/Maputo
32579,FQXA,small_airport,Xai-Xai Chongoene Airport,-24.892909,33.753024,291,AF,MZ,MZ-G,Xai-Xai,yes,FQXA,VJB,FQXA,,Africa/Maputo
43505,FR-0165,heliport,Ile D'Yeu Port Joinville Heliport,46.72833,-2.350677,10,EU,FR,FR-PDL,Port Joinville (Ile D'Yeu),yes,,,,,
35155,FR-JCA,heliport,Cannes Croisette Heliport,43.535287,7.038296,,EU,FR,FR-PAC,"Cannes, Alpes-Maritimes",yes,,,,,
2990,FSAL,small_airport,Alphonse Airport,-7.00478,52.7262,10,AF,SC,SC-26,Alphonse Island,yes,FSAL,,FSAL,,Indian/Mahe
2993,FSIA,large_airport,Seychelles International Airport,-4.67434,55.521801,10,AF,SC,SC-20,Victoria,yes,FSIA,SEZ,FSIA,,Indian/Mahe
2994,FSPP,medium_airport,Praslin Island Airport,-4.319256,55.691561,10,AF,SC,SC-14,Praslin Island,yes,FSPP,PRI,FSPP,,Indian/Mahe
507351,FTFY,medium_airport,Ouadi Doum Air Base,18.52793,20.188644,1308,AF,TD,TD-EO,Wadi Doum,no,,,FTFY,,
2996,FTTC,medium_airport,Abeche Airport,13.847,20.844299,1788,AF,TD,TD-OD,Abeche,no,FTTC,AEH,FTTC,,Africa/Ndjamena
2997,FTTD,medium_airport,Moundou Airport,8.628503,16.074241,1407,AF,TD,TD-LO,Moundou,no,FTTD,MQQ,FTTD,,Africa/Ndjamena
2998,FTTJ,large_airport,N'Djamena International Airport,12.1337,15.034,968,AF,TD,TD-ND,N'Djamena,yes,FTTJ,NDJ,FTTJ,,Africa/Ndjamena
2999,FTTY,medium_airport,Faya-Largeau Airport,17.917101,19.111099,771,AF,TD,TD-BO,Faya-Largeau,no,FTTY,FYT,FTTY,,Africa/Ndjamena
3000,FVBU,large_airport,Joshua Mqabuko Nkomo International Airport,-20.016284,28.622897,4359,AF,ZW,ZW-BU,Bulawayo,yes,FVJN,BUQ,FVJN,,Africa/Harare
3003,FVCZ,medium_airport,Buffalo Range Airport,-21.008101,31.5786,1421,AF,ZW,ZW-MV,Chiredzi,no,FVCZ,BFO,FVCZ,,Africa/Harare
3004,FVFA,large_airport,Victoria Falls International Airport,-18.097437,25.836867,3490,AF,ZW,ZW-MN,Victoria Falls,yes,FVFA,VFA,FVFA,,Africa/Harare
3005,FVHA,large_airport,Robert Gabriel Mugabe International Airport,-17.931801,31.0928,4887,AF,ZW,ZW-HA,Harare,yes,FVRG,HRE,FVRG,,Africa/Harare
3006,FVKB,medium_airport,Kariba Airport,-16.5198,28.885,1706,AF,ZW,ZW-MW,Kariba,yes,FVKB,KAB,FVKB,,Africa/Harare
3008,FVMT,medium_airport,Mutoko Airport,-17.4319,32.184502,3950,AF,ZW,ZW-ME,Mutoko,no,FVMT,,FVMT,,Africa/Harare
3010,FVMV,medium_airport,Masvingo International Airport,-20.0553,30.8591,3595,AF,ZW,ZW-MV,Masvingo,no,FVMV,MVZ,FVMV,,Africa/Harare
3013,FVTL,medium_airport,Josiah Tungamirai Air Force Base,-19.436718,29.861945,4680,AF,ZW,ZW-MI,Gweru,no,FVTL,GWE,FVTL,,Africa/Harare
3014,FVWN,medium_airport,Hwange National Park Airport,-18.6299,27.021,3543,AF,ZW,ZW-MN,Gwayi River Farms,no,FVWN,HWN,FVWN,,Africa/Harare
3015,FWCL,large_airport,Chileka International Airport,-15.677189,34.972319,2555,AF,MW,MW-BL,Blantyre,yes,FWCL,BLZ,FWCL,,Africa/Blantyre
30602,FWDW,medium_airport,Dwangwa Airport,-12.517527,34.131877,1605,AF,MW,MW-NK,Dwangwa,no,FWDW,DWA,FWDW,,Africa/Blantyre
3016,FWKA,medium_airport,Karonga Airport,-9.953571,33.893264,1765,AF,MW,MW-KR,Karonga,no,FWKA,KGJ,FWKA,,Africa/Blantyre
3018,FWKI,large_airport,Kamuzu International Airport,-13.7894,33.780998,4035,AF,MW,MW-LI,Lumbadzi,yes,FWKI,LLW,FWKI,,Africa/Blantyre
3020,FWUU,medium_airport,Mzuzu Airport,-11.4447,34.011799,4115,AF,MW,MW-MZ,Mzuzu,no,FWUU,ZZU,FWUU,,Africa/Blantyre
3022,FXMM,large_airport,Moshoeshoe I International Airport,-29.456277,27.554456,5348,AF,LS,LS-A,Maseru(Mazenod),yes,FXMM,MSU,FXMM,,Africa/Maseru
3024,FYAR,medium_airport,Arandis Airport,-22.461875,14.979322,1905,AF,NA,NA-ER,Arandis,no,FYAR,ADI,FYAR,,Africa/Windhoek
3026,FYGF,medium_airport,Grootfontein Airport,-19.6022,18.1227,4636,AF,NA,NA-OD,Grootfontein,no,FYGF,GFY,FYGF,,Africa/Windhoek
312717,FYHI,small_airport,Halali Airport,-19.0285,16.4585,3639,AF,NA,NA-OT,Halali,yes,FYHI,HAL,FYHI,,
3027,FYKM,medium_airport,Katima Mulilo Airport,-17.634258,24.176688,3144,AF,NA,NA-CA,Mpacha,yes,FYKM,MPA,FYKM,,Africa/Windhoek
3028,FYKT,medium_airport,Keetmanshoop Airport,-26.539801,18.111401,3506,AF,NA,NA-KA,Keetmanshoop,no,FYKT,KMP,FYKT,,Africa/Windhoek
3029,FYLZ,medium_airport,Luderitz Airport,-26.687400817871094,15.242899894714355,457,AF,NA,NA-KA,Luderitz,yes,FYLZ,LUD,FYLZ,,Africa/Windhoek
3030,FYML,medium_airport,Mariental Airport,-24.6054,17.9254,3650,AF,NA,NA-HA,Mariental,no,FYML,,FYML,,Africa/Windhoek
326993,FYNG,small_airport,Ongava Lodge Airstrip,-19.328533,15.915003,3740,AF,NA,NA-KU,Ombika,yes,FYNG,,FYNG,,
3031,FYOA,medium_airport,Ondangwa Airport,-17.878201,15.9526,3599,AF,NA,NA-ON,Ondangwa,yes,FYOA,OND,FYOA,,Africa/Windhoek
3032,FYOG,medium_airport,Oranjemund Airport,-28.585318,16.44638,14,AF,NA,NA-KA,Oranjemund,yes,FYOG,OMD,FYOG,,Africa/Johannesburg
3035,FYRU,medium_airport,Rundu Airport,-17.956499,19.7194,3627,AF,NA,NA-KE,Rundu,yes,FYRU,NDU,FYRU,,Africa/Windhoek
595415,FYTF,medium_airport,Twyfelfontein Airport,-20.54424,14.35879,1772,AF,NA,NA-KU,Twyfelfontein,yes,FYTF,,FYTF,,
3036,FYTM,medium_airport,Tsumeb Airport,-19.262079,17.732509,4353,AF,NA,NA-OT,Tsumeb,no,FYTM,TSB,FYTM,,Africa/Windhoek
3037,FYWB,large_airport,Walvis Bay International Airport,-22.979332,14.647102,299,AF,NA,NA-ER,Walvis Bay(Rooikop),yes,FYWB,WVB,FYWB,,Africa/Windhoek
3038,FYWE,medium_airport,Eros Airport,-22.60492,17.079002,5575,AF,NA,NA-KH,Windhoek,yes,FYWE,ERS,FYWE,,Africa/Windhoek
3039,FYWH,large_airport,Hosea Kutako International Airport,-22.4799,17.4709,5640,AF,NA,NA-KH,Windhoek,yes,FYWH,WDH,FYWH,,Africa/Windhoek
3040,FZAA,large_airport,Ndjili International Airport,-4.38575,15.4446,1027,AF,CD,CD-KN,Kinshasa,yes,FZAA,FIH,FZAA,,Africa/Kinshasa
3041,FZAB,medium_airport,Ndolo Airport,-4.32666015625,15.327500343323,915,AF,CD,CD-KN,N'dolo,no,FZAB,NLO,FZAB,,Africa/Kinshasa
31679,FZBA,small_airport,Inongo Airport,-1.94722,18.285801,1040,AF,CD,CD-MN,Inongo,yes,FZBA,INO,FZBA,,Africa/Kinshasa
3044,FZBO,medium_airport,Bandundu Airport,-3.31132,17.381701,1063,AF,CD,CD-KL,Bandundu,yes,FZBO,FDU,FZBO,,Africa/Kinshasa
3045,FZCA,medium_airport,Kikwit Airport,-5.03577,18.785601,1572,AF,CD,CD-KL,Kikwit,yes,FZCA,KKW,FZCA,,Africa/Kinshasa
3046,FZEA,medium_airport,Mbandaka Airport,0.0226000007242,18.2887001038,1040,AF,CD,CD-EQ,Mbandaka,yes,FZEA,MDK,FZEA,,Africa/Kinshasa
3047,FZFD,medium_airport,Gbadolite Airport,4.252745,20.975271,1509,AF,CD,CD-NU,Gbadolite,yes,FZFD,BDT,FZFD,,Africa/Kinshasa
3048,FZFK,medium_airport,Gemena Airport,3.23537,19.771299,1378,AF,CD,CD-SU,Gemena,yes,FZFK,GMA,FZFK,,Africa/Kinshasa
3050,FZGA,medium_airport,Lisala Airport,2.17066,21.496901,1509,AF,CD,CD-MO,Lisala,no,FZGA,LIQ,FZGA,,Africa/Lubumbashi
30779,FZGN,small_airport,Boende Airport,-0.286652,20.883551,1168,AF,CD,CD-TU,Boende,yes,FZGN,BNB,FZGN,,Africa/Kinshasa
3052,FZIC,large_airport,Bangoka International Airport,0.481639,25.337999,1417,AF,CD,CD-TO,Kisangani,yes,FZIC,FKI,FZIC,,Africa/Lubumbashi
3053,FZJH,medium_airport,Matari Airport,2.82761,27.588301,2438,AF,CD,CD-HU,Isiro,yes,FZJH,IRP,FZJH,,Africa/Lubumbashi
3054,FZKA,medium_airport,Bunia Airport,1.565743,30.220685,4045,AF,CD,CD-IT,Bunia,yes,FZKA,BUX,FZKA,,Africa/Lubumbashi
3055,FZKJ,medium_airport,Buta Zega Airport,2.818058,24.793997,1378,AF,CD,CD-BU,Buta,no,FZKJ,BZU,FZKJ,,Africa/Lubumbashi
3056,FZMA,medium_airport,Bukavu Kavumu Airport,-2.30898,28.8088,5643,AF,CD,CD-SK,Kamakombe,no,FZMA,BKY,FZMA,,Africa/Lubumbashi
3057,FZNA,large_airport,Goma International Airport,-1.666758,29.238037,5089,AF,CD,CD-NK,Goma,yes,FZNA,GOM,FZNA,,Africa/Kigali
3058,FZOA,medium_airport,Kindu Airport,-2.91917991638,25.915399551399997,1630,AF,CD,CD-MA,Kindu,yes,FZOA,KND,FZOA,,Africa/Lubumbashi
3059,FZQA,large_airport,Lubumbashi International Airport,-11.591494,27.530753,4295,AF,CD,CD-HK,Lubumbashi,yes,FZQA,FBM,FZQA,,Africa/Lubumbashi
3060,FZQM,medium_airport,Kolwezi Airport,-10.7659,25.505699,5007,AF,CD,CD-LU,Kolwezi,yes,FZQM,KWZ,FZQM,,Africa/Lubumbashi
3061,FZRF,medium_airport,Kalemie Airport,-5.87556,29.25,2569,AF,CD,CD-TA,Kalemie,yes,FZRF,FMI,FZRF,,Africa/Lubumbashi
3062,FZSA,medium_airport,Kamina Air Base,-8.64202,25.252899,3543,AF,CD,CD-HL,Lumwe,no,FZSA,,FZSA,,Africa/Lubumbashi
31455,FZSB,small_airport,Kamina City Airport,-8.728878,24.991407,3475,AF,CD,CD-HL,Kamina,yes,FZSB,KMN,FZSB,,Africa/Lubumbashi
3063,FZUA,medium_airport,Kananga Airport,-5.90005,22.4692,2139,AF,CD,CD-KC,Kananga,yes,FZUA,KGA,FZUA,,Africa/Lubumbashi
31484,FZVJ,small_airport,Tshumbe Airport,-4.039285,24.365616,1804,AF,CD,CD-SA,Tshumbe,yes,FZVJ,,FZVJ,,Africa/Lubumbashi
32156,FZVS,small_airport,Ilebo Airport,-4.329919,20.590124,1450,AF,CD,CD-KS,Ilebo,yes,FZVS,PFR,FZVS,,Africa/Lubumbashi
3064,FZWA,medium_airport,Mbuji Mayi Airport,-6.121240139010001,23.569000244099996,2221,AF,CD,CD-KE,Mbuji Mayi,yes,FZWA,MJM,FZWA,,Africa/Lubumbashi
35322,GA-GAX,small_airport,Gamba Airport,-2.785278,10.047222,30,AF,GA,GA-8,Gamba,yes,FOGX,GAX,FOGX,,
3066,GABS,large_airport,Modibo Keita International Airport,12.5335,-7.94994,1247,AF,ML,ML-2,Bamako,yes,GABS,BKO,GABS,,Africa/Bamako
3067,GAGO,medium_airport,Gao International Airport,16.248466,-0.005389,870,AF,ML,ML-7,Gao,yes,GAGO,GAQ,GAGO,,Africa/Bamako
3068,GAKY,medium_airport,Kayes Dag Dag Airport,14.482521,-11.399335,164,AF,ML,ML-1,Kayes,yes,GAKD,KYS,GAKD,,Africa/Bamako
3069,GAMB,medium_airport,Mopti Airport,14.5128,-4.07956,906,AF,ML,ML-5,Sévaré,yes,GAMB,MZI,GAMB,,Africa/Bamako
3071,GATB,large_airport,Tombouktou Airport,16.730499,-3.00758,863,AF,ML,ML-7,Timbuktu,yes,GATB,TOM,GATB,,Africa/Bamako
319159,GB-0347,heliport,Lundy Island Helipad,51.164763,-4.666801,,EU,GB,GB-ENG,Lundy Island,yes,,,,,
595229,GB-1313,heliport,Hartland Point Heliport,51.0187,-4.51816,,EU,GB,GB-ENG,"Bideford, Devon",yes,,,,,
595235,GB-1327,heliport,Penzance Heliport,50.130376,-5.513946,,EU,GB,GB-ENG,"Penzance, Cornwall",yes,EGHK,PZE,,,
31199,GB-FOA,small_airport,Foula Airfield,60.121916,-2.053439,150,EU,GB,GB-SCT,Foula,yes,,FOA,EG3G,,
3076,GBYD,large_airport,Banjul International Airport,13.338,-16.652201,95,AF,GM,GM-W,Banjul (Yundum),yes,GBYD,BJL,GBYD,,Africa/Banjul
3077,GCFV,large_airport,Fuerteventura Airport,28.4527,-13.8638,85,AF,ES,ES-CN,El Matorral,yes,GCFV,FUE,GCFV,,Atlantic/Canary
3078,GCGM,small_airport,La Gomera Airport,28.0296,-17.2146,716,AF,ES,ES-CN,"Alajero, La Gomera Island",yes,GCGM,GMZ,GCGM,,Atlantic/Canary
3079,GCHI,medium_airport,El Hierro Airport,27.8148,-17.8871,103,AF,ES,ES-CN,El Hierro Island,yes,GCHI,VDE,GCHI,,Atlantic/Canary
3080,GCLA,medium_airport,La Palma Airport,28.626499,-17.7556,107,AF,ES,ES-CN,"Sta Cruz de la Palma, La Palma Island",yes,GCLA,SPC,GCLA,,Atlantic/Canary
3081,GCLP,large_airport,Gran Canaria Airport,27.9319,-15.3866,78,AF,ES,ES-CN,Gran Canaria Island,yes,GCLP,LPA,GCLP,,Atlantic/Canary
3082,GCRR,large_airport,César Manrique-Lanzarote Airport,28.945499,-13.6052,46,AF,ES,ES-CN,San Bartolomé,yes,GCRR,ACE,GCRR,,Atlantic/Canary
3083,GCTS,large_airport,Tenerife Sur Airport,28.0445,-16.5725,209,AF,ES,ES-CN,Tenerife,yes,GCTS,TFS,GCTS,,Atlantic/Canary
3084,GCXO,large_airport,Tenerife Norte-Ciudad de La Laguna Airport,28.482752,-16.341707,2076,AF,ES,ES-CN,Tenerife,yes,GCXO,TFN,GCXO,,Atlantic/Canary
44554,GE-0007,medium_airport,Ozurgeti Air Base,41.9291,41.863499,,AS,GE,GE-GU,Ozurgeti,no,,,,,
44938,GE-0010,medium_airport,Senaki Air Base,42.2403057198,42.0454931259,,AS,GE,GE-SZ,Senaki,no,,,,,
35151,GECE,heliport,Ceuta Heliport,35.892657,-5.306321,8,AF,ES,ES-CE,Ceuta,yes,GECE,JCU,GECE,,
3093,GEML,medium_airport,Melilla Airport,35.2798,-2.95626,156,AF,ES,ES-ML,Melilla,yes,GEML,MLN,GEML,,Africa/Casablanca
31728,GFBO,medium_airport,Bo Airport,7.9444,-11.761,328,AF,SL,SL-S,Bo,no,GFBO,KBS,GFBO,,Africa/Freetown
31741,GFKE,medium_airport,Kenema Airport,7.896364,-11.174126,485,AF,SL,SL-E,Kenema,no,GFKE,KEN,GFKE,,Africa/Freetown
3095,GFLL,large_airport,Lungi International Airport,8.61644,-13.1955,84,AF,SL,SL-N,Freetown (Lungi-Town),yes,GFLL,FNA,GFLL,,Africa/Freetown
32689,GFYE,medium_airport,Yengema Airport,8.61047,-11.0454,1300,AF,SL,SL-E,Yengema,no,GFYE,WYE,GFYE,,Africa/Freetown
3097,GGOV,large_airport,Osvaldo Vieira International Airport,11.894262,-15.653596,129,AF,GW,GW-BS,Bissau,yes,GGOV,OXB,GGOV,,Africa/Bissau
429724,GL-0012,medium_airport,Qaqortoq Airport,60.76383,-46.065001,505,NA,GL,GL-KU,Qaqortoq,yes,BGQO,JJU,BGQO,,
35284,GL-QCU,heliport,Akunnaaq Heliport,68.744273,-52.340369,59,NA,GL,GL-QK,Akunnaaq,yes,,QCU,BGAK,,
32335,GLGE,medium_airport,Greenville/Sinoe Airport,5.032124,-9.064236,10,AF,LR,LR-SI,Greenville,no,GLGE,SNI,GLGE,,Africa/Monrovia
3098,GLMR,medium_airport,Spriggs Payne Airport,6.28906,-10.7587,25,AF,LR,LR-MO,Monrovia,yes,GLMR,MLW,GLMR,,Africa/Monrovia
3099,GLRB,large_airport,Roberts International Airport,6.23379,-10.3623,31,AF,LR,LR-MG,Monrovia,yes,GLRB,ROB,GLRB,,Africa/Monrovia
3101,GMAD,large_airport,Al Massira Airport,30.322478,-9.412003,250,AF,MA,MA-09,Agadir (Temsia),yes,GMAD,AGA,GMAD,,Africa/Casablanca
3102,GMAT,medium_airport,Tan Tan Airport,28.447563,-11.161749,653,AF,MA,MA-10,Tan Tan,yes,GMAT,TTA,GMAT,,Africa/Casablanca
429847,GMAZ,large_airport,Zagora Airport,30.265788,-5.860808,2414,AF,MA,MA-08,Zagora,yes,GMAZ,OZG,GMAZ,,Africa/Casablanca
300605,GMFB,medium_airport,Bouarfa Airport,32.514306,-1.983056,3630,AF,MA,MA-02,Bouarfa,yes,GMFB,UAR,GMFB,,Africa/Casablanca
3103,GMFF,large_airport,Fes Saïss International Airport,33.927299,-4.97796,1900,AF,MA,MA-03,Saïss,yes,GMFF,FEZ,GMFF,,Africa/Casablanca
3105,GMFK,medium_airport,Moulay Ali Cherif Airport,31.9475002289,-4.39833021164,3428,AF,MA,MA-08,Errachidia,yes,GMFK,ERH,GMFK,,Africa/Casablanca
3106,GMFM,medium_airport,Bassatine Airport,33.879101,-5.51512,1890,AF,MA,MA-03,Meknes,no,GMFM,MEK,GMFM,,Africa/Casablanca
3107,GMFO,large_airport,Oujda Angads Airport,34.789558,-1.926041,1535,AF,MA,MA-02,Ahl Angad,yes,GMFO,OUD,GMFO,,Africa/Casablanca
3108,GMMA,medium_airport,Smara Airport,26.731987,-11.683655,350,AF,EH,EH-U-A,Smara,yes,GMMA,SMW,GMMA,,Africa/El_Aaiun
29694,GMMD,large_airport,Beni Mellal Airport,32.401895,-6.315905,1694,AF,MA,MA-05,Oulad Yaich,yes,GMMD,BEM,GMMD,,Africa/Casablanca
3109,GMME,large_airport,Rabat-Salé Airport,34.051498,-6.75152,276,AF,MA,MA-04,Rabat,yes,GMME,RBA,GMME,,Africa/Casablanca
3110,GMMH,large_airport,Dakhla Airport,23.7183,-15.932,36,AF,EH,EH-U-A,Dakhla,yes,GMMH,VIL,GMMH,,Africa/El_Aaiun
3111,GMMI,medium_airport,Essaouira-Mogador Airport,31.397499,-9.68167,384,AF,MA,MA-07,Essaouira,yes,GMMI,ESU,GMMI,,Africa/Casablanca
3112,GMML,large_airport,Laayoune Hassan I International Airport,27.142467,-13.224947,207,AF,EH,EH-U-A,El Aaiún,yes,GMML,EUN,GMML,,Africa/El_Aaiun
3113,GMMN,large_airport,Mohammed V International Airport,33.3675,-7.58997,656,AF,MA,MA-06,Casablanca,yes,GMMN,CMN,GMMN,,Africa/Casablanca
3114,GMMW,large_airport,Nador Al Aaroui International Airport,34.9888,-3.02821,574,AF,MA,MA-02,Al Aaroui,yes,GMMW,NDR,GMMW,,Africa/Casablanca
3115,GMMX,large_airport,Marrakesh Menara Airport,31.604807,-8.035788,1545,AF,MA,MA-07,Marrakesh,yes,GMMX,RAK,GMMX,,Africa/Casablanca
3116,GMMY,medium_airport,Kenitra Air Base,34.298901,-6.59588,16,AF,MA,MA-04,Kenitra,no,GMMP,NNA,GMMP,,Africa/Casablanca
3117,GMMZ,large_airport,Ouarzazate International Airport,30.9391,-6.90943,3782,AF,MA,MA-08,Ouarzazate,yes,GMMZ,OZZ,GMMZ,,Africa/Casablanca
3119,GMTA,medium_airport,Cherif Al Idrissi Airport,35.177101,-3.83952,95,AF,MA,MA-01,Al Hoceima,yes,GMTA,AHU,GMTA,,Africa/Casablanca
3120,GMTN,large_airport,Sania Ramel Airport,35.594299,-5.32002,10,AF,MA,MA-01,Tétouan,yes,GMTN,TTU,GMTN,,Africa/Casablanca
3121,GMTT,large_airport,Tangier Ibn Battuta Airport,35.731741,-5.921459,62,AF,MA,MA-01,Tangier,yes,GMTT,TNG,GMTT,,Africa/Casablanca
17597,GNU,small_airport,Goodnews Airport,59.117561,-161.575241,15,NA,US,US-AK,Goodnews,yes,,GNU,GNU,GNU,
325736,GOBD,large_airport,Blaise Diagne International Airport,14.670878,-17.072829,290,AF,SN,SN-DK,Dakar,yes,GOBD,DSS,GOBD,,Africa/Dakar
3122,GOGG,medium_airport,Ziguinchor Airport,12.55559,-16.283298,75,AF,SN,SN-ZG,Ziguinchor,yes,GOGG,ZIG,GOGG,,Africa/Dakar
3123,GOGS,medium_airport,Cap Skirring Airport,12.39533,-16.748,52,AF,SN,SN-ZG,Cap Skirring,yes,GOGS,CSK,GOGS,,Africa/Dakar
3124,GOOK,medium_airport,Kaolack Airport,14.146900177001953,-16.051300048828125,26,AF,SN,SN-FK,Kaolack,no,GOOK,KLC,GOOK,,Africa/Dakar
3125,GOOY,large_airport,Léopold Sédar Senghor International Airport,14.742337,-17.479222,85,AF,SN,SN-DK,Dakar,no,GOOY,DKR,GOOY,,Africa/Dakar
31879,GOSM,medium_airport,Ouro Sogui Airport,15.5936,-13.3228,85,AF,SN,SN-MT,Ouro Sogui,no,GOSM,MAX,GOSM,,Africa/Dakar
3126,GOSS,medium_airport,Saint Louis Airport,16.049814,-16.461039,9,AF,SN,SN-SL,Saint Louis,no,GOSS,XLS,GOSS,,Africa/Dakar
3127,GOTB,medium_airport,Bakel Airport,14.847299575805664,-12.468299865722656,98,AF,SN,SN-TC,Bakel,no,GOTB,BXE,GOTB,,Africa/Dakar
3128,GOTK,medium_airport,Kédougou Airport,12.57229995727539,-12.22029972076416,584,AF,SN,SN-TC,Kédougou,no,GOTK,KGG,GOTK,,Africa/Dakar
3129,GOTT,medium_airport,Tambacounda Airport,13.7368,-13.6531,161,AF,SN,SN-TC,Tambacounda,no,GOTT,TUD,GOTT,,Africa/Dakar
323315,GQNO,large_airport,Nouakchott–Oumtounsy International Airport,18.31,-15.969722,9,AF,MR,MR-NKC,Nouakchott,yes,GQNO,NKC,GQNO,,Africa/Nouakchott
3137,GQPA,medium_airport,Atar International Airport,20.505823,-13.043744,734,AF,MR,MR-07,Atar,no,GQPA,ATR,GQPA,,Africa/Nouakchott
3138,GQPP,large_airport,Nouadhibou International Airport,20.932404,-17.030199,24,AF,MR,MR-08,Nouadhibou,yes,GQPP,NDB,GQPP,,Africa/El_Aaiun
32135,GQPZ,medium_airport,Tazadit Airport,22.757345,-12.482228,1119,AF,MR,MR-11,Zouérate,yes,GQPZ,OUZ,GQPZ,,Africa/Nouakchott
604508,GR-0109,medium_airport,(*)Kasteli Hellenic Air Force Base,35.191341,25.326588,1180,EU,GR,GR-M,Kasteli,no,LGTL,,,,Europe/Athens
3146,GUCY,large_airport,Ahmed Sékou Touré International Airport,9.57689,-13.612,72,AF,GN,GN-C,Conakry,yes,GUCY,CKY,GUCY,,Africa/Conakry
3150,GVAC,large_airport,Amílcar Cabral International Airport,16.7414,-22.9494,177,AF,CV,CV-B,Espargos,yes,GVAC,SID,GVAC,,Atlantic/Cape_Verde
3151,GVBA,large_airport,Aristides Pereira International Airport,16.136499,-22.888901,69,AF,CV,CV-B,Rabil,yes,GVBA,BVC,GVBA,,Atlantic/Cape_Verde
3152,GVMA,medium_airport,Maio Airport,15.155900001525879,-23.213699340820312,36,AF,CV,CV-S,Vila do Maio,yes,GVMA,MMO,GVMA,,Atlantic/Cape_Verde
3153,GVNP,large_airport,Nelson Mandela International Airport,14.941126,-23.484728,230,AF,CV,CV-S,Praia,yes,GVNP,RAI,GVNP,,Atlantic/Cape_Verde
32287,GVSF,small_airport,São Filipe Airport,14.8850002289,-24.4799995422,617,AF,CV,CV-S,São Filipe,yes,GVSF,SFL,GVSF,,Atlantic/Cape_Verde
3154,GVSN,medium_airport,Preguiça Airport,16.588852,-24.284132,669,AF,CV,CV-B,Preguiça,yes,GVSN,SNE,GVSN,,Atlantic/Cape_Verde
3155,GVSV,large_airport,Cesaria Evora International Airport,16.833363,-25.055308,66,AF,CV,CV-B,São Pedro,yes,GVSV,VXE,GVSV,,Atlantic/Cape_Verde
3157,HAAB,large_airport,Addis Ababa Bole International Airport,8.97789,38.799301,7630,AF,ET,ET-AA,Addis Ababa,yes,HAAB,ADD,HAAB,,Africa/Addis_Ababa
3159,HAAM,medium_airport,Arba Minch Airport,6.03939,37.5905,3901,AF,ET,ET-SN,Arba Minch,yes,HAAM,AMH,HAAM,,Africa/Addis_Ababa
3160,HAAX,medium_airport,Axum Airport,14.1468,38.7728,6959,AF,ET,ET-TI,Axum,yes,HAAX,AXU,HAAX,,Africa/Addis_Ababa
3161,HABD,medium_airport,Bahir Dar Airport,11.6081,37.321602,5978,AF,ET,ET-AM,Bahir Dar,yes,HABD,BJR,HABD,,Africa/Addis_Ababa
507651,HADC,small_airport,Kombolcha Airport,11.10975,39.725911,6120,AF,ET,ET-AM,Dessie,yes,HADC,DSE,HADC,,Africa/Addis_Ababa
30885,HADD,small_airport,Dembidollo Airport,8.554,34.858002,5200,AF,ET,ET-OR,Dembidollo,yes,HADD,DEM,HADD,,Africa/Addis_Ababa
30882,HADM,small_airport,Debre Markos Airport,10.321501,37.741887,8136,AF,ET,ET-AM,Debre Markos,yes,HADM,DBM,HADM,,Africa/Addis_Ababa
3162,HADR,large_airport,Aba Tenna Dejazmach Yilma International Airport,9.623549,41.855027,3827,AF,ET,ET-DD,Dire Dawa,yes,HADR,DIR,HADR,,Africa/Addis_Ababa
3163,HAGM,medium_airport,Gambela Airport,8.12876,34.563099,1614,AF,ET,ET-GA,Gambela,yes,HAGM,GMB,HAGM,,Africa/Addis_Ababa
3164,HAGN,medium_airport,Gondar Airport,12.5199,37.433998,6449,AF,ET,ET-AM,Azezo,yes,HAGN,GDQ,HAGN,,Africa/Addis_Ababa
3165,HAGO,medium_airport,Gode Airport,5.93513011932,43.5786018372,834,AF,ET,ET-SO,Gode,yes,HAGO,GDE,HAGO,,Africa/Addis_Ababa
300239,HAHM,medium_airport,Harar Meda Airport,8.7163,39.0059,6201,AF,ET,ET-OR,Debre Zeyit,no,HAHM,QHR,HAHM,,Africa/Addis_Ababa
31653,HAHU,small_airport,Humera Airport,13.83012,36.88237,1930,AF,ET,ET-TI,Akwi,yes,HAHU,HUE,HAHU,,Africa/Addis_Ababa
313314,HAJJ,large_airport,Gerad Wilwal International Airport,9.331907,42.911811,5954,AF,ET,ET-SO,Jijiga,yes,HAJJ,JIJ,HAJJ,,Africa/Addis_Ababa
525781,HAJK,medium_airport,Jinka Airport,5.749655,36.560165,4475,AF,ET,ET-SN,Jinka,yes,HABC,BCO,HABC,,Africa/Addis_Ababa
3166,HAJM,medium_airport,Jimma Airport,7.66609001159668,36.81660079956055,5500,AF,ET,ET-OR,Jimma,yes,HAJM,JIM,HAJM,,Africa/Addis_Ababa
30612,HAKD,medium_airport,Kebri Dahar Airport,6.732577,44.241339,1800,AF,ET,ET-SO,Kebri Dahar,yes,HAKD,ABK,HAKD,,Africa/Addis_Ababa
30664,HALA,large_airport,Hawassa International Airport,7.100611,38.396455,5450,AF,ET,ET-XSD,Hawassa,yes,HALA,AWA,HALA,,Africa/Addis_Ababa
3168,HAMK,medium_airport,Mekele Alula Aba Nega Airport,13.4674,39.533501,7396,AF,ET,ET-TI,Mekele,yes,HAMK,MQX,HAMK,,Africa/Addis_Ababa
31960,HAMT,small_airport,Mizan Teferi Airport,6.9571,35.5547,4396,AF,ET,ET-SW,Mizan Teferi,yes,HAMT,MTF,HAMT,,Africa/Addis_Ababa
28145,HASL,small_airport,Shilavo Airport,6.077545,44.763736,1296,AF,ET,ET-SO,Shilavo,yes,HASL,HIL,HASL,,
314658,HASM,small_airport,Semera Airport,11.7875,40.9915,1390,AF,ET,ET-AF,Semera,yes,HASM,SZE,HASM,,Africa/Addis_Ababa
3169,HASO,medium_airport,Asosa Airport,10.018500328063965,34.586299896240234,5100,AF,ET,ET-BE,Asosa,yes,HASO,ASO,HASO,,Africa/Addis_Ababa
32448,HATP,small_airport,Tippi Airport,7.2024,35.415,1100,AF,ET,ET-SW,Tippi,yes,HATP,TIE,HATP,,Africa/Addis_Ababa
3170,HBBA,large_airport,Bujumbura Melchior Ndadaye International Airport,-3.32402,29.318501,2582,AF,BI,BI-BM,Bujumbura,yes,HBBA,BJM,HBBA,,Africa/Bujumbura
31529,HBBE,medium_airport,Gitega Airport,-3.417209,29.911308,5741,AF,BI,BI-GI,Gitega,yes,HBBE,GID,HBBE,,Africa/Bujumbura
307094,HBBO,small_airport,Kirundo Airport,-2.544772,30.094575,4511,AF,BI,BI-KI,Kirundo,yes,HBBO,KRE,HBBO,,Africa/Bujumbura
318151,HBT,seaplane_base,Hambantota Seaplane Base,6.124043,81.103,0,AS,LK,LK-3,Hambantota,yes,,HBT,,,Asia/Riyadh
30792,HCMF,large_airport,Bender Qassim International Airport,11.275235,49.139231,3,AF,SO,SO-BR,Bosaso,yes,HCMF,BSA,HCMF,,Africa/Mogadishu
3171,HCMH,large_airport,Egal International Airport,9.514082,44.083469,4471,AF,SO,SO-WO,Hargeisa,yes,HCMH,HGA,HCMH,,Africa/Mogadishu
3172,HCMI,medium_airport,Berbera Airport,10.385035,44.936723,30,AF,SO,SO-WO,Berbera,yes,HCMI,BBO,HCMI,,Africa/Mogadishu
3173,HCMK,medium_airport,Kismayo Airport,-0.377353,42.459202,49,AF,SO,SO-JH,Kismayo,no,HCMK,KMU,HCMK,,Africa/Mogadishu
31899,HCMM,large_airport,Aden Adde International Airport,2.01444,45.304699,29,AF,SO,SO-BN,Mogadishu,yes,HCMM,MGQ,HCMM,,Africa/Mogadishu
31572,HCMN,small_airport,Beledweyne Airport,4.766976,45.2388,559,AF,SO,SO-HI,Beledweyne,yes,HCMN,BLW,HCMN,,Africa/Mogadishu
31536,HCMR,small_airport,Galcaio Airport,6.78082990646,47.45470047,975,AF,SO,SO-MU,Galcaio,yes,HCMR,GLK,HCMR,,Africa/Mogadishu
319714,HCMW,small_airport,Garowe Airport,8.458474,48.568136,1465,AF,SO,SO-NU,Garowe,yes,HCGR,GGR,HCGR,,
3174,HDAM,large_airport,Djibouti-Ambouli Airport,11.5473,43.1595,49,AF,DJ,DJ-DJ,Djibouti City,yes,HDAM,JIB,HDAM,,Africa/Djibouti
42471,HE16,medium_airport,Birma Air Base,30.836599,30.936001,,AF,EG,EG-GH,Tanta,no,,,HE16,,Africa/Cairo
2368,HE28,medium_airport,Gebel El Basur Air Base,30.540501,30.5602,85,AF,EG,EG-BH,Markaz Ad Delingat,no,,,,,
2372,HE32,medium_airport,Al Mansurah Airbase,30.9676,31.4342,13,AF,EG,EG-DK,Mansoura,no,,,,,
2375,HE35,medium_airport,Abu Suwayr Air Base,30.57270050048828,32.095298767089844,49,AF,EG,EG-IS,Abu Suwayr,no,,,,,
2376,HE36,medium_airport,Bardawil International Airport,30.410714,33.15535,1060,AS,EG,EG-SIN,El Hassana,no,,RDL,,,
2377,HE37,medium_airport,Bilbeis Air Base,30.394899,31.6014,90,AF,EG,EG-SHR,Bilbeis,no,,,,,
2382,HE42,medium_airport,Quesna Airport,30.579,31.1292,33,AF,EG,EG-MNF,Quesna,no,,,,,
3175,HEAL,large_airport,El Alamein International Airport,30.924324,28.46161,154,AF,EG,EG-MT,El Alamein,yes,HEAL,DBB,HEAL,,Africa/Cairo
3176,HEAR,large_airport,El Arish International Airport,31.055324,33.827964,118,AS,EG,EG-SIN,El Arish,yes,HEAR,AAC,HEAR,,Africa/Cairo
3177,HEAT,large_airport,Asyut International Airport,27.045962,31.01276,748,AF,EG,EG-AST,Asyut,yes,HEAT,ATZ,HEAT,,Africa/Cairo
3179,HEAZ,medium_airport,Almaza Air Force Base,30.091702,31.359739,246,AF,EG,EG-C,El Nozha,no,,,HEAZ,,Africa/Cairo
3180,HEBA,large_airport,Alexandria International Airport,30.93249,29.696437,171,AF,EG,EG-ALX,Alexandria,yes,HEAX,HBE,HEAX,,Africa/Cairo
3181,HEBL,medium_airport,Abu Simbel Airport,22.375924,31.611734,614,AF,EG,EG-ASN,Abu Simbel,yes,HEBL,ABS,HEBL,,Africa/Cairo
3182,HEBS,medium_airport,Bani Sweif Air Base,29.20224,31.013471,102,AF,EG,EG-BNS,Bani Sweif,no,,,HEBS,,Africa/Cairo
3183,HECA,large_airport,Cairo International Airport,30.111534,31.396694,322,AF,EG,EG-C,Cairo,yes,HECA,CAI,HECA,,Africa/Cairo
2356,HECP,medium_airport,Capital International Airport,30.06465,31.839974,761,AF,EG,EG-C,New Cairo,yes,HECP,CCE,HECP,,Africa/Cairo
3184,HECW,medium_airport,Cairo West Air Base,30.116431,30.915535,557,AF,EG,EG-GZ,Cairo,no,HECW,,HECW,,Africa/Cairo
3186,HEGN,large_airport,Hurghada International Airport,27.176776,33.796692,32,AF,EG,EG-BA,Hurghada,yes,HEGN,HRG,HEGN,,Africa/Cairo
3188,HEGR,medium_airport,El Jora Airport,31.078138,34.153131,331,AS,EG,EG-SIN,El Jora,no,HEGR,EGH,HEGR,,Africa/Cairo
3189,HEGS,medium_airport,Jiyanklis Air Base,30.819799,30.1912,49,AF,EG,EG-BH,Abu El Matamir,no,,,HEGS,,Africa/Cairo
2383,HEIS,medium_airport,Al Ismailiyya Air Base,30.597951,32.235689,43,AF,EG,EG-IS,Al Ismailiyya,no,,,HEIS,,
3191,HELX,large_airport,Luxor International Airport,25.671018,32.706446,276,AF,EG,EG-LX,Luxor,yes,HELX,LXR,HELX,,Africa/Cairo
3192,HEMA,large_airport,Marsa Alam International Airport,25.555548,34.59245,213,AF,EG,EG-BA,Marsa Alam,yes,HEMA,RMF,HEMA,,Africa/Cairo
3193,HEMM,large_airport,Mersa Matruh International Airport,31.324313,27.22227,75,AF,EG,EG-MT,Marsa Matruh,yes,HEMM,MUH,HEMM,,Africa/Cairo
3196,HEPS,large_airport,Port Said International Airport,31.279285,32.240582,10,AF,EG,EG-PTS,Port Said,yes,HEPS,PSD,HEPS,,Africa/Cairo
3197,HESC,medium_airport,Saint Catherine International Airport,28.684292,34.064409,4402,AS,EG,EG-JS,Saint Catherine,no,HESC,SKV,HESC,,Africa/Cairo
300893,HESG,large_airport,Suhaj International Airport,26.342515,31.743017,322,AF,EG,EG-SHG,Suhaj,yes,HESG,HMB,HESG,,Africa/Cairo
3198,HESH,large_airport,Sharm El Sheikh International Airport,27.977272,34.394717,191,AS,EG,EG-JS,Sharm El Sheikh,yes,HESH,SSH,HESH,,Africa/Cairo
3199,HESN,large_airport,Aswan International Airport,23.961075,32.820382,650,AF,EG,EG-ASN,Aswan,yes,HESN,ASW,HESN,,Africa/Cairo
335334,HESX,large_airport,Sphinx International Airport,30.108179,30.895728,510,AF,EG,EG-GZ,Al Jiza,yes,HESX,SPX,HESX,,Africa/Cairo
3200,HETB,medium_airport,Taba International Airport,29.594496,34.775752,2425,AS,EG,EG-JS,Taba,yes,HETB,TCP,HETB,,Africa/Cairo
3202,HHAS,medium_airport,Asmara International Airport,15.2919,38.910702,7661,AF,ER,ER-SK,Asmara,yes,HHAS,ASM,HHAS,,Africa/Asmara
3203,HHMS,medium_airport,Massawa International Airport,15.67,39.370098,194,AF,ER,ER-SK,Massawa,no,HHMS,MSW,HHMS,,Africa/Asmara
3204,HHSB,medium_airport,Assab International Airport,13.0718,42.645,46,AF,ER,ER-DK,Assab,no,HHSB,ASA,HHSB,,Africa/Asmara
3247,HJJJ,large_airport,Juba International Airport,4.87201,31.601101,1513,AF,SS,SS-EC,Juba,yes,HJJJ,JUB,HJJJ,,Africa/Juba
28481,HKAM,medium_airport,Amboseli Airport,-2.644786,37.252922,3755,AF,KE,KE-34,Ol Tukai,yes,HKAM,ASV,HKAM,,Africa/Nairobi
3205,HKEL,large_airport,Eldoret International Airport,0.404458,35.238899,6941,AF,KE,KE-27,Eldoret,yes,HKEL,EDL,HKEL,,Africa/Nairobi
3206,HKJK,large_airport,Jomo Kenyatta International Airport,-1.318886,36.928233,5330,AF,KE,KE-47,Nairobi,yes,HKJK,NBO,HKJK,,Africa/Nairobi
3208,HKKI,large_airport,Kisumu International Airport,-0.086139,34.728901,3734,AF,KE,KE-42,Kisumu,yes,HKKI,KIS,HKKI,,Africa/Nairobi
3209,HKKT,medium_airport,Kitale Airport,0.971989,34.958599,6070,AF,KE,KE-26,Kitale,no,HKKT,KTL,HKKT,,Africa/Nairobi
3210,HKLK,medium_airport,Lokichogio Airport,4.20412,34.348202,2074,AF,KE,KE-23,Lokichogio,no,HKLK,LKG,HKLK,,Africa/Nairobi
3211,HKLO,medium_airport,Lodwar Airport,3.12197,35.6087,1715,AF,KE,KE-23,Lodwar,no,HKLO,LOK,HKLO,,Africa/Nairobi
3212,HKLU,medium_airport,Manda Airport,-2.252431,40.912892,20,AF,KE,KE-05,Lamu,yes,HKLU,LAU,HKLU,,Africa/Nairobi
42703,HKMK,small_airport,Mulika Lodge Airport,0.165083,38.195141,2230,AF,KE,KE-12,Meru-Kinna,yes,HKMK,JJM,HKMK,,Africa/Nairobi
31988,HKML,medium_airport,Malindi International Airport,-3.22931,40.1017,80,AF,KE,KE-03,Malindi,yes,HKML,MYD,HKML,,Africa/Nairobi
3213,HKMO,large_airport,Moi International Airport,-4.03483,39.5942,200,AF,KE,KE-01,Mombasa,yes,HKMO,MBA,HKMO,,Africa/Nairobi
31594,HKMS,medium_airport,Mara Serena Lodge Airstrip,-1.404588,35.008349,5200,AF,KE,KE-33,Serena,yes,HKMS,MRE,HKMS,,Africa/Nairobi
28485,HKNK,medium_airport,Nakuru Lanet Airport,-0.298419,36.159193,6234,AF,KE,KE-32,Nakuru,no,HKNK,NUU,HKNK,,Africa/Nairobi
32066,HKNL,medium_airport,Nanyuki Civil Airport,-0.062352,37.041296,6250,AF,KE,KE-19,Gathiuru,yes,HKNL,NYK,HKNL,,Africa/Nairobi
3215,HKNW,medium_airport,Nairobi Wilson Airport,-1.32172,36.8148,5536,AF,KE,KE-47,Nairobi,yes,HKNW,WIL,HKNW,,Africa/Nairobi
44467,HKNY,medium_airport,Laikipia Air Base,0.029024,37.025196,,AF,KE,KE-31,Nanyuki,no,HKNY,,HKNY,,Africa/Nairobi
3216,HKRE,medium_airport,Moi Air Base,-1.27727,36.862301,5336,AF,KE,KE-47,Nairobi,no,HKRE,,HKRE,,Africa/Nairobi
3217,HKWJ,medium_airport,Wajir Airport,1.73324,40.091599,770,AF,KE,KE-08,Wajir,yes,HKWJ,WJR,HKWJ,,Africa/Nairobi
4582,HL56,medium_airport,Matan al-Sarra Air Base,21.6877,21.8309,1769,AF,LY,LY-KF,,no,,,HL56,HL56,Africa/Tripoli
4594,HL68,medium_airport,Bombah Airport,32.4529,23.118601,33,AF,LY,LY-DR,Bombah,no,,,HLBU,,
4602,HL77,medium_airport,Okba Ibn Nafa Air Base,32.473400116,11.897899627700001,253,AF,LY,LY-NQ,,no,,,,,
3219,HLGD,large_airport,Sirt International Airport / Ghardabiya Airbase,31.058578,16.597095,267,AF,LY,LY-SR,Sirt,no,HLGD,SRX,HLGD,HLGS,Africa/Tripoli
3221,HLGT,medium_airport,Ghat Airport,25.145599,10.1426,2296,AF,LY,LY-GT,Ghat,no,HLGT,GHT,HLGT,,Africa/Tripoli
3222,HLKF,medium_airport,Kufra Airport,24.178699493408203,23.31399917602539,1367,AF,LY,LY-KF,Kufra,yes,HLKF,AKF,HLKF,,Africa/Tripoli
3223,HLLB,large_airport,Benina International Airport,32.096802,20.269501,433,AF,LY,LY-BA,Benina,yes,HLLB,BEN,HLLB,,Africa/Tripoli
3224,HLLM,large_airport,Mitiga International Airport,32.89177,13.287878,36,AF,LY,LY-TB,Tripoli,yes,HLLM,MJI,HLLM,,Africa/Tripoli
3225,HLLQ,large_airport,Al Abraq International Airport,32.789036,21.954864,2157,AF,LY,LY-JA,Al Albraq,yes,HLLQ,LAQ,HLLQ,,Africa/Tripoli
3226,HLLS,medium_airport,Sabha Airport,26.992452,14.466162,1427,AF,LY,LY-SB,Sabha,yes,HLLS,SEB,HLLS,,Africa/Tripoli
3228,HLMB,medium_airport,Marsa al Brega Airport,30.378099,19.576401,50,AF,LY,LY-WA,Marsa al Brega,no,HLMB,LMQ,HLMB,,Africa/Tripoli
31944,HLMS,small_airport,Misrata International Airport,32.325001,15.061,60,AF,LY,LY-MI,Misrata,yes,HLMS,MRA,HLMS,,
3232,HLTD,medium_airport,Ghadames Airport,30.145484,9.702095,1122,AF,LY,LY-NL,Ghadames,yes,HLTD,LTD,HLTD,,Africa/Tripoli
3995,HR-0034,medium_airport,Udbina Airfield,44.557598,15.7744,2462,EU,HR,HR-09,Udbina,no,,,LDZU,,
3236,HRYG,medium_airport,Gisenyi Airport,-1.6772,29.2589,5082,AF,RW,RW-04,Gisenyi,no,HRYG,GYI,HRYG,,Africa/Kigali
3237,HRYR,large_airport,Kigali International Airport,-1.96863,30.1395,4859,AF,RW,RW-01,Kigali,yes,HRYR,KGL,HRYR,,Africa/Kigali
3238,HRZA,medium_airport,Kamembe Airport,-2.462239980697632,28.907899856567383,5192,AF,RW,RW-04,Kamembe,yes,HRZA,KME,HRZA,,Africa/Kigali
3239,HSDN,medium_airport,Dongola Airport,19.153666,30.430069,772,AF,SD,SD-01,Dongola,yes,HSDN,DOG,HSDN,,Africa/Khartoum
300862,HSFA,medium_airport,Paloich Airport,10.529167,32.500556,1290,AF,SS,SS-NU,Higleig,no,,,HJPH,,
3241,HSFS,medium_airport,El Fasher Airport,13.614899635314941,25.324600219726562,2393,AF,SD,SD-02,El Fasher,yes,HSFS,ELF,HSFS,,Africa/Khartoum
3242,HSKA,medium_airport,Kassala Airport,15.387499809265137,36.328800201416016,1671,AF,SD,SD-05,Kassala,yes,HSKA,KSL,HSKA,,Africa/Khartoum
300673,HSMN,medium_airport,Merowe Airport,18.443333,31.843333,897,AF,SD,SD-01,Merowe,no,HSMN,MWE,HSMN,,Africa/Khartoum
3244,HSNN,medium_airport,Nyala Airport,12.0535,24.9562,2106,AF,SD,SD-11,Nyala,yes,HSNN,UYL,HSNN,,Africa/Khartoum
3245,HSOB,medium_airport,El-Obeid Airport,13.1532,30.2327,1927,AF,SD,SD-09,El-Obeid,yes,HSOB,EBD,HSOB,,Africa/Khartoum
3246,HSPN,large_airport,Port Sudan New International Airport,19.434558,37.234125,135,AF,SD,SD-26,Port Sudan,yes,HSPN,PZU,HSPN,,Africa/Khartoum
347295,HSSG,medium_airport,Sabera Geneina Airport,13.4774,22.53722,2633,AF,SD,SD-12,Geneina,no,,,HSSG,,
3249,HSSK,large_airport,Khartoum International Airport,15.5895,32.5532,1265,AF,SD,SD-03,Khartoum,yes,HSSK,KRT,HSSK,,Africa/Khartoum
3248,HSSM,medium_airport,Malakal International Airport,9.558739,31.651937,1291,AF,SS,SS-NU,Malakal,yes,HSSM,MAK,HJMK,,Africa/Juba
30553,HSWW,medium_airport,Wau Airport,7.72583,27.975,1529,AF,SS,SS-BW,Wau,yes,HSWW,WUU,HJWW,,Africa/Juba
3250,HTAR,medium_airport,Arusha Airport,-3.3677899837493896,36.63330078125,4550,AF,TZ,TZ-01,Arusha,yes,HTAR,ARK,HTAR,,Africa/Dar_es_Salaam
30767,HTBU,small_airport,Bukoba Airport,-1.332,31.8212,3784,AF,TZ,TZ-05,Bukoba,yes,HTBU,BKZ,HTBU,,Africa/Dar_es_Salaam
3251,HTDA,large_airport,Julius Nyerere International Airport,-6.873499,39.207288,182,AF,TZ,TZ-02,Dar es Salaam,yes,HTDA,DAR,HTDA,,Africa/Dar_es_Salaam
3252,HTDO,medium_airport,Dodoma Airport,-6.170559,35.756036,3673,AF,TZ,TZ-03,Dodoma,yes,HTDO,DOD,HTDO,,Africa/Dar_es_Salaam
318875,HTGW,medium_airport,Songwe Airport,-8.919942,33.273981,4412,AF,TZ,TZ-14,Mbeya,yes,HTGW,MBI,HTGW,,Africa/Dar_es_Salaam
3253,HTIR,medium_airport,Iringa Airport,-7.66863,35.752102,4678,AF,TZ,TZ-04,Nduli,no,HTIR,IRI,HTIR,,Africa/Dar_es_Salaam
32454,HTKA,small_airport,Kigoma Airport,-4.8862,29.6709,2700,AF,TZ,TZ-08,Kigoma,yes,HTKA,TKQ,HTKA,,Africa/Dar_es_Salaam
3254,HTKJ,large_airport,Kilimanjaro International Airport,-3.427049,37.07353,2932,AF,TZ,TZ-01,Arusha,yes,HTKJ,JRO,HTKJ,,Africa/Dar_es_Salaam
3255,HTLM,medium_airport,Lake Manyara Airport,-3.37631,35.818298,4150,AF,TZ,TZ-26,Lake Manyara National Park,no,HTLM,LKY,HTLM,,Africa/Dar_es_Salaam
31893,HTMA,small_airport,Mafia Airport,-7.917478,39.668502,60,AF,TZ,TZ-19,Kilindoni,yes,HTMA,MFA,HTMA,,Africa/Dar_es_Salaam
3256,HTMT,medium_airport,Mtwara Airport,-10.336204,40.181997,371,AF,TZ,TZ-17,Mtwara,yes,HTMT,MYW,HTMT,,Africa/Dar_es_Salaam
31972,HTMU,small_airport,Musoma Airport,-1.503,33.8021,3806,AF,TZ,TZ-13,Musoma,yes,HTMU,MUZ,HTMU,,Africa/Dar_es_Salaam
3257,HTMW,large_airport,Mwanza International Airport,-2.446563,32.936049,3763,AF,TZ,TZ-18,Mwanza,yes,HTMW,MWZ,HTMW,,Africa/Dar_es_Salaam
3258,HTPE,medium_airport,Pemba Airport,-5.25726,39.811401,80,AF,TZ,TZ-25,Chake Chake,no,HTPE,PMA,HTPE,,Africa/Dar_es_Salaam
32283,HTSN,small_airport,Seronera Airport,-2.45806,34.822498,5080,AF,TZ,TZ-13,Seronera,yes,HTSN,SEU,HTSN,,Africa/Dar_es_Salaam
32297,HTSY,small_airport,Shinyanga Airport,-3.6093,33.5035,3800,AF,TZ,TZ-22,Shinyanga,yes,HTSY,SHY,HTSY,,Africa/Dar_es_Salaam
32426,HTTB,small_airport,Tabora Airport,-5.07639,32.833302,3868,AF,TZ,TZ-24,Tabora,yes,HTTB,TBO,HTTB,,Africa/Dar_es_Salaam
3259,HTTG,medium_airport,Tanga Airport,-5.09236,39.071201,129,AF,TZ,TZ-25,Tanga,yes,HTTG,TGT,HTTG,,Africa/Dar_es_Salaam
3260,HTZA,large_airport,Abeid Amani Karume International Airport,-6.22202,39.224899,54,AF,TZ,TZ-07,Zanzibar,yes,HTZA,ZNZ,HTZA,,Africa/Dar_es_Salaam
43983,HU-0002,medium_airport,Kalocsa-Foktő Airfield,46.55149,18.942299,299,EU,HU,HU-BK,Kalocsa,no,LHKA,,LHKA,,
32234,HUAR,medium_airport,Arua Airport,3.049152,30.911714,3951,AF,UG,UG-N,Arua,yes,HUAR,RUA,HUAR,,Africa/Kampala
3263,HUEN,large_airport,Entebbe International Airport,0.042386,32.443501,3782,AF,UG,UG-C,Entebbe,yes,HUEN,EBB,HUEN,,Africa/Kampala
3264,HUGU,medium_airport,Gulu Airport,2.8055601119995117,32.27180099487305,3510,AF,UG,UG-N,Gulu,yes,HUGU,ULU,HUGU,,Africa/Kampala
3265,HUSO,medium_airport,Soroti Airport,1.7276899814605713,33.622798919677734,3697,AF,UG,UG-E,Soroti,yes,HUSO,SRT,HUSO,,Africa/Kampala
17659,HYL,seaplane_base,Hollis Clark Bay Seaplane Base,55.481529,-132.646008,,NA,US,US-AK,Hollis,yes,,HYL,,HYL,
351149,HZU,medium_airport,Chengdu Huaizhou Airport,30.677339,104.529397,1453,AS,CN,CN-51,Chengdu (Jintang),no,,HZU,,,
27302,IBL,medium_airport,Indigo Bay Lodge Airport,-21.708,35.452801,20,AF,MZ,MZ-I,Bazaruto Island,no,,IBL,,,
350462,ID-0004,small_airport,Okpahik Airstrip,-4.697855,140.770547,6300,AS,ID,ID-PP,Okpahik,yes,,,,,
301955,ID-0012,small_airport,Lasondre Airport,-0.01924,98.30097,30,AS,ID,ID-SU,Pulau-Pulau Batu,yes,WIMO,,WIMO,LSE,Asia/Jakarta
46594,ID-0015,heliport,Discovery Kartika Plaza Heliport,-8.728339,115.166369,10,AS,ID,ID-BA,"Kuta, Badung",yes,,,,,
310260,ID-0031,small_airport,Diphikin Airstrip,-4.725525,140.792284,5568,AS,ID,ID-PP,Binsari,yes,,,,,
310416,ID-0070,small_airport,Iwur Airstrip,-5.139139,140.717638,820,AS,ID,ID-PP,Iwur,yes,WAJV,,WAJV,IWR,
310463,ID-0080,small_airport,Kiwi Airstrip,-4.697841,140.722425,5260,AS,ID,ID-PP,Kiwi,yes,,,WRGK,KIW,
310513,ID-0094,small_airport,Long Rungan Airport,3.598904,115.840817,2880,AS,ID,ID-KU,Long Rungan,yes,WAQH,,WAQH,,
310606,ID-0100,small_airport,Oklip Airstrip,-4.762095,140.780554,6300,AS,ID,ID-PP,Oklip,yes,,,,OKL,
310841,ID-0111,small_airport,Okyap Airstrip,-4.743448,140.848267,4370,AS,ID,ID-PP,Okyap,yes,WAJW,,WAJW,OKY,Asia/Jayapura
311005,ID-0131,small_airport,Sape Airstrip,-4.7655,140.5054,6885,AS,ID,ID-PP,Sape,yes,,,,SAP,
311154,ID-0139,small_airport,Syekh Hamzah Fansyuri Airport,2.269614,97.967863,17,AS,ID,ID-AC,Singkil,yes,WIMI,FSH,WIMI,,
311212,ID-0144,small_airport,Suntamon Airport,-4.8083,140.1715,4640,AS,ID,ID-PP,Suntamon,yes,,,,SMT,
311645,ID-0165,small_airport,Yapil Airstrip,-4.540447,140.565691,4470,AS,ID,ID-PP,Yapil,yes,,,WRJU,YAP,
325386,ID-0178,small_airport,Awimbon Airstrip,-5.165884,140.381568,492,AS,ID,ID-PP,Awimbon,yes,,,,AWI,
348750,ID-0193,small_airport,Kubibkop Airport,-4.79436,140.69447,7470,AS,ID,ID-PP,Kubibkop,yes,,,,,
350463,ID-0195,small_airport,Molding Airstrip,-4.891004,140.74213,4100,AS,ID,ID-PP,Pegunungan Bintang,yes,,,,,
350464,ID-0196,small_airport,Tarup Airstrip,-5.097671,140.821627,2000,AS,ID,ID-PP,Tarup,yes,,,,,
350465,ID-0197,small_airport,Tinibil Airstrip,-4.824475,140.87378,5400,AS,ID,ID-PP,Pegunungan Bintang,yes,,,,,
350467,ID-0199,small_airport,Okbab Airstrip,-4.586015,140.499844,6000,AS,ID,ID-PP,Okbab,yes,,,,,
350468,ID-0200,small_airport,Alemson Airstrip,-4.816571,140.222819,5200,AS,ID,ID-PP,Alemson,yes,,,,,
350485,ID-0201,small_airport,Kotyobakon Airstrip,-4.638376,140.654907,5100,AS,ID,ID-PP,Pegunungan Bintang Regency,yes,,,,,
350486,ID-0202,small_airport,Mipol Airstrip,-4.605771,140.634806,4800,AS,ID,ID-PP,Pegunungan Bintang Regency,yes,,,,,
350487,ID-0203,small_airport,Binban Airstrip,-4.585309,140.533962,5200,AS,ID,ID-PP,Binban,yes,,,,,
350488,ID-0204,small_airport,Kaklup Airstrip,-4.620771,140.531688,6500,AS,ID,ID-PP,Kaklup,yes,,,,,
350489,ID-0205,small_airport,Maksum Airstrip,-4.58066,140.515995,5500,AS,ID,ID-PP,Pegunungan Bintang Regency,yes,,,,,
350498,ID-0207,small_airport,Pedam Airstrip,-4.539485,140.462018,6400,AS,ID,ID-PP,Pegunungan Bintang Regency,yes,,,,,
350517,ID-0208,small_airport,Dumpasik Airstrip,-4.455194,140.508871,4200,AS,ID,ID-PP,Dumpasik,yes,,,,,
350518,ID-0209,small_airport,Bordamban Airport,-4.439924,140.484527,3000,AS,ID,ID-PP,Bordamban,yes,,,,,
350520,ID-0210,small_airport,Kirimu Airstrip,-4.464786,140.393016,6400,AS,ID,ID-PP,Pegunungan Bintang Regency,yes,,,,,
350539,ID-0211,small_airport,Hangmata Airstrip,-4.49226,140.657322,3300,AS,ID,ID-PP,Hangmata,yes,,,,,
507227,ID-0277,medium_airport,Dhoho International Airport,-7.749527,111.946831,380,AS,ID,ID-JI,Kediri,yes,WARD,DHX,WARD,,
26747,ID-0339,medium_airport,Old Nabire Airport,-3.368586,135.496702,20,OC,ID,ID-PT,Nabire,yes,,,,,
26838,ID-0340,medium_airport,Tabing Airport,-0.874989,100.351997,9,AS,ID,ID-SB,Padang,yes,,,,,
26849,ID-0341,medium_airport,Susilo Airport,0.063851,111.473572,98,AS,ID,ID-KB,Sintang,no,,,,,
41379,ID-KRC,small_airport,Departi Parbo Airport,-2.094042,101.47025,2600,AS,ID,ID-JA,Sungai Penuh,yes,WIJI,KRC,WIJI,,Asia/Jakarta
41397,ID-RKI,small_airport,Mentawai Airport,-2.1001,99.7044,26,AS,ID,ID-SB,Sipura Island,yes,WIEB,RKI,WIEB,RKO,
29639,ID-ZGP,medium_airport,Bilorai Airport,-3.739503,137.031183,7348,AS,ID,ID-PT,Bilogai,yes,,UGU,WAYB,ZGP,
44582,IN-0015,small_airport,Baljek Airport,25.661487579345703,90.34503936767578,,AS,IN,IN-ML,,yes,,,,,
46518,IN-0024,small_airport,Baramati Airport,18.226944,74.590833,1978,AS,IN,IN-MM,Pune,yes,,,,BMT,
46512,IN-0025,medium_airport,Maharshi Valmiki International Airport,26.747736,82.163664,335,AS,IN,IN-UP,Faizabad,yes,VEAY,AYJ,VEAY,,Asia/Kolkata
46555,IN-0032,heliport,Saiha Helipad,22.4885833333,92.98695,,AS,IN,IN-MZ,Saiha,yes,,,,,
299082,IN-0065,medium_airport,Amravati  Airport,20.814608,77.717765,1125,AS,IN,IN-MM,Amravati,yes,VAAM,AVR,VAAM,,Europe/Lisbon
331218,IN-0107,medium_airport,Sindhudurg Airport,16.002552,73.529846,203,AS,IN,IN-MM,Chipi,yes,VOSR,SDW,VOSR,,
342093,IN-0276,large_airport,Navi Mumbai International Airport,18.984597,73.065253,184,AS,IN,IN-MM,Navi Mumbai,yes,VANM,NMI,VANM,,Asia/Kolkata
354545,IN-0301,medium_airport,Rashtrakavi Kuvempu Airport,13.858024,75.618868,2017,AS,IN,IN-KA,Shimoga,no,VOSH,RQY,VOSH,,Asia/Kolkata
354546,IN-0308,medium_airport,Itanagar Donyi Polo Hollongi Airport,26.96683,93.638792,328,AS,IN,IN-AR,Hollongi,yes,VEHO,HGI,VEHO,,Asia/Kolkata
508630,IN-0369,medium_airport,Sant Gadge Baba Yavatmal Airport,20.395781,78.216272,1403,AS,IN,IN-MM,Yavatmal,no,,,,VA78,
597786,IN-0392,large_airport,Noida International Airport,28.179868,77.611843,644,AS,IN,IN-UP,Gautam Buddha Nagar,yes,VIND,DXN,VIND,,Asia/Kolkata
598586,IN-0393,medium_airport,Maa Mahamaya Airport,22.98753,83.19612,1930,AS,IN,IN-CT,Ambikapur,yes,VEAP,AHA,,,
31698,IN-JGB,small_airport,Jagdalpur Airport,19.074301,82.036797,1822,AS,IN,IN-CT,Jagdalpur,yes,VEJR,JGB,VEJR,VEJR,
44509,IQ-0016,medium_airport,H1 New Air Base,33.816262,41.436712,1353,AS,IQ,IQ-AN,Anah,no,,,,,
44510,IQ-0017,medium_airport,H2 Air Base,33.36372375488281,40.5880241394043,,AS,IQ,IQ-AN,,no,,,,,
44511,IQ-0018,medium_airport,H3 Air Base,32.92938232421875,39.74510192871094,,AS,IQ,IQ-AN,,no,,,,,
44513,IQ-0020,medium_airport,H3 Northwest AFB,33.07456970214844,39.59961700439453,,AS,IQ,IQ-AN,,no,,,,,
44514,IQ-0021,medium_airport,H3 Southwest Air Base,32.74492645263672,39.59955596923828,,AS,IQ,IQ-AN,,no,,,,,
44517,IQ-0024,medium_airport,Jalibah Southeast Air Base,30.546518,46.602779,,AS,IQ,IQ-BA,Jalibah,no,,,ORJA,,
44524,IQ-0030,medium_airport,Kut Al Hayy East Air Base,32.11684036254883,46.382240295410156,,AS,IQ,IQ-WA,,no,,,,,
44528,IQ-0034,medium_airport,Qalat Salih Air Base,31.456581115722656,47.289791107177734,,AS,IQ,IQ-MA,,no,,,,,
44533,IQ-0039,medium_airport,Rasheed Air Base,33.279327,44.493706,,AS,IQ,IQ-BG,Baghdad,no,,,,,
44534,IQ-0040,medium_airport,Ruwayshid Air Base,32.40611267089844,39.12361145019531,,AS,IQ,IQ-AN,,no,,,,,
44536,IQ-0042,medium_airport,Sahl Sinjar Air Base,35.8592643737793,42.14213943481445,,AS,IQ,IQ-NI,,no,,,,,
44539,IQ-0045,medium_airport,Samarra East Air Base / Dhuluiya Airport,34.16554,44.264304,203,AS,IQ,IQ-SD,Dhuluiya,no,,,,,
44545,IQ-0051,medium_airport,Tal Ashtah New Air Base,35.139721,44.133888,611,AS,IQ,IQ-TS,,no,,,,,
44548,IQ-0054,medium_airport,Tuz Khurmatu Air Base,34.93722152709961,44.4827766418457,,AS,IQ,IQ-SD,,no,,,,,
513741,IR-0161,medium_airport,Oghab 44 Airbase,28.04816,55.521791,,AS,IR,IR-22,Tarom Rural District,no,,,,,
337045,IT-0574,heliport,Eliporto Peschici,41.92814,16.012815,,EU,IT,IT-75,Peschici,yes,,,,,
607612,IT-0831,heliport,Cervinia Heliport,45.926739,7.624593,6725,EU,IT,IT-23,Valtournenche (VO),yes,,,,,
35275,IT-TQR,heliport,San Domino Island Heliport,42.117775,15.490655,121,EU,IT,IT-75,Tremiti Islands,yes,LINI,TQR,LINI,,
319816,JIO,small_airport,Jos Orno Imsula Airport,-8.140683,127.909669,43,AS,ID,ID-MA,Tiakur,yes,WAPM,JIO,WAPM,,
30599,JO-0002,medium_airport,King Feisal Air Base,30.3435,36.147701,2884,AS,JO,JO-MN,Al-Jafr,no,OJKF,,OJKF,,
18256,JRA,heliport,West 30th Street Heliport,40.755107,-74.006896,7,NA,US,US-NY,New York,yes,,JRA,KJRA,JRA,
308641,JUH,small_airport,Chizhou Jiuhuashan Airport,30.7403,117.6856,60,AS,CN,CN-34,Chizhou,yes,ZSJH,JUH,ZSJH,,
18945,K61B,medium_airport,Boulder City Municipal Airport,35.947161,-114.858799,2201,NA,US,US-NV,Boulder City,yes,KBVU,BLD,KBVU,BVU,America/Los_Angeles
18966,K67L,medium_airport,Mesquite Airport,36.833105,-114.055928,1978,NA,US,US-NV,Mesquite,no,,MFH,K67L,67L,America/Los_Angeles
19030,K74S,small_airport,Anacortes Airport,48.498513,-122.662513,241,NA,US,US-WA,Anacortes,yes,,OTS,K74S,74S,America/Los_Angeles
19033,K76F,medium_airport,Van Zandt County Regional Airport,32.681499,-95.9841,518,NA,US,US-TX,Wills Point,no,,,K76F,76F,America/Chicago
19042,K79J,medium_airport,South Alabama Regional At Bill Benton Field Airport,31.3088,-86.393799,310,NA,US,US-AL,Andalusia/Opp,no,,,K79J,79J,America/Chicago
3356,KABE,medium_airport,Lehigh Valley International Airport,40.651773,-75.442797,393,NA,US,US-PA,Allentown/Bethlehem,yes,KABE,ABE,KABE,ABE,America/New_York
3357,KABI,medium_airport,Abilene Regional Airport,32.4113006592,-99.68190002440001,1791,NA,US,US-TX,Abilene,yes,KABI,ABI,KABI,ABI,America/Chicago
16091,KABQ,large_airport,Albuquerque International Sunport,35.039976,-106.608925,5355,NA,US,US-NM,Albuquerque,yes,KABQ,ABQ,KABQ,ABQ,America/Denver
3358,KABR,medium_airport,Aberdeen Regional Airport,45.449100494384766,-98.42179870605469,1302,NA,US,US-SD,Aberdeen,yes,KABR,ABR,KABR,ABR,America/Chicago
3359,KABY,medium_airport,Southwest Georgia Regional Airport,31.532946,-84.196215,197,NA,US,US-GA,Albany,yes,KABY,ABY,KABY,ABY,America/New_York
3360,KACK,medium_airport,Nantucket Memorial Airport,41.25310135,-70.06020355,47,NA,US,US-MA,Nantucket,yes,KACK,ACK,KACK,ACK,America/New_York
3361,KACT,medium_airport,Waco Regional Airport,31.611299514770508,-97.23049926757812,516,NA,US,US-TX,Waco,yes,KACT,ACT,KACT,ACT,America/Chicago
3362,KACV,medium_airport,California Redwood Coast-Humboldt County Airport,40.978101,-124.109,221,NA,US,US-CA,Arcata/Eureka,yes,KACV,ACV,KACV,ACV,America/Los_Angeles
3363,KACY,medium_airport,Atlantic City International Airport,39.456201,-74.577511,75,NA,US,US-NJ,Atlantic City,yes,KACY,ACY,KACY,ACY,America/New_York
19235,KADH,medium_airport,Ada Regional Airport,34.805214,-96.671988,1016,NA,US,US-OK,Ada,no,KADH,ADT,KADH,ADH,America/Chicago
3364,KADW,medium_airport,Joint Base Andrews,38.810799,-76.866997,280,NA,US,US-MD,Camp Springs,no,KADW,ADW,KADW,ADW,America/New_York
19240,KAE,seaplane_base,Kake Seaplane Base,56.973,-133.945999,,NA,US,US-AK,Kake,yes,,KAE,,KAE,
19242,KAEG,medium_airport,Double Eagle II Airport,35.145199,-106.794998,5837,NA,US,US-NM,Albuquerque,no,,,KAEG,AEG,America/Denver
3365,KAEX,medium_airport,Alexandria International Airport,31.325828,-92.546702,89,NA,US,US-LA,Alexandria,yes,KAEX,AEX,KAEX,AEX,America/Chicago
3366,KAFW,medium_airport,Perot Field/Fort Worth Alliance Airport,32.99044,-97.31947,722,NA,US,US-TX,Fort Worth,no,KAFW,AFW,KAFW,AFW,America/Chicago
3367,KAGC,medium_airport,Allegheny County Airport,40.354401,-79.930199,1252,NA,US,US-PA,Pittsburgh,no,KAGC,AGC,KAGC,AGC,America/New_York
3368,KAGS,medium_airport,Augusta Regional At Bush Field,33.3699,-81.9645,144,NA,US,US-GA,Augusta,yes,KAGS,AGS,KAGS,AGS,America/New_York
3369,KAHN,medium_airport,Athens Ben Epps Airport,33.948842,-83.325634,808,NA,US,US-GA,Athens,no,KAHN,AHN,KAHN,AHN,America/New_York
19257,KAIA,medium_airport,Alliance Municipal Airport,42.052543,-102.803965,3931,NA,US,US-NE,Alliance,yes,KAIA,AIA,KAIA,AIA,America/Denver
3370,KAKR,medium_airport,Akron Fulton International Airport,41.037355,-81.46784,1067,NA,US,US-OH,Akron,no,KAKR,AKC,KAKR,AKR,America/New_York
3371,KALB,large_airport,Albany International Airport,42.748299,-73.801697,285,NA,US,US-NY,Albany,yes,KALB,ALB,KALB,ALB,America/New_York
3372,KALI,medium_airport,Alice International Airport,27.7409,-98.026901,178,NA,US,US-TX,Alice,no,KALI,ALI,KALI,ALI,America/Chicago
3373,KALM,medium_airport,Alamogordo White Sands Regional Airport,32.837818,-105.993149,4200,NA,US,US-NM,Alamogordo,no,KALM,ALM,KALM,ALM,America/Denver
3374,KALN,medium_airport,St Louis Regional Airport,38.89030075069999,-90.0459976196,544,NA,US,US-IL,Alton/St Louis,no,KALN,ALN,KALN,ALN,America/Chicago
3375,KALO,medium_airport,Waterloo Regional Airport,42.557098388671875,-92.40029907226562,873,NA,US,US-IA,Waterloo,yes,KALO,ALO,KALO,ALO,America/Chicago
19275,KALS,medium_airport,San Luis Valley Regional Airport/Bergman Field,37.434898,-105.866997,7539,NA,US,US-CO,Alamosa,yes,KALS,ALS,KALS,ALS,America/Denver
3376,KALW,medium_airport,Walla Walla Regional Airport,46.09489822,-118.288002,1194,NA,US,US-WA,Walla Walla,yes,KALW,ALW,KALW,ALW,America/Los_Angeles
3377,KAMA,medium_airport,Rick Husband Amarillo International Airport,35.217857,-101.706444,3607,NA,US,US-TX,Amarillo,yes,KAMA,AMA,KAMA,AMA,America/Chicago
3378,KANB,medium_airport,Anniston Regional Airport,33.5882,-85.8581,612,NA,US,US-AL,Anniston,no,KANB,ANB,KANB,ANB,America/Chicago
3379,KAND,medium_airport,Anderson Regional Airport,34.4945983887,-82.70939636230001,782,NA,US,US-SC,Anderson,no,KAND,AND,KAND,AND,America/New_York
3380,KAOO,medium_airport,Altoona Blair County Airport,40.296398,-78.32,1503,NA,US,US-PA,Altoona,yes,KAOO,AOO,KAOO,AOO,America/New_York
19291,KAPA,medium_airport,Centennial Airport,39.57009888,-104.848999,5885,NA,US,US-CO,Denver,no,KAPA,APA,KAPA,APA,America/Denver
19293,KAPF,medium_airport,Naples Municipal Airport,26.1525993347,-81.7752990723,8,NA,US,US-FL,Naples,no,KAPF,APF,KAPF,APF,America/New_York
3381,KAPG,medium_airport,Phillips Army Air Field,39.466202,-76.1688,57,NA,US,US-MD,Aberdeen,no,KAPG,APG,KAPG,APG,America/New_York
3382,KAPN,medium_airport,Alpena County Regional Airport,45.0780983,-83.56030273,690,NA,US,US-MI,Alpena,yes,KAPN,APN,KAPN,APN,America/Detroit
19301,KARA,medium_airport,Acadiana Regional Airport,30.0378,-91.883904,24,NA,US,US-LA,New Iberia,no,KARA,ARA,KARA,ARA,America/Chicago
3383,KART,medium_airport,Watertown International Airport,43.991901,-76.021698,325,NA,US,US-NY,Watertown,yes,KART,ART,KART,ART,America/New_York
19308,KASE,medium_airport,Aspen-Pitkin County Airport (Sardy Field),39.223202,-106.869003,7820,NA,US,US-CO,Aspen,yes,KASE,ASE,KASE,ASE,America/Denver
19314,KAST,medium_airport,Astoria Regional Airport,46.158000946,-123.878997803,15,NA,US,US-OR,Astoria,no,KAST,AST,KAST,AST,America/Los_Angeles
3384,KATL,large_airport,Hartsfield Jackson Atlanta International Airport,33.6367,-84.428101,1026,NA,US,US-GA,Atlanta,yes,KATL,ATL,KATL,ATL,America/New_York
19320,KATW,medium_airport,Appleton International Airport,44.258515,-88.519,918,NA,US,US-WI,Appleton,yes,KATW,ATW,KATW,ATW,America/Chicago
3385,KATY,medium_airport,Watertown Regional Airport,44.91400146,-97.15470123,1749,NA,US,US-SD,Watertown,yes,KATY,ATY,KATY,ATY,America/Chicago
19321,KAUG,medium_airport,Augusta State Airport,44.320598602299995,-69.7973022461,352,NA,US,US-ME,Augusta,yes,KAUG,AUG,KAUG,AUG,America/New_York
3386,KAUS,large_airport,Austin Bergstrom International Airport,30.197535,-97.662015,542,NA,US,US-TX,Austin,yes,KAUS,AUS,KAUS,AUS,America/Chicago
19326,KAUW,medium_airport,Wausau Downtown Airport,44.9262008667,-89.6266021729,1201,NA,US,US-WI,Wausau,no,KAUW,AUW,KAUW,AUW,America/Chicago
3387,KAVL,medium_airport,Asheville Regional Airport,35.435488,-82.541853,2165,NA,US,US-NC,Asheville,yes,KAVL,AVL,KAVL,AVL,America/New_York
3388,KAVP,medium_airport,Wilkes-Barre/Scranton International Airport,41.337064,-75.724232,962,NA,US,US-PA,Wilkes-Barre/Scranton,yes,KAVP,AVP,KAVP,AVP,America/New_York
19334,KAWO,medium_airport,Arlington Municipal Airport,48.161448,-122.158442,142,NA,US,US-WA,Arlington,yes,KAWO,,KAWO,AWO,America/Los_Angeles
3389,KAXN,medium_airport,Chandler Field,45.866299,-95.394699,1425,NA,US,US-MN,Alexandria,no,KAXN,AXN,KAXN,AXN,America/Chicago
3390,KAZO,medium_airport,Kalamazoo/Battle Creek International Airport,42.232105,-85.549637,874,NA,US,US-MI,Kalamazoo,yes,KAZO,AZO,KAZO,AZO,America/Detroit
3391,KBAB,medium_airport,Beale Air Force Base,39.136101,-121.436996,113,NA,US,US-CA,Beale Air Force Base,no,KBAB,BAB,KBAB,BAB,America/Los_Angeles
3392,KBAD,medium_airport,Barksdale Air Force Base,32.501801,-93.662697,166,NA,US,US-LA,Bossier City,no,KBAD,BAD,KBAD,BAD,America/Chicago
3393,KBAF,medium_airport,Westfield-Barnes Regional Airport,42.157799,-72.715599,271,NA,US,US-MA,Westfield,no,KBAF,BAF,KBAF,BAF,America/New_York
3394,KBAK,medium_airport,Columbus Municipal Airport,39.262386,-85.895576,656,NA,US,US-IN,Columbus,no,KBAK,CLU,KBAK,BAK,America/Indiana/Indianapolis
19351,KBAZ,medium_airport,New Braunfels National Airport,29.7045,-98.042198,651,NA,US,US-TX,New Braunfels,no,KBAZ,,KBAZ,BAZ,America/Chicago
19353,KBBD,medium_airport,Curtis Field,31.178931,-99.324732,1827,NA,US,US-TX,Brady,no,KBBD,BBD,KBBD,BBD,America/Chicago
45961,KBBG,medium_airport,Branson Airport,36.532082,-93.200544,1302,NA,US,US-MO,Branson,yes,KBBG,BKG,KBBG,BBG,America/Chicago
19357,KBCE,medium_airport,Bryce Canyon Airport,37.706401825,-112.144996643,7590,NA,US,US-UT,Bryce Canyon,no,KBCE,BCE,KBCE,BCE,America/Denver
19359,KBCT,medium_airport,Boca Raton Airport,26.3785,-80.107697,13,NA,US,US-FL,Boca Raton,no,KBCT,BCT,KBCT,BCT,America/New_York
3395,KBDE,medium_airport,Baudette International Airport,48.728401,-94.612198,1086,NA,US,US-MN,Baudette,no,KBDE,BDE,KBDE,BDE,America/Chicago
3396,KBDL,large_airport,Bradley International Airport,41.938555,-72.688016,173,NA,US,US-CT,Hartford,yes,KBDL,BDL,KBDL,BDL,America/New_York
3397,KBDR,medium_airport,Igor I Sikorsky Memorial Airport,41.163502,-73.126198,9,NA,US,US-CT,Bridgeport,no,KBDR,BDR,KBDR,BDR,America/New_York
3398,KBED,medium_airport,Laurence G Hanscom Field,42.470001,-71.289001,133,NA,US,US-MA,Bedford,yes,KBED,BED,KBED,BED,America/New_York
3399,KBFD,medium_airport,Bradford Regional Airport,41.8031005859375,-78.64009857177734,2143,NA,US,US-PA,Bradford,yes,KBFD,BFD,KBFD,BFD,America/New_York
3400,KBFF,medium_airport,Western Neb. Rgnl/William B. Heilig Airport,41.87400055,-103.5960007,3967,NA,US,US-NE,Scottsbluff,yes,KBFF,BFF,KBFF,BFF,America/Denver
3401,KBFI,medium_airport,King County International Airport - Boeing Field,47.527042,-122.29995,21,NA,US,US-WA,Seattle,yes,KBFI,BFI,KBFI,BFI,America/Los_Angeles
3402,KBFL,medium_airport,Meadows Field,35.433601,-119.056999,510,NA,US,US-CA,Bakersfield,yes,KBFL,BFL,KBFL,BFL,America/Los_Angeles
3403,KBFM,medium_airport,Mobile Downtown Airport,30.626800537100003,-88.06809997559999,26,NA,US,US-AL,Mobile,no,KBFM,BFM,KBFM,BFM,America/Chicago
3404,KBGM,medium_airport,Greater Binghamton/Edwin A Link field,42.20869827,-75.97979736,1636,NA,US,US-NY,Binghamton,yes,KBGM,BGM,KBGM,BGM,America/New_York
3405,KBGR,medium_airport,Bangor International Airport,44.806364,-68.826668,192,NA,US,US-ME,Bangor,yes,KBGR,BGR,KBGR,BGR,America/New_York
19373,KBHB,medium_airport,Hancock County-Bar Harbor Airport,44.45000076,-68.3615036,83,NA,US,US-ME,Bar Harbor,yes,KBHB,BHB,KBHB,BHB,America/New_York
3406,KBHM,large_airport,Birmingham-Shuttlesworth International Airport,33.562877,-86.750712,650,NA,US,US-AL,Birmingham,yes,KBHM,BHM,KBHM,BHM,America/Chicago
16500,KBID,small_airport,Block Island State Airport,41.168446,-71.578631,108,NA,US,US-RI,Block Island,yes,KBID,BID,KBID,BID,America/New_York
3407,KBIF,medium_airport,Biggs Army Air Field (Fort Bliss),31.84950066,-106.3799973,3946,NA,US,US-TX,Fort Bliss/El Paso,no,KBIF,BIF,KBIF,BIF,America/Denver
19377,KBIH,medium_airport,Eastern Sierra Regional Airport,37.3731,-118.363998,4124,NA,US,US-CA,Bishop,yes,KBIH,BIH,KBIH,BIH,America/Los_Angeles
3408,KBIL,medium_airport,Billings Logan International Airport,45.808932,-108.541242,3652,NA,US,US-MT,Billings,yes,KBIL,BIL,KBIL,BIL,America/Denver
3409,KBIS,medium_airport,Bismarck Municipal Airport,46.772734,-100.746874,1661,NA,US,US-ND,Bismarck,yes,KBIS,BIS,KBIS,BIS,America/Chicago
3410,KBIX,medium_airport,Keesler Air Force Base,30.4104003906,-88.92440032959999,33,NA,US,US-MS,Biloxi,no,KBIX,BIX,KBIX,BIX,America/Chicago
3411,KBJC,medium_airport,Rocky Mountain Metropolitan Airport,39.908798,-105.116997,5673,NA,US,US-CO,Denver,yes,KBJC,BJC,KBJC,BJC,America/Denver
19380,KBJI,medium_airport,Bemidji Regional Airport,47.50939941,-94.93370056,1391,NA,US,US-MN,Bemidji,no,KBJI,BJI,KBJI,BJI,America/Chicago
3412,KBKE,medium_airport,Baker City Municipal Airport,44.837299346900004,-117.808998108,3373,NA,US,US-OR,Baker City,no,KBKE,BKE,KBKE,BKE,America/Los_Angeles
3413,KBKF,medium_airport,Buckley Space Force Base,39.701698,-104.751999,5662,NA,US,US-CO,Aurora,no,KBKF,BFK,KBKF,BKF,America/Denver
3414,KBKL,medium_airport,Burke Lakefront Airport,41.51750183105469,-81.68329620361328,583,NA,US,US-OH,Cleveland,no,KBKL,BKL,KBKL,BKL,America/New_York
3415,KBKW,medium_airport,Raleigh County Memorial Airport,37.7873,-81.124199,2504,NA,US,US-WV,Beaver,yes,KBKW,BKW,KBKW,BKW,America/New_York
19387,KBLF,medium_airport,Mercer County Airport,37.295799,-81.207703,2857,NA,US,US-WV,Bluefield,no,KBLF,BLF,KBLF,BLF,America/New_York
19388,KBLH,medium_airport,Blythe Airport,33.6192016602,-114.717002869,399,NA,US,US-CA,Blythe,no,KBLH,BLH,KBLH,BLH,America/Los_Angeles
3416,KBLI,medium_airport,Bellingham International Airport,48.79280090332031,-122.53800201416016,170,NA,US,US-WA,Bellingham,yes,KBLI,BLI,KBLI,BLI,America/Los_Angeles
3417,KBLV,medium_airport,Scott AFB/Midamerica Airport,38.5452,-89.835197,459,NA,US,US-IL,Belleville,yes,KBLV,BLV,KBLV,BLV,America/Chicago
3418,KBMG,medium_airport,Monroe County Airport,39.145999908447266,-86.61669921875,846,NA,US,US-IN,Bloomington,no,KBMG,BMG,KBMG,BMG,America/Indiana/Indianapolis
3419,KBMI,medium_airport,Central Illinois Regional Airport at Bloomington-Normal,40.4771,-88.915901,871,NA,US,US-IL,Bloomington/Normal,yes,KBMI,BMI,KBMI,BMI,America/Chicago
3420,KBNA,large_airport,Nashville International Airport,36.1245,-86.6782,599,NA,US,US-TN,Nashville,yes,KBNA,BNA,KBNA,BNA,America/Chicago
19397,KBNO,medium_airport,Burns Municipal Airport,43.590463,-118.955154,4148,NA,US,US-OR,Burns,no,KBNO,BNO,KBNO,BNO,America/Los_Angeles
3421,KBOI,large_airport,Boise Air Terminal/Gowen Field,43.5644,-116.223,2871,NA,US,US-ID,Boise,yes,KBOI,BOI,KBOI,BOI,America/Boise
3422,KBOS,large_airport,Boston Logan International Airport,42.36197,-71.0079,20,NA,US,US-MA,Boston,yes,KBOS,BOS,KBOS,BOS,America/New_York
19401,KBPI,medium_airport,Miley Memorial Field,42.58509827,-110.1110001,6990,NA,US,US-WY,Big Piney,no,KBPI,BPI,KBPI,BPI,America/Denver
19402,KBPK,medium_airport,Ozark Regional Airport,36.3689002991,-92.47049713130001,928,NA,US,US-AR,Mountain Home,no,KBPK,WMH,KBPK,BPK,America/Chicago
3423,KBPT,medium_airport,Jack Brooks Regional Airport,29.9508,-94.020699,15,NA,US,US-TX,Beaumont/Port Arthur,yes,KBPT,BPT,KBPT,BPT,America/Chicago
3424,KBQK,medium_airport,Brunswick Golden Isles Airport,31.258801,-81.466499,26,NA,US,US-GA,Brunswick,yes,KBQK,BQK,KBQK,BQK,America/New_York
19406,KBRD,medium_airport,Brainerd Lakes Regional Airport,46.402861,-94.129727,1232,NA,US,US-MN,Brainerd,yes,KBRD,BRD,KBRD,BRD,America/Chicago
3425,KBRL,medium_airport,Southeast Iowa Regional Airport,40.783199310302734,-91.12550354003906,698,NA,US,US-IA,Burlington,yes,KBRL,BRL,KBRL,BRL,America/Chicago
3426,KBRO,medium_airport,Brownsville South Padre Island International Airport,25.907238,-97.425235,22,NA,US,US-TX,Brownsville,yes,KBRO,BRO,KBRO,BRO,America/Chicago
3427,KBTL,medium_airport,Battle Creek Executive Airport at Kellogg Field,42.307301,-85.251503,952,NA,US,US-MI,Battle Creek,no,KBTL,BTL,KBTL,BTL,America/Detroit
3428,KBTM,medium_airport,Bert Mooney Airport,45.95479965209961,-112.49700164794922,5550,NA,US,US-MT,Butte,yes,KBTM,BTM,KBTM,BTM,America/Denver
3429,KBTR,medium_airport,Baton Rouge Metropolitan Airport,30.533199,-91.149597,70,NA,US,US-LA,Baton Rouge,yes,KBTR,BTR,KBTR,BTR,America/Chicago
3430,KBTV,medium_airport,Patrick Leahy Burlington International Airport,44.471901,-73.153297,335,NA,US,US-VT,Burlington,yes,KBTV,BTV,KBTV,BTV,America/New_York
3431,KBUF,large_airport,Buffalo Niagara International Airport,42.940498,-78.732201,728,NA,US,US-NY,Buffalo,yes,KBUF,BUF,KBUF,BUF,America/New_York
3432,KBUR,large_airport,Hollywood Burbank/Bob Hope Airport,34.202834,-118.35805,778,NA,US,US-CA,Burbank,yes,KBUR,BUR,KBUR,BUR,America/Los_Angeles
19417,KBVI,medium_airport,Beaver County Airport,40.772499,-80.391403,1253,NA,US,US-PA,Beaver Falls,no,KBVI,BFP,KBVI,BVI,America/New_York
3433,KBVY,medium_airport,Beverly Regional Airport,42.584202,-70.916496,107,NA,US,US-MA,Beverly / Danvers,no,KBVY,BVY,KBVY,BVY,America/New_York
3434,KBWG,medium_airport,Bowling Green Warren County Regional Airport,36.964500427199994,-86.41970062259999,547,NA,US,US-KY,Bowling Green,no,KBWG,BWG,KBWG,BWG,America/Chicago
3435,KBWI,large_airport,Baltimore/Washington International Thurgood Marshall Airport,39.1754,-76.668297,146,NA,US,US-MD,Baltimore,yes,KBWI,BWI,KBWI,BWI,America/New_York
3729,KBXM,medium_airport,Brunswick Executive Airport,43.89220047,-69.93859863,72,NA,US,US-ME,Brunswick,no,KBXM,NHZ,KBXM,BXM,America/New_York
3436,KBYH,medium_airport,Arkansas International Airport,35.9642982483,-89.94400024410001,254,NA,US,US-AR,Blytheville,no,KBYH,BYH,KBYH,BYH,America/Chicago
19429,KBYI,medium_airport,Burley Municipal Airport,42.542598724399994,-113.772003174,4150,NA,US,US-ID,Burley,no,KBYI,BYI,KBYI,BYI,America/Boise
19430,KBYS,medium_airport,Bicycle Lake Army Air Field,35.2804985046,-116.629997253,2350,NA,US,US-CA,Fort Irwin/Barstow,no,KBYS,BYS,KBYS,BYS,America/Los_Angeles
3437,KBZN,medium_airport,Bozeman Yellowstone International Airport,45.778853,-111.153711,4473,NA,US,US-MT,Bozeman,yes,KBZN,BZN,KBZN,BZN,America/Denver
3438,KCAE,medium_airport,Columbia Metropolitan Airport,33.938172,-81.123022,236,NA,US,US-SC,Columbia,yes,KCAE,CAE,KCAE,CAE,America/New_York
3439,KCAK,medium_airport,Akron Canton Regional Airport,40.916099548339844,-81.44219970703125,1228,NA,US,US-OH,Akron,yes,KCAK,CAK,KCAK,CAK,America/New_York
3440,KCAR,medium_airport,Caribou Municipal Airport,46.871498,-68.017899,626,NA,US,US-ME,Caribou,no,KCAR,CAR,KCAR,CAR,America/New_York
3441,KCBM,medium_airport,Columbus Air Force Base,33.643799,-88.443802,219,NA,US,US-MS,Columbus,no,KCBM,CBM,KCBM,CBM,America/Chicago
19466,KCC,seaplane_base,Coffman Cove Seaplane Base,56.012586,-132.835093,,NA,US,US-AK,Coffman Cove,yes,PAKC,KCC,PAKC,KCC,
19469,KCCR,medium_airport,Buchanan Field,37.9897,-122.056999,26,NA,US,US-CA,Concord,yes,KCCR,CCR,KCCR,CCR,America/Los_Angeles
19470,KCCY,medium_airport,Northeast Iowa Regional Airport,43.0726013184,-92.6108016968,1125,NA,US,US-IA,Charles City,no,KCCY,CCY,KCCY,CCY,America/Chicago
3442,KCDC,medium_airport,Cedar City Regional Airport,37.70100021362305,-113.0989990234375,5622,NA,US,US-UT,Cedar City,yes,KCDC,CDC,KCDC,CDC,America/Denver
19474,KCDR,medium_airport,Chadron Municipal Airport,42.837601,-103.095001,3297,NA,US,US-NE,Chadron,yes,KCDR,CDR,KCDR,CDR,America/Denver
19475,KCDS,medium_airport,Childress Municipal Airport,34.4337997437,-100.288002014,1954,NA,US,US-TX,Childress,no,KCDS,CDS,KCDS,CDS,America/Chicago
3443,KCEC,medium_airport,Jack Mc Namara Field Airport,41.778929,-124.236403,61,NA,US,US-CA,Crescent City,yes,KCEC,CEC,KCEC,CEC,America/Los_Angeles
3444,KCEF,medium_airport,Westover Metropolitan Airport / Westover Air Reserve Base,42.194,-72.534798,241,NA,US,US-MA,Chicopee,no,,CEF,KCEF,CEF,America/New_York
3445,KCEW,medium_airport,Bob Sikes Airport,30.778799057,-86.522102356,213,NA,US,US-FL,Crestview,no,KCEW,CEW,KCEW,CEW,America/Chicago
19482,KCEZ,medium_airport,Cortez Municipal Airport,37.303001,-108.627998,5918,NA,US,US-CO,Cortez,yes,KCEZ,CEZ,KCEZ,CEZ,America/Denver
3446,KCGF,medium_airport,Cuyahoga County Airport,41.5651016235,-81.4863967896,879,NA,US,US-OH,Cleveland,no,KCGF,CGF,KCGF,CGF,America/New_York
3447,KCGI,medium_airport,Cape Girardeau Regional Airport,37.2253,-89.570801,342,NA,US,US-MO,Cape Girardeau,yes,KCGI,CGI,KCGI,CGI,America/Chicago
3448,KCHA,medium_airport,Chattanooga Metropolitan Airport (Lovell Field),35.035301,-85.203796,683,NA,US,US-TN,Chattanooga,yes,KCHA,CHA,KCHA,CHA,America/New_York
3449,KCHO,medium_airport,Charlottesville Albemarle Airport,38.13859939575195,-78.4529037475586,639,NA,US,US-VA,Charlottesville,yes,KCHO,CHO,KCHO,CHO,America/New_York
3450,KCHS,large_airport,Charleston International Airport,32.896159,-80.038151,46,NA,US,US-SC,Charleston,yes,KCHS,CHS,KCHS,CHS,America/New_York
3451,KCID,medium_airport,The Eastern Iowa Airport,41.884701,-91.7108,869,NA,US,US-IA,Cedar Rapids,yes,KCID,CID,KCID,CID,America/Chicago
3452,KCIU,medium_airport,Chippewa County International Airport,46.242038,-84.462082,800,NA,US,US-MI,Kincheloe,yes,KCIU,CIU,KCIU,CIU,America/Detroit
3453,KCKB,medium_airport,North Central West Virginia Airport,39.2966,-80.228104,1217,NA,US,US-WV,Bridgeport,yes,KCKB,CKB,KCKB,CKB,America/New_York
3454,KCLE,large_airport,Cleveland Hopkins International Airport,41.411701,-81.8498,791,NA,US,US-OH,Cleveland,yes,KCLE,CLE,KCLE,CLE,America/New_York
3455,KCLL,medium_airport,Easterwood Field,30.5886,-96.3638,320,NA,US,US-TX,College Station,yes,KCLL,CLL,KCLL,CLL,America/Chicago
3456,KCLM,medium_airport,William R Fairchild International Airport,48.120201,-123.5,291,NA,US,US-WA,Port Angeles,no,KCLM,CLM,KCLM,CLM,America/Los_Angeles
3457,KCLT,large_airport,Charlotte Douglas International Airport,35.2140007019043,-80.94309997558594,748,NA,US,US-NC,Charlotte,yes,KCLT,CLT,KCLT,CLT,America/New_York
19517,KCMA,medium_airport,Camarillo Airport,34.213699,-119.094002,77,NA,US,US-CA,Camarillo,no,KCMA,,KCMA,CMA,America/Los_Angeles
3458,KCMH,large_airport,John Glenn Columbus International Airport,39.998001,-82.891899,815,NA,US,US-OH,Columbus,yes,KCMH,CMH,KCMH,CMH,America/New_York
3459,KCMI,medium_airport,University of Illinois Willard Airport,40.039819,-88.276249,755,NA,US,US-IL,Savoy,yes,KCMI,CMI,KCMI,CMI,America/Chicago
3460,KCMX,medium_airport,Houghton County Memorial Airport,47.168399810791016,-88.48909759521484,1095,NA,US,US-MI,Hancock,yes,KCMX,CMX,KCMX,CMX,America/Detroit
3461,KCNM,medium_airport,Cavern City Air Terminal,32.337501525878906,-104.26300048828125,3295,NA,US,US-NM,Carlsbad,yes,KCNM,CNM,KCNM,CNM,America/Denver
19527,KCNU,medium_airport,Chanute Martin Johnson Airport,37.668173,-95.486727,1002,NA,US,US-KS,Chanute,no,KCNU,CNU,KCNU,CNU,America/Chicago
19529,KCNY,medium_airport,Canyonlands Regional Airport,38.755001,-109.754997,4557,NA,US,US-UT,Moab,yes,KCNY,CNY,KCNY,CNY,America/Denver
19530,KCOD,medium_airport,Yellowstone Regional Airport,44.520199,-109.024002,5102,NA,US,US-WY,Cody,yes,KCOD,COD,KCOD,COD,America/Denver
19531,KCOE,medium_airport,Coeur D'Alene Airport - Pappy Boyington Field,47.7743,-116.82,2320,NA,US,US-ID,Coeur d'Alene,no,KCOE,COE,KCOE,COE,America/Los_Angeles
3462,KCOF,medium_airport,Patrick Space Force Base,28.2349,-80.6101,8,NA,US,US-FL,Cocoa Beach,no,KCOF,COF,KCOF,COF,America/New_York
19534,KCON,medium_airport,Concord Municipal Airport,43.20270157,-71.50229645,342,NA,US,US-NH,Concord,no,KCON,CON,KCON,CON,America/New_York
3463,KCOS,large_airport,City of Colorado Springs Municipal Airport,38.805801,-104.700996,6187,NA,US,US-CO,Colorado Springs,yes,KCOS,COS,KCOS,COS,America/Denver
3464,KCOU,medium_airport,Columbia Regional Airport,38.8181,-92.219597,889,NA,US,US-MO,Columbia,yes,KCOU,COU,KCOU,COU,America/Chicago
3465,KCPR,medium_airport,Casper-Natrona County International Airport,42.907381,-106.461609,5350,NA,US,US-WY,Casper,yes,KCPR,CPR,KCPR,CPR,America/Denver
19549,KCRE,medium_airport,Grand Strand Airport,33.8116989136,-78.72389984130001,32,NA,US,US-SC,North Myrtle Beach,no,KCRE,CRE,KCRE,CRE,America/New_York
19550,KCRG,medium_airport,Jacksonville Executive at Craig Airport,30.3362998962,-81.51439666750001,41,NA,US,US-FL,Jacksonville,no,KCRG,CRG,KCRG,CRG,America/New_York
3466,KCRP,medium_airport,Corpus Christi International Airport,27.770399,-97.501198,44,NA,US,US-TX,Corpus Christi,yes,KCRP,CRP,KCRP,CRP,America/Chicago
19552,KCRQ,medium_airport,McClellan-Palomar Airport,33.1283,-117.279999,331,NA,US,US-CA,Carlsbad,yes,KCRQ,CLD,KCRQ,CRQ,America/Los_Angeles
3467,KCRW,medium_airport,Yeager Airport,38.3731,-81.593201,981,NA,US,US-WV,Charleston,yes,KCRW,CRW,KCRW,CRW,America/New_York
3468,KCSG,medium_airport,Columbus Airport,32.516415,-84.939602,397,NA,US,US-GA,Columbus,yes,KCSG,CSG,KCSG,CSG,America/New_York
3469,KCSV,medium_airport,Crossville Memorial Airport Whitson Field,35.95131,-85.08499,1881,NA,US,US-TN,Crossville,no,KCSV,CSV,KCSV,CSV,America/Chicago
3470,KCTB,medium_airport,Cut Bank International Airport,48.608657,-112.378183,3854,NA,US,US-MT,Cut Bank,no,KCTB,CTB,KCTB,CTB,America/Denver
19564,KCUB,medium_airport,Jim Hamilton L.B. Owens Airport,33.970500946,-80.9952011108,193,NA,US,US-SC,Columbia,no,KCUB,CUB,KCUB,CUB,America/New_York
3471,KCVG,large_airport,Cincinnati Northern Kentucky International Airport,39.048801,-84.667801,896,NA,US,US-KY,Cincinnati / Covington,yes,KCVG,CVG,KCVG,CVG,America/New_York
19569,KCVN,medium_airport,Clovis Municipal Airport,34.426594,-103.078794,4216,NA,US,US-NM,Clovis,yes,KCVN,CVN,KCVN,CVN,America/Denver
3472,KCVO,medium_airport,Corvallis Municipal Airport,44.49720001,-123.2900009,250,NA,US,US-OR,Corvallis,no,KCVO,CVO,KCVO,CVO,America/Los_Angeles
3473,KCVS,medium_airport,Cannon Air Force Base,34.382801,-103.321999,4295,NA,US,US-NM,Clovis,no,KCVS,CVS,KCVS,CVS,America/Denver
19570,KCVX,small_airport,Charlevoix Municipal Airport,45.304798,-85.274803,669,NA,US,US-MI,Charlevoix,yes,KCVX,,KCVX,CVX,America/Detroit
19571,KCWA,medium_airport,Central Wisconsin Airport,44.777448,-89.670238,1277,NA,US,US-WI,Mosinee,yes,KCWA,CWA,KCWA,CWA,America/Chicago
3475,KCXO,medium_airport,Conroe-North Houston Regional Airport,30.351801,-95.414497,245,NA,US,US-TX,Houston,no,KCXO,CXO,KCXO,CXO,America/Chicago
19577,KCXP,medium_airport,Carson Airport,39.194331,-119.734312,4697,NA,US,US-NV,Carson City,no,KCXP,CSN,KCXP,CXP,America/Los_Angeles
3476,KCYS,medium_airport,Cheyenne Regional Jerry Olson Field,41.155701,-104.811997,6159,NA,US,US-WY,Cheyenne,yes,KCYS,CYS,KCYS,CYS,America/Denver
3477,KDAA,medium_airport,Davison Army Air Field,38.715000152600005,-77.1809997559,73,NA,US,US-VA,Fort Belvoir,no,KDAA,DAA,KDAA,DAA,America/New_York
3478,KDAB,medium_airport,Daytona Beach International Airport,29.18255,-81.059464,34,NA,US,US-FL,Daytona Beach,yes,KDAB,DAB,KDAB,DAB,America/New_York
19615,KDAG,medium_airport,Barstow Daggett Airport,34.85369873,-116.7870026,1930,NA,US,US-CA,Daggett,no,KDAG,DAG,KDAG,DAG,America/Los_Angeles
3479,KDAL,large_airport,Dallas Love Field,32.844776,-96.847653,487,NA,US,US-TX,Dallas,yes,KDAL,DAL,KDAL,DAL,America/Chicago
3480,KDAN,medium_airport,Danville Regional Airport,36.572899,-79.336098,571,NA,US,US-VA,Danville,no,KDAN,DAN,KDAN,DAN,America/New_York
3481,KDAY,medium_airport,James M. Cox Dayton International Airport,39.902401,-84.219398,1009,NA,US,US-OH,Dayton,yes,KDAY,DAY,KDAY,DAY,America/New_York
3482,KDBQ,medium_airport,Dubuque Regional Airport,42.402,-90.709503,1077,NA,US,US-IA,Dubuque,yes,KDBQ,DBQ,KDBQ,DBQ,America/Chicago
3483,KDCA,large_airport,Ronald Reagan Washington National Airport,38.8521,-77.037697,15,NA,US,US-DC,Washington,yes,KDCA,DCA,KDCA,DCA,America/New_York
3484,KDDC,medium_airport,Dodge City Regional Airport,37.76340103149414,-99.9655990600586,2594,NA,US,US-KS,Dodge City,yes,KDDC,DDC,KDDC,DDC,America/Chicago
3485,KDEC,medium_airport,Decatur Airport,39.834598541259766,-88.8656997680664,682,NA,US,US-IL,Decatur,yes,KDEC,DEC,KDEC,DEC,America/Chicago
3486,KDEN,large_airport,Denver International Airport,39.860027,-104.673792,5431,NA,US,US-CO,Denver,yes,KDEN,DEN,KDEN,DEN,America/Denver
3487,KDET,medium_airport,Coleman A. Young Municipal Airport,42.40919876,-83.00990295,626,NA,US,US-MI,Detroit,no,,DET,KDET,DET,America/Detroit
3488,KDFW,large_airport,Dallas Fort Worth International Airport,32.896801,-97.038002,607,NA,US,US-TX,Dallas-Fort Worth,yes,KDFW,DFW,KDFW,DFW,America/Chicago
3489,KDHN,medium_airport,Dothan Regional Airport,31.321300506591797,-85.44960021972656,401,NA,US,US-AL,Dothan,yes,KDHN,DHN,KDHN,DHN,America/Chicago
19628,KDHT,medium_airport,Dalhart Municipal Airport,36.0225982666,-102.54699707,3991,NA,US,US-TX,Dalhart,no,KDHT,DHT,KDHT,DHT,America/Chicago
19630,KDIK,medium_airport,Dickinson Theodore Roosevelt Regional Airport,46.797533,-102.801905,2592,NA,US,US-ND,Dickinson,yes,KDIK,DIK,KDIK,DIK,America/Denver
3490,KDLF,medium_airport,Laughlin Air Force Base,29.359501,-100.778002,1082,NA,US,US-TX,Del Rio,no,KDLF,DLF,KDLF,DLF,America/Chicago
3491,KDLH,medium_airport,Duluth International Airport,46.841873,-92.198746,1428,NA,US,US-MN,Duluth,yes,KDLH,DLH,KDLH,DLH,America/Chicago
19640,KDLS,medium_airport,Columbia Gorge Regional Airport,45.620979,-121.170777,247,NA,US,US-OR,Dallesport / The Dalles,no,KDLS,DLS,KDLS,DLS,America/Los_Angeles
3492,KDMA,medium_airport,Davis Monthan Air Force Base,32.1665000916,-110.883003235,2704,NA,US,US-AZ,Tucson,no,KDMA,DMA,KDMA,DMA,America/Phoenix
3493,KDMN,medium_airport,Deming Municipal Airport,32.262298584,-107.721000671,4314,NA,US,US-NM,Deming,no,KDMN,DMN,KDMN,DMN,America/Denver
19644,KDNL,medium_airport,Daniel Field,33.4664993286,-82.0393981934,423,NA,US,US-GA,Augusta,no,KDNL,DNL,KDNL,DNL,America/New_York
3494,KDOV,medium_airport,Dover Civil Air Terminal/Dover Air Force Base,39.129501,-75.466003,24,NA,US,US-DE,Dover,yes,KDOV,DOV,KDOV,DOV,America/New_York
19648,KDPA,medium_airport,Dupage Airport,41.90779877,-88.24859619,759,NA,US,US-IL,Chicago/West Chicago,no,KDPA,DPA,KDPA,DPA,America/Chicago
19652,KDRA,medium_airport,Desert Rock Airport,36.6194,-116.032997,3314,NA,US,US-NV,Mercury,no,KDRA,DRA,KDRA,NV65,America/Los_Angeles
3495,KDRI,medium_airport,Beauregard Regional Airport,30.831699,-93.339897,202,NA,US,US-LA,DeRidder,no,KDRI,DRI,KDRI,DRI,America/Chicago
19654,KDRO,medium_airport,Durango La Plata County Airport,37.151501,-107.753998,6685,NA,US,US-CO,Durango,yes,KDRO,DRO,KDRO,DRO,America/Denver
19655,KDRT,medium_airport,Del Rio International Airport,29.3742008209,-100.927001953,1002,NA,US,US-TX,Del Rio,no,KDRT,DRT,KDRT,DRT,America/Chicago
3496,KDSM,large_airport,Des Moines International Airport,41.534027,-93.656719,958,NA,US,US-IA,Des Moines,yes,KDSM,DSM,KDSM,DSM,America/Chicago
19661,KDTS,medium_airport,Destin Executive Airport,30.400101,-86.471497,23,NA,US,US-FL,Destin,yes,KDTS,DSI,KDTS,DTS,America/Chicago
3497,KDTW,large_airport,Detroit Metropolitan Wayne County Airport,42.21377,-83.353786,645,NA,US,US-MI,Detroit,yes,KDTW,DTW,KDTW,DTW,America/Detroit
19662,KDUA,medium_airport,Durant Regional Airport - Eaker Field,33.939675,-96.395072,699,NA,US,US-OK,Durant,no,KDUA,DUA,KDUA,DUA,America/Chicago
19664,KDUG,medium_airport,Bisbee Douglas International Airport,31.464139,-109.60456,4154,NA,US,US-AZ,Douglas Bisbee,no,KDUG,DUG,KDUG,DUG,America/Phoenix
3498,KDUJ,medium_airport,DuBois Regional Airport,41.17829895,-78.8986969,1817,NA,US,US-PA,Dubois,yes,KDUJ,DUJ,KDUJ,DUJ,America/New_York
19668,KDVL,medium_airport,Devils Lake Regional Airport,48.115454,-98.908796,1456,NA,US,US-ND,Devils Lake,yes,KDVL,DVL,KDVL,DVL,America/Chicago
19676,KDXR,medium_airport,Danbury Municipal Airport,41.371656,-73.482227,458,NA,US,US-CT,Danbury,no,KDXR,DXR,KDXR,DXR,America/New_York
3499,KDYS,medium_airport,Dyess Air Force Base,32.420799,-99.854599,1789,NA,US,US-TX,Abilene,no,KDYS,DYS,KDYS,DYS,America/Chicago
313410,KDZ,seaplane_base,Polgolla Reservoir Seaplane Base,7.3251,80.6422,1473,AS,LK,LK-2,Kandy,yes,,KDZ,,,
19716,KEAR,medium_airport,Kearney Regional Airport,40.727001,-99.006798,2131,NA,US,US-NE,Kearney,yes,KEAR,EAR,KEAR,EAR,America/Chicago
19717,KEAT,medium_airport,Pangborn Memorial Airport,47.398899,-120.207001,1249,NA,US,US-WA,Wenatchee,yes,KEAT,EAT,KEAT,EAT,America/Los_Angeles
3501,KEAU,medium_airport,Chippewa Valley Regional Airport,44.86579895019531,-91.48429870605469,913,NA,US,US-WI,Eau Claire,yes,KEAU,EAU,KEAU,EAU,America/Chicago
19718,KEB,small_airport,Nanwalek Airport,59.3521,-151.925003,27,NA,US,US-AK,Nanwalek,yes,,KEB,KEB,KEB,
3502,KECG,medium_airport,Elizabeth City Regional Airport & Coast Guard Air Station,36.260601,-76.174599,11,NA,US,US-NC,Elizabeth City,no,KECG,ECG,KECG,ECG,America/New_York
46530,KECP,medium_airport,Northwest Florida Beaches International Airport,30.357106,-85.795414,69,NA,US,US-FL,Panama City Beach,yes,KECP,ECP,KECP,ECP,America/Chicago
45955,KEDC,medium_airport,Austin Executive Airport,30.398049,-97.566909,620,NA,US,US-TX,Pflugerville,yes,KEDC,,KEDC,EDC,America/Chicago
3503,KEDW,medium_airport,Edwards Air Force Base,34.910781,-117.886391,2312,NA,US,US-CA,Edwards,no,KEDW,EDW,KEDW,EDW,America/Los_Angeles
19727,KEED,medium_airport,Needles Airport,34.7663002014,-114.623001099,983,NA,US,US-CA,Needles,no,KEED,EED,KEED,EED,America/Los_Angeles
3504,KEEN,medium_airport,Dillant Hopkins Airport,42.898399,-72.270798,488,NA,US,US-NH,Keene,no,KEEN,EEN,KEEN,EEN,America/New_York
19729,KEET,medium_airport,Shelby County Airport,33.17699814,-86.78279877,586,NA,US,US-AL,Alabaster,no,,,KEET,EET,America/Chicago
19731,KEFD,medium_airport,Ellington Airport,29.607299804700002,-95.1587982178,32,NA,US,US-TX,Houston,no,KEFD,EFD,KEFD,EFD,America/Chicago
3505,KEGE,medium_airport,Eagle County Regional Airport,39.64260101,-106.9179993,6548,NA,US,US-CO,Eagle,yes,KEGE,EGE,KEGE,EGE,America/Denver
19735,KEGI,medium_airport,Duke Field,30.65040016,-86.52290344,191,NA,US,US-FL,Crestview,no,KEGI,EGI,KEGI,EGI,America/Chicago
3506,KEKA,medium_airport,Murray Field,40.803398,-124.112999,7,NA,US,US-CA,Eureka,no,KEKA,EKA,KEKA,EKA,America/Los_Angeles
3507,KEKN,medium_airport,Elkins-Randolph County Regional Airport,38.889759,-79.857651,1987,NA,US,US-WV,Elkins,no,KEKN,EKN,KEKN,EKN,America/New_York
3508,KEKO,medium_airport,Elko Regional Airport,40.82490158081055,-115.79199981689453,5140,NA,US,US-NV,Elko,yes,KEKO,EKO,KEKO,EKO,America/Los_Angeles
3509,KELD,medium_airport,South Arkansas Regional Airport at Goodwin Field,33.221001,-92.813301,277,NA,US,US-AR,El Dorado,yes,KELD,ELD,KELD,ELD,America/Chicago
3510,KELM,medium_airport,Elmira Corning Regional Airport,42.1599006652832,-76.8916015625,954,NA,US,US-NY,Elmira/Corning,yes,KELM,ELM,KELM,ELM,America/New_York
3511,KELO,medium_airport,Ely Municipal Airport,47.82450104,-91.83070374,1456,NA,US,US-MN,Ely,no,KELO,LYU,KELO,ELO,America/Chicago
3512,KELP,large_airport,El Paso International Airport,31.809908,-106.375607,3959,NA,US,US-TX,El Paso,yes,KELP,ELP,KELP,ELP,America/Denver
19753,KELY,medium_airport,Ely Airport Yelland Field,39.29970169,-114.8420029,6259,NA,US,US-NV,Ely,no,KELY,ELY,KELY,ELY,America/Los_Angeles
3513,KEND,medium_airport,Vance Air Force Base,36.339199,-97.916496,1307,NA,US,US-OK,Enid,no,KEND,END,KEND,END,America/Chicago
19760,KENV,medium_airport,Wendover Airport,40.7187004089,-114.03099823,4237,NA,US,US-UT,Wendover,no,KENV,ENV,KENV,ENV,America/Denver
3514,KENW,medium_airport,Kenosha Regional Airport,42.59569931,-87.92780304,742,NA,US,US-WI,Kenosha,no,KENW,ENW,KENW,ENW,America/Chicago
3515,KERI,medium_airport,Erie International Tom Ridge Field,42.083127,-80.173867,732,NA,US,US-PA,Erie,yes,KERI,ERI,KERI,ERI,America/New_York
19770,KESC,medium_airport,Delta County Airport,45.723199,-87.088623,609,NA,US,US-MI,Escanaba,yes,KESC,ESC,KESC,ESC,America/Detroit
3516,KESF,medium_airport,Esler Army Airfield / Esler Regional Airport,31.394266,-92.294082,112,NA,US,US-LA,Alexandria,no,KESF,ESF,KESF,ESF,America/Chicago
3517,KEUG,medium_airport,Eugene Airport,44.124599,-123.211998,374,NA,US,US-OR,Eugene,yes,KEUG,EUG,KEUG,EUG,America/Los_Angeles
3518,KEVV,medium_airport,Evansville Regional Airport,38.0369987488,-87.5324020386,418,NA,US,US-IN,Evansville,yes,KEVV,EVV,KEVV,EVV,America/Chicago
19782,KEVW,medium_airport,Evanston-Uinta County Airport-Burns Field,41.27479935,-111.0350037,7143,NA,US,US-WY,Evanston,no,KEVW,EVW,KEVW,EVW,America/Denver
3519,KEWB,medium_airport,New Bedford Regional Airport,41.67610168457031,-70.95690155029297,80,NA,US,US-MA,New Bedford,yes,KEWB,EWB,KEWB,EWB,America/New_York
3520,KEWN,medium_airport,Coastal Carolina Regional Airport,35.0730018616,-77.04290008539999,18,NA,US,US-NC,New Bern,yes,KEWN,EWN,KEWN,EWN,America/New_York
3521,KEWR,large_airport,Newark Liberty International Airport,40.6894,-74.170545,18,NA,US,US-NJ,Newark,yes,KEWR,EWR,KEWR,EWR,America/New_York
3522,KEYW,medium_airport,Key West International Airport,24.556119,-81.759579,3,NA,US,US-FL,Key West,yes,KEYW,EYW,KEYW,EYW,America/New_York
19843,KFAF,medium_airport,Felker Army Air Field,37.1325,-76.608803,12,NA,US,US-VA,Newport News (Fort Eustis),no,KFAF,FAF,KFAF,FAF,America/New_York
3523,KFAR,medium_airport,Hector International Airport,46.9207,-96.815804,902,NA,US,US-ND,Fargo,yes,KFAR,FAR,KFAR,FAR,America/Chicago
3524,KFAT,large_airport,Fresno Yosemite International Airport,36.775767,-119.718018,336,NA,US,US-CA,Fresno,yes,KFAT,FAT,KFAT,FAT,America/Los_Angeles
3525,KFAY,medium_airport,Fayetteville Regional Airport - Grannis Field,34.991199,-78.880302,189,NA,US,US-NC,Fayetteville,yes,KFAY,FAY,KFAY,FAY,America/New_York
3526,KFBG,medium_airport,Simmons Army Air Field,35.13180161,-78.93669891,244,NA,US,US-NC,Fort Bragg,no,KFBG,FBG,KFBG,FBG,America/New_York
19851,KFCS,medium_airport,Butts AAF (Fort Carson) Air Field,38.67839813,-104.7570038,5838,NA,US,US-CO,Fort Carson,no,KFCS,FCS,KFCS,FCS,America/Denver
19857,KFDY,medium_airport,Findlay Airport,41.013500213600004,-83.66870117190001,813,NA,US,US-OH,Findlay,no,KFDY,FDY,KFDY,FDY,America/New_York
3528,KFFO,medium_airport,Wright-Patterson Air Force Base,39.826099,-84.048302,823,NA,US,US-OH,Dayton,no,KFFO,FFO,KFFO,FFO,America/New_York
19868,KFHR,medium_airport,Friday Harbor Airport,48.523654,-123.024645,113,NA,US,US-WA,Friday Harbor,yes,KFHR,FRD,KFHR,FHR,America/Los_Angeles
3529,KFHU,medium_airport,Sierra Vista Municipal Airport / Libby Army Air Field,31.587383,-110.348225,4719,NA,US,US-AZ,Fort Huachuca / Sierra Vista,no,KFHU,FHU,KFHU,FHU,America/Phoenix
19872,KFKL,medium_airport,Venango Regional Airport,41.3778991699,-79.8603973389,1540,NA,US,US-PA,Franklin,no,KFKL,FKL,KFKL,FKL,America/New_York
3530,KFLG,medium_airport,Flagstaff Pulliam Airport,35.139757,-111.669826,7014,NA,US,US-AZ,Flagstaff,yes,KFLG,FLG,KFLG,FLG,America/Phoenix
3531,KFLL,large_airport,Fort Lauderdale Hollywood International Airport,26.072599,-80.152702,9,NA,US,US-FL,Fort Lauderdale,yes,KFLL,FLL,KFLL,FLL,America/New_York
3532,KFLO,medium_airport,Florence Regional Airport,34.18539810180664,-79.7238998413086,146,NA,US,US-SC,Florence,yes,KFLO,FLO,KFLO,FLO,America/New_York
3534,KFME,medium_airport,Fort Meade Executive Airport,39.0854,-76.759399,150,NA,US,US-MD,Fort Meade(Odenton),no,KFME,FME,KFME,FME,America/New_York
19881,KFMN,medium_airport,Four Corners Regional Airport,36.741199,-108.230003,5506,NA,US,US-NM,Farmington,no,KFMN,FMN,KFMN,FMN,America/Denver
19882,KFMY,medium_airport,Page Field,26.58659935,-81.86329650879999,17,NA,US,US-FL,Fort Myers,no,KFMY,FMY,KFMY,FMY,America/New_York
19885,KFNL,medium_airport,Northern Colorado Regional Airport,40.44969,-105.011272,5016,NA,US,US-CO,Loveland,no,KFNL,FNL,KFNL,FNL,America/Denver
3535,KFNT,medium_airport,Bishop International Airport,42.969294,-83.743355,782,NA,US,US-MI,Flint,yes,KFNT,FNT,KFNT,FNT,America/Detroit
3536,KFOD,medium_airport,Fort Dodge Regional Airport,42.552624,-94.191237,1156,NA,US,US-IA,Fort Dodge,yes,KFOD,FOD,KFOD,FOD,America/Chicago
3537,KFOE,medium_airport,Topeka Regional Airport,38.950901,-95.663597,1078,NA,US,US-KS,Topeka,no,KFOE,FOE,KFOE,FOE,America/Chicago
3538,KFPR,medium_airport,Treasure Coast International Airport,27.4951,-80.368301,24,NA,US,US-FL,Fort Pierce,no,KFPR,FPR,KFPR,FPR,America/New_York
3539,KFRG,medium_airport,Republic Airport,40.728576,-73.414267,82,NA,US,US-NY,East Farmingdale,no,KFRG,FRG,KFRG,FRG,America/New_York
3540,KFRI,medium_airport,Marshall Army Air Field,39.053021,-96.764202,1065,NA,US,US-KS,Fort Riley (Junction City),no,KFRI,FRI,KFRI,FRI,America/Chicago
3541,KFSD,medium_airport,Sioux Falls Regional Airport,43.585463,-96.741152,1429,NA,US,US-SD,Sioux Falls,yes,KFSD,FSD,KFSD,FSD,America/Chicago
3542,KFSI,medium_airport,Henry Post Army Air Field,34.649799,-98.402199,1189,NA,US,US-OK,Fort Sill,no,KFSI,FSI,KFSI,FSI,America/Chicago
3543,KFSM,medium_airport,Fort Smith Regional Airport,35.336601,-94.367401,469,NA,US,US-AR,Fort Smith,yes,KFSM,FSM,KFSM,FSM,America/Chicago
19900,KFST,medium_airport,Fort Stockton Pecos County Airport,30.9157009125,-102.916000366,3011,NA,US,US-TX,Fort Stockton,no,KFST,FST,KFST,FST,America/Chicago
3544,KFTK,medium_airport,Godman Army Air Field,37.907100677500004,-85.9720993042,756,NA,US,US-KY,Fort Knox,no,KFTK,FTK,KFTK,FTK,America/New_York
3545,KFTW,medium_airport,Fort Worth Meacham International Airport,32.819919,-97.360818,710,NA,US,US-TX,Fort Worth,yes,KFTW,FTW,KFTW,FTW,America/Chicago
3546,KFTY,medium_airport,Fulton County Airport Brown Field,33.7790985107,-84.5214004517,841,NA,US,US-GA,Atlanta,no,KFTY,FTY,KFTY,FTY,America/New_York
3547,KFWA,medium_airport,Fort Wayne International Airport,40.978896,-85.194465,814,NA,US,US-IN,Fort Wayne,yes,KFWA,FWA,KFWA,FWA,America/Indiana/Indianapolis
19912,KFXE,medium_airport,Fort Lauderdale Executive Airport,26.1972999573,-80.1707000732,13,NA,US,US-FL,Fort Lauderdale,no,KFXE,FXE,KFXE,FXE,America/New_York
3548,KFYV,medium_airport,Drake Field,36.00510025024414,-94.17009735107422,1251,NA,US,US-AR,Fayetteville,no,KFYV,FYV,KFYV,FYV,America/Chicago
41534,KG-0001,medium_airport,Jalal-Abad Airport,40.944401,72.977798,2591,AS,KG,KG-J,Jalal-Abad,yes,UCFD,,UCFD,,
41535,KG-0002,small_airport,Naryn Airport,41.441502,76.1306,6998,AS,KG,KG-N,Naryn,yes,UCFN,,UAFN,,Asia/Bishkek
41537,KG-0004,small_airport,Talas Airport,42.505901,72.2631,4153,AS,KG,KG-T,Talas,yes,UAFT,,UAFT,,Asia/Bishkek
41539,KG-0006,small_airport,Tamga Airport,42.153099,77.563904,5655,AS,KG,KG-Y,Tamga,yes,UAFA,,UAFA,,Asia/Bishkek
41540,KG-0007,small_airport,Tokmok Airport,42.828899,75.335999,2770,AS,KG,KG-C,Tokmok,yes,UAFF,,UAFF,,Asia/Bishkek
41653,KG-0014,small_airport,Kerben Airport,41.484501,71.733704,4199,AS,KG,KG-J,Kerben,yes,UAFE,,UAFE,,Asia/Bishkek
41657,KG-0018,small_airport,Kyzyl-Kiya Airport,40.271702,72.047096,2928,AS,KG,KG-B,Kyzyl-Kiya,yes,UAFS,,UAFS,,Asia/Bishkek
19929,KGCC,medium_airport,Northeast Wyoming Regional Airport,44.3489,-105.539001,4365,NA,US,US-WY,Gillette,yes,KGCC,GCC,KGCC,GCC,America/Denver
3550,KGCK,medium_airport,Garden City Regional Airport,37.9275016785,-100.723999023,2891,NA,US,US-KS,Garden City,yes,KGCK,GCK,KGCK,GCK,America/Chicago
3551,KGCN,medium_airport,Grand Canyon National Park Airport,35.9524,-112.147003,6609,NA,US,US-AZ,Grand Canyon - Tusayan,yes,KGCN,GCN,KGCN,GCN,America/Phoenix
19936,KGDV,medium_airport,Dawson Community Airport,47.137658,-104.80691,2458,NA,US,US-MT,Glendive,yes,KGDV,GDV,KGDV,GDV,America/Denver
3552,KGEG,large_airport,Spokane International Airport,47.6199,-117.533997,2376,NA,US,US-WA,Spokane,yes,KGEG,GEG,KGEG,GEG,America/Los_Angeles
3553,KGFK,medium_airport,Grand Forks International Airport,47.949299,-97.176102,845,NA,US,US-ND,Grand Forks,yes,KGFK,GFK,KGFK,GFK,America/Chicago
3554,KGFL,medium_airport,Floyd Bennett Memorial Airport,43.3412017822,-73.6102981567,328,NA,US,US-NY,Glens Falls,no,KGFL,GFL,KGFL,GFL,America/New_York
3555,KGGG,medium_airport,East Texas Regional Airport,32.38399887084961,-94.71150207519531,365,NA,US,US-TX,Longview,yes,KGGG,GGG,KGGG,GGG,America/Chicago
3556,KGGW,medium_airport,Glasgow Valley County Airport Wokal Field,48.212502,-106.614998,2296,NA,US,US-MT,Glasgow,yes,KGGW,GGW,KGGW,GGW,America/Denver
3557,KGJT,medium_airport,Grand Junction Regional Airport,39.126663,-108.529387,4858,NA,US,US-CO,Grand Junction,yes,KGJT,GJT,KGJT,GJT,America/Denver
19956,KGLD,medium_airport,Goodland Municipal Airport,39.370701,-101.699753,3656,NA,US,US-KS,Goodland,no,KGLD,GLD,KGLD,GLD,America/Denver
19958,KGLH,medium_airport,Mid Delta Regional Airport,33.482899,-90.985603,131,NA,US,US-MS,Greenville,yes,KGLH,GLH,KGLH,GLH,America/Chicago
3558,KGLS,medium_airport,Scholes International At Galveston Airport,29.265301,-94.860397,6,NA,US,US-TX,Galveston,no,KGLS,GLS,KGLS,GLS,America/Chicago
19963,KGMU,medium_airport,Greenville Downtown Airport,34.847903,-82.350217,1048,NA,US,US-SC,Greenville,no,KGMU,GMU,KGMU,GMU,America/New_York
3559,KGNV,medium_airport,Gainesville Regional Airport,29.6900997162,-82.2717971802,152,NA,US,US-FL,Gainesville,yes,KGNV,GNV,KGNV,GNV,America/New_York
3560,KGON,medium_airport,Groton New London Airport,41.330101,-72.045097,9,NA,US,US-CT,Groton,no,KGON,GON,KGON,GON,America/New_York
3527,KGPI,medium_airport,Glacier Park International Airport,48.310501,-114.255997,2977,NA,US,US-MT,Kalispell,yes,KGPI,FCA,KGPI,GPI,America/Denver
3561,KGPT,medium_airport,Gulfport Biloxi International Airport,30.405582,-89.069836,28,NA,US,US-MS,Gulfport,yes,KGPT,GPT,KGPT,GPT,America/Chicago
3562,KGRB,medium_airport,Austin Straubel International Airport,44.483459,-88.130805,695,NA,US,US-WI,Green Bay,yes,KGRB,GRB,KGRB,GRB,America/Chicago
3563,KGRF,medium_airport,Gray Army Air Field,47.079201,-122.581001,300,NA,US,US-WA,Joint Base Lewis McChord,no,KGRF,GRF,KGRF,GRF,America/Los_Angeles
3564,KGRI,medium_airport,Central Nebraska Regional Airport,40.967498779296875,-98.30960083007812,1847,NA,US,US-NE,Grand Island,yes,KGRI,GRI,KGRI,GRI,America/Chicago
3565,KGRK,medium_airport,Killeen Regional Airport / Robert Gray Army Airfield,31.0672,-97.828903,1015,NA,US,US-TX,Fort Cavazos,yes,KGRK,GRK,KGRK,GRK,America/Chicago
3566,KGRR,large_airport,Gerald R. Ford International Airport,42.880798,-85.522797,794,NA,US,US-MI,Grand Rapids,yes,KGRR,GRR,KGRR,GRR,America/Detroit
3567,KGSB,medium_airport,Seymour Johnson Air Force Base,35.339401,-77.960602,109,NA,US,US-NC,Goldsboro,no,KGSB,GSB,KGSB,GSB,America/New_York
3568,KGSO,large_airport,Piedmont Triad International Airport,36.09937,-79.937262,925,NA,US,US-NC,Greensboro,yes,KGSO,GSO,KGSO,GSO,America/New_York
3569,KGSP,medium_airport,Greenville-Spartanburg International Airport,34.895699,-82.218903,964,NA,US,US-SC,Greenville/Greer/Spartanburg,yes,KGSP,GSP,KGSP,GSP,America/New_York
3570,KGTB,medium_airport,Wheeler Sack Army Air Field,44.055599,-75.719498,688,NA,US,US-NY,Fort Drum,no,KGTB,,KGTB,GTB,America/New_York
3571,KGTF,medium_airport,Great Falls International Airport,47.481998,-111.371002,3680,NA,US,US-MT,Great Falls,yes,KGTF,GTF,KGTF,GTF,America/Denver
19982,KGTR,medium_airport,Golden Triangle Regional Airport,33.450298,-88.5914,264,NA,US,US-MS,Columbus/W Point/Starkville,yes,KGTR,GTR,KGTR,GTR,America/Chicago
19984,KGUC,medium_airport,Gunnison Crested Butte Regional Airport,38.534672,-106.934566,7680,NA,US,US-CO,Gunnison,yes,KGUC,GUC,KGUC,GUC,America/Denver
3572,KGUP,medium_airport,Gallup Municipal Airport,35.511653,-108.788166,6472,NA,US,US-NM,Gallup,yes,KGUP,GUP,KGUP,GUP,America/Denver
3573,KGUS,medium_airport,Grissom Air Reserve Base,40.648102,-86.1521,812,NA,US,US-IN,Peru,no,KGUS,GUS,KGUS,GUS,America/Indiana/Indianapolis
19985,KGUY,medium_airport,Guymon Municipal Airport,36.6851005554,-101.508003235,3123,NA,US,US-OK,Guymon,no,KGUY,GUY,KGUY,GUY,America/Chicago
3574,KGWO,medium_airport,Greenwood–Leflore Airport,33.495025,-90.088204,162,NA,US,US-MS,Greenwood,no,KGWO,GWO,KGWO,GWO,America/Chicago
19993,KGX,small_airport,Grayling Airport,62.895187,-160.066289,99,NA,US,US-AK,Grayling,yes,PAGX,KGX,PAGX,KGX,
19997,KGYI,medium_airport,North Texas Regional Airport Perrin Field,33.7141,-96.673698,749,NA,US,US-TX,Denison,no,KGYI,PNX,KGYI,GYI,America/Chicago
3575,KGYY,medium_airport,Gary/Chicago International Airport,41.617087,-87.413206,591,NA,US,US-IN,Gary,yes,KGYY,GYY,KGYY,GYY,America/Chicago
339963,KH-0001,large_airport,Dara Sakor International Airport,10.914244,103.226652,60,AS,KH,KH-9,Ta Noun,yes,VDDS,DSY,VDDS,,
342098,KH-0002,large_airport,Techo International Airport,11.359987,104.921272,20,AS,KH,KH-8,Phnom Penh (Boeng Khyang),yes,VDTI,KTI,VDTI,,Asia/Phnom_Penh
20027,KHBG,medium_airport,Hattiesburg Bobby L Chain Municipal Airport,31.26479912,-89.25279999,151,NA,US,US-MS,Hattiesburg,no,KHBG,HBG,KHBG,HBG,America/Chicago
20029,KHBR,medium_airport,Hobart Regional Airport,34.991317,-99.051313,1563,NA,US,US-OK,Hobart,no,KHBR,HBR,KHBR,HBR,America/Chicago
20038,KHDN,medium_airport,Yampa Valley Airport,40.481201,-107.218002,6606,NA,US,US-CO,Hayden,yes,KHDN,HDN,KHDN,HDN,America/Denver
20041,KHEF,medium_airport,Washington Manassas Harry P. Davis Field,38.723021,-77.515422,192,NA,US,US-VA,Manassas,no,KHEF,MNZ,KHEF,HEF,America/New_York
3576,KHFD,medium_airport,Hartford Brainard Airport,41.736698150635,-72.649398803711,18,NA,US,US-CT,Hartford,no,KHFD,HFD,KHFD,HFD,America/New_York
3577,KHGR,medium_airport,Hagerstown Regional Richard A Henson Field,39.708771,-77.728014,703,NA,US,US-MD,Hagerstown,yes,KHGR,HGR,KHGR,HGR,America/New_York
3578,KHHR,medium_airport,Jack Northrop Field Hawthorne Municipal Airport,33.922798,-118.334999,66,NA,US,US-CA,Hawthorne,yes,KHHR,HHR,KHHR,HHR,America/Los_Angeles
3579,KHIB,medium_airport,Range Regional Airport,47.384831,-92.836905,1354,NA,US,US-MN,Hibbing,yes,KHIB,HIB,KHIB,HIB,America/Chicago
3580,KHIF,medium_airport,Hill Air Force Base,41.12403,-111.973086,4789,NA,US,US-UT,Ogden,no,KHIF,HIF,KHIF,HIF,America/Denver
20053,KHII,medium_airport,Lake Havasu City Airport,34.570506,-114.357745,783,NA,US,US-AZ,Lake Havasu City,yes,KHII,HII,KHII,HII,America/Phoenix
20054,KHIO,medium_airport,Portland Hillsboro Airport,45.540401,-122.949997,208,NA,US,US-OR,Portland,no,KHIO,HIO,KHIO,HIO,America/Los_Angeles
3581,KHKY,medium_airport,Hickory Regional Airport,35.74110031,-81.38950348,1190,NA,US,US-NC,Hickory,no,KHKY,HKY,KHKY,HKY,America/New_York
20061,KHLG,medium_airport,Wheeling Ohio County Airport,40.1749992371,-80.6463012695,1195,NA,US,US-WV,Wheeling,no,KHLG,HLG,KHLG,HLG,America/New_York
3582,KHLN,medium_airport,Helena Regional Airport,46.6068,-111.983002,3877,NA,US,US-MT,Helena,yes,KHLN,HLN,KHLN,HLN,America/Denver
3584,KHMN,medium_airport,Holloman Air Force Base,32.852501,-106.107002,4093,NA,US,US-NM,Alamogordo,no,KHMN,HMN,KHMN,HMN,America/Denver
20071,KHOB,medium_airport,Lea County Regional Airport,32.6875,-103.217003,3661,NA,US,US-NM,Hobbs,yes,KHOB,HOB,KHOB,HOB,America/Denver
3585,KHON,medium_airport,Huron Regional Airport,44.385201,-98.2285,1289,NA,US,US-SD,Huron,no,KHON,HON,KHON,HON,America/Chicago
3586,KHOP,medium_airport,Campbell Army Airfield (Fort Campbell),36.674154,-87.48974,573,NA,US,US-KY,Fort Campbell,no,KHOP,HOP,KHOP,HOP,America/Chicago
3587,KHOT,medium_airport,Memorial Field Airport,34.4788,-93.096262,540,NA,US,US-AR,Hot Springs,yes,KHOT,HOT,KHOT,HOT,America/Chicago
3588,KHOU,large_airport,William P. Hobby Airport,29.645336,-95.276812,46,NA,US,US-TX,Houston,yes,KHOU,HOU,KHOU,HOU,America/Chicago
3589,KHPN,medium_airport,Westchester County Airport,41.06700134277344,-73.70760345458984,439,NA,US,US-NY,White Plains,yes,KHPN,HPN,KHPN,HPN,America/New_York
3590,KHQM,medium_airport,Bowerman Airport,46.971199035599994,-123.93699646,18,NA,US,US-WA,Hoquiam,no,KHQM,HQM,KHQM,HQM,America/Los_Angeles
3591,KHRL,medium_airport,Valley International Airport,26.228500366210938,-97.65440368652344,36,NA,US,US-TX,Harlingen,yes,KHRL,HRL,KHRL,HRL,America/Chicago
3592,KHRO,medium_airport,Boone County Airport,36.26150131225586,-93.15470123291016,1365,NA,US,US-AR,Harrison,yes,KHRO,HRO,KHRO,HRO,America/Chicago
20081,KHRT,medium_airport,Hurlburt Field,30.427799,-86.689301,38,NA,US,US-FL,Mary Esther,no,,,KHRT,HRT,America/Chicago
3593,KHST,medium_airport,Homestead Air Reserve Base,25.4886,-80.383598,5,NA,US,US-FL,Homestead,no,KHST,HST,KHST,HST,America/New_York
3594,KHSV,medium_airport,Huntsville International Airport,34.636244,-86.774378,629,NA,US,US-AL,Huntsville,yes,KHSV,HSV,KHSV,HSV,America/Chicago
3595,KHTS,medium_airport,Tri-State Airport / Milton J. Ferguson Field,38.366699,-82.557999,828,NA,US,US-WV,Huntington,yes,KHTS,HTS,KHTS,HTS,America/New_York
3596,KHUA,medium_airport,Redstone Army Air Field,34.67869949,-86.68479919,684,NA,US,US-AL,Redstone Arsnl Huntsville,no,KHUA,HUA,KHUA,HUA,America/Chicago
3597,KHUF,medium_airport,"Terre Haute Regional Airport, Hulman Field",39.4515,-87.307602,589,NA,US,US-IN,Terre Haute,no,,HUF,KHUF,HUF,America/Indiana/Indianapolis
20095,KHUL,medium_airport,Houlton International Airport,46.1231002808,-67.792098999,489,NA,US,US-ME,Houlton,no,KHUL,HUL,KHUL,HUL,America/Moncton
3598,KHUT,medium_airport,Hutchinson Municipal Airport,38.0654983521,-97.86060333250002,1543,NA,US,US-KS,Hutchinson,no,KHUT,HUT,KHUT,HUT,America/Chicago
3599,KHVN,medium_airport,Tweed New Haven Airport,41.262869,-72.887694,12,NA,US,US-CT,New Haven,yes,KHVN,HVN,KHVN,HVN,America/New_York
20099,KHVR,medium_airport,Havre City County Airport,48.541387,-109.762859,2591,NA,US,US-MT,Havre,yes,KHVR,HVR,KHVR,HVR,America/Denver
20102,KHWO,medium_airport,North Perry Airport,26.0012,-80.2407,8,NA,US,US-FL,Hollywood,no,KHWO,HWO,KHWO,HWO,America/New_York
20105,KHXD,medium_airport,Hilton Head Airport,32.2244,-80.697502,19,NA,US,US-SC,Hilton Head Island,yes,KHXD,HHH,KHXD,HXD,America/New_York
3600,KHYA,medium_airport,Cape Cod Gateway Airport,41.6693,-70.280403,54,NA,US,US-MA,Hyannis,yes,KHYA,HYA,KHYA,HYA,America/New_York
20107,KHYI,medium_airport,San Marcos Regional Airport,29.8927,-97.862999,597,NA,US,US-TX,San Marcos,no,,,KHYI,HYI,America/Chicago
20108,KHYR,medium_airport,Sawyer County Airport,46.025199890100005,-91.44429779050002,1216,NA,US,US-WI,Hayward,no,KHYR,HYR,KHYR,HYR,America/Chicago
20109,KHYS,medium_airport,Hays Regional Airport,38.844521,-99.273148,1999,NA,US,US-KS,Hays,yes,KHYS,HYS,KHYS,HYS,America/Chicago
20117,KHZY,medium_airport,Northeast Ohio Regional Airport,41.778,-80.695503,924,NA,US,US-OH,Ashtabula,no,KHZY,JFN,KHZY,HZY,America/New_York
20129,KI39,medium_airport,Central Kentucky Regional Airport,37.630798,-84.332298,1002,NA,US,US-KY,Richmond,no,,,KRGA,RGA,America/New_York
3601,KIAB,medium_airport,McConnell Air Force Base,37.621899,-97.268204,1371,NA,US,US-KS,Wichita,no,KIAB,IAB,KIAB,IAB,America/Chicago
3602,KIAD,large_airport,Washington Dulles International Airport,38.9445,-77.455803,312,NA,US,US-VA,Dulles,yes,KIAD,IAD,KIAD,IAD,America/New_York
3603,KIAG,medium_airport,Niagara Falls International Airport,43.1073,-78.946198,589,NA,US,US-NY,Niagara Falls,yes,KIAG,IAG,KIAG,IAG,America/New_York
3604,KIAH,large_airport,George Bush Intercontinental Airport,29.9844,-95.3414,97,NA,US,US-TX,Houston,yes,KIAH,IAH,KIAH,IAH,America/Chicago
3605,KICT,medium_airport,Wichita Dwight D. Eisenhower National Airport,37.650314,-97.428583,1333,NA,US,US-KS,Wichita,yes,KICT,ICT,KICT,ICT,America/Chicago
3606,KIDA,medium_airport,Idaho Falls Regional Airport,43.514599,-112.070999,4744,NA,US,US-ID,Idaho Falls,yes,KIDA,IDA,KIDA,IDA,America/Boise
20160,KIFP,medium_airport,Laughlin Bullhead International Airport,35.154726,-114.559322,701,NA,US,US-AZ,Bullhead City,no,KIFP,IFP,KIFP,IFP,America/Phoenix
20161,KIGM,medium_airport,Kingman Airport,35.259499,-113.938004,3449,NA,US,US-AZ,Kingman,no,KIGM,IGM,KIGM,IGM,America/Phoenix
3607,KIKK,medium_airport,Greater Kankakee Airport,41.07139968869999,-87.8462982178,630,NA,US,US-IL,Kankakee,no,KIKK,IKK,KIKK,IKK,America/Chicago
3608,KILG,medium_airport,Wilmington Airport,39.678699,-75.606499,80,NA,US,US-DE,Wilmington,yes,KILG,ILG,KILG,ILG,America/New_York
3609,KILM,medium_airport,Wilmington International Airport,34.272345,-77.905117,32,NA,US,US-NC,Wilmington,yes,KILM,ILM,KILM,ILM,America/New_York
20173,KILN,medium_airport,Wilmington Airpark,39.427898407,-83.792098999,1077,NA,US,US-OH,Wilmington,no,KILN,ILN,KILN,ILN,America/New_York
20177,KIMT,medium_airport,Ford Airport,45.81911,-88.114557,1182,NA,US,US-MI,Kingsford,yes,KIMT,IMT,KIMT,IMT,America/Chicago
3610,KIND,large_airport,Indianapolis International Airport,39.7173,-86.294403,797,NA,US,US-IN,Indianapolis,yes,KIND,IND,KIND,IND,America/Indiana/Indianapolis
3611,KINK,medium_airport,Winkler County Airport,31.7796,-103.200996,2822,NA,US,US-TX,Wink,no,KINK,INK,KINK,INK,America/Chicago
3612,KINL,medium_airport,Falls International Airport,48.566200256347656,-93.4030990600586,1185,NA,US,US-MN,International Falls,yes,KINL,INL,KINL,INL,America/Chicago
3613,KINT,medium_airport,Smith Reynolds Airport,36.13370132446289,-80.22200012207031,969,NA,US,US-NC,Winston Salem,no,KINT,INT,KINT,INT,America/New_York
20180,KINW,medium_airport,Winslow Lindbergh Regional Airport,35.021900177,-110.722999573,4941,NA,US,US-AZ,Winslow,no,KINW,INW,KINW,INW,America/Phoenix
20184,KIPL,medium_airport,Imperial County Airport,32.83539,-115.574026,-54,NA,US,US-CA,Imperial,yes,KIPL,IPL,KIPL,IPL,America/Los_Angeles
3614,KIPT,medium_airport,Williamsport Regional Airport,41.242126,-76.92245,529,NA,US,US-PA,Williamsport,yes,KIPT,IPT,KIPT,IPT,America/New_York
3615,KIRK,medium_airport,Kirksville Regional Airport,40.09349822998047,-92.5448989868164,966,NA,US,US-MO,Kirksville,yes,KIRK,IRK,KIRK,IRK,America/Chicago
20187,KISM,medium_airport,Kissimmee Gateway Airport,28.2898006439,-81.4371032715,82,NA,US,US-FL,Orlando,no,KISM,ISM,KISM,ISM,America/New_York
20189,KISO,medium_airport,Kinston Regional Jetport At Stallings Field,35.331401825,-77.60880279540001,93,NA,US,US-NC,Kinston,no,KISO,ISO,KISO,ISO,America/New_York
3616,KISP,medium_airport,Long Island MacArthur Airport,40.796324,-73.101703,99,NA,US,US-NY,Islip,yes,KISP,ISP,KISP,ISP,America/New_York
20193,KITH,medium_airport,Ithaca Tompkins Regional Airport,42.49100112915039,-76.4583969116211,1099,NA,US,US-NY,Ithaca,yes,KITH,ITH,KITH,ITH,America/New_York
3617,KIWA,medium_airport,Mesa Gateway Airport,33.3078,-111.654999,1382,NA,US,US-AZ,Mesa,yes,KIWA,AZA,KIWA,IWA,America/Phoenix
20195,KIWD,small_airport,Gogebic Iron County Airport,46.525298,-90.131578,1230,NA,US,US-MI,Ironwood,yes,KIWD,IWD,KIWD,IWD,America/Menominee
3618,KJAC,medium_airport,Jackson Hole Airport,43.6073,-110.737999,6451,NA,US,US-WY,Jackson,yes,KJAC,JAC,KJAC,JAC,America/Denver
3619,KJAN,medium_airport,Jackson-Medgar Wiley Evers International Airport,32.311199,-90.075897,346,NA,US,US-MS,Jackson,yes,KJAN,JAN,KJAN,JAN,America/Chicago
3620,KJAX,large_airport,Jacksonville International Airport,30.492469,-81.687813,30,NA,US,US-FL,Jacksonville,yes,KJAX,JAX,KJAX,JAX,America/New_York
3621,KJBR,medium_airport,Jonesboro Municipal Airport,35.83169937133789,-90.64640045166016,262,NA,US,US-AR,Jonesboro,yes,KJBR,JBR,KJBR,JBR,America/Chicago
20205,KJCT,medium_airport,Kimble County Airport,30.5112991333,-99.7634963989,1749,NA,US,US-TX,Junction,no,KJCT,JCT,KJCT,JCT,America/Chicago
3622,KJFK,large_airport,John F. Kennedy International Airport,40.639447,-73.779317,13,NA,US,US-NY,New York,yes,KJFK,JFK,KJFK,JFK,America/New_York
20213,KJHW,medium_airport,Chautauqua County-Jamestown Airport,42.15425,-79.254008,1723,NA,US,US-NY,Jamestown,no,KJHW,JHW,KJHW,JHW,America/New_York
20216,KJKL,medium_airport,Julian Carroll Airport,37.59389877319336,-83.31729888916016,1381,NA,US,US-KY,Jackson,no,,,KJKL,JKL,America/New_York
3623,KJLN,medium_airport,Joplin Regional Airport,37.151798,-94.498299,981,NA,US,US-MO,Joplin,yes,KJLN,JLN,KJLN,JLN,America/Chicago
3624,KJMS,medium_airport,Jamestown Regional Airport,46.92969894,-98.67819977,1500,NA,US,US-ND,Jamestown,yes,KJMS,JMS,KJMS,JMS,America/Chicago
20218,KJNX,medium_airport,Johnston Regional Airport,35.540901,-78.390297,164,NA,US,US-NC,Smithfield,no,,,KJNX,JNX,America/New_York
20220,KJQF,medium_airport,Concord-Padgett Regional Airport,35.387798,-80.709099,705,NA,US,US-NC,Concord,yes,KJQF,USA,KJQF,JQF,America/New_York
3625,KJST,medium_airport,John Murtha Johnstown Cambria County Airport,40.31610107421875,-78.83390045166016,2284,NA,US,US-PA,Johnstown,yes,KJST,JST,KJST,JST,America/New_York
20227,KJWY,medium_airport,Mid-Way Regional Airport,32.4587,-96.912399,713,NA,US,US-TX,Midlothian/Waxahachie,no,,,KJWY,JWY,America/Chicago
3626,KJXN,medium_airport,Jackson County Airport/Reynolds Field,42.260509,-84.463019,1001,NA,US,US-MI,Jackson,no,KJXN,JXN,KJXN,JXN,America/Detroit
20273,KKB,seaplane_base,Kitoi Bay Seaplane Base,58.190899,-152.369995,,NA,US,US-AK,Kitoi Bay,yes,,KKB,KKB,KKB,
20277,KKLS,medium_airport,Southwest Washington Regional Airport,46.11800003049999,-122.898002625,20,NA,US,US-WA,Kelso,no,KKLS,KLS,KKLS,KLS,America/Los_Angeles
20300,KL45,medium_airport,Bakersfield International Airport,35.324799,-118.996002,378,NA,US,US-CA,Bakersfield,no,,,,L45,America/Los_Angeles
20308,KL71,medium_airport,California City Municipal Airport,35.151377,-118.016059,2454,NA,US,US-CA,California City,no,,,KL71,L71,America/Los_Angeles
20317,KLAA,medium_airport,Southeast Colorado Regional Airport,38.066407,-102.691373,3706,NA,US,US-CO,Lamar,no,KLAA,LAA,KLAA,LAA,America/Denver
3627,KLAF,medium_airport,Purdue University Airport,40.412875,-86.939363,606,NA,US,US-IN,West Lafayette,yes,KLAF,LAF,KLAF,LAF,America/Indiana/Indianapolis
3628,KLAL,medium_airport,Lakeland Linder International Airport,27.989267,-82.020715,142,NA,US,US-FL,Lakeland,yes,KLAL,LAL,KLAL,LAL,America/New_York
3629,KLAN,medium_airport,Capital Region International Airport,42.777582,-84.585721,861,NA,US,US-MI,Lansing,yes,KLAN,LAN,KLAN,LAN,America/Detroit
3630,KLAR,medium_airport,Laramie Regional Airport,41.31209945678711,-105.67500305175781,7284,NA,US,US-WY,Laramie,yes,KLAR,LAR,KLAR,LAR,America/Denver
3631,KLAS,large_airport,Harry Reid International Airport,36.083361,-115.151817,2181,NA,US,US-NV,Las Vegas,yes,KLAS,LAS,KLAS,LAS,America/Los_Angeles
20319,KLAW,medium_airport,Lawton Fort Sill Regional Airport,34.567699,-98.416603,1110,NA,US,US-OK,Lawton,yes,KLAW,LAW,KLAW,LAW,America/Chicago
3632,KLAX,large_airport,Los Angeles International Airport,33.942501,-118.407997,125,NA,US,US-CA,Los Angeles,yes,KLAX,LAX,KLAX,LAX,America/Los_Angeles
3633,KLBB,medium_airport,Lubbock Preston Smith International Airport,33.663601,-101.822998,3282,NA,US,US-TX,Lubbock,yes,KLBB,LBB,KLBB,LBB,America/Chicago
3634,KLBE,medium_airport,Arnold Palmer Regional Airport,40.275902,-79.4048,1199,NA,US,US-PA,Latrobe,yes,KLBE,LBE,KLBE,LBE,America/New_York
3635,KLBF,medium_airport,North Platte Regional Airport Lee Bird Field,41.12620163,-100.6839981,2777,NA,US,US-NE,North Platte,yes,KLBF,LBF,KLBF,LBF,America/Chicago
3636,KLBL,medium_airport,Liberal Mid-America Regional Airport,37.0442009,-100.9599991,2885,NA,US,US-KS,Liberal,yes,KLBL,LBL,KLBL,LBL,America/Chicago
20322,KLBT,medium_airport,Lumberton Regional Airport,34.610773,-79.05943,126,NA,US,US-NC,Lumberton,no,KLBT,LBT,KLBT,LBT,America/New_York
20323,KLBX,medium_airport,Texas Gulf Coast Regional Airport,29.108601,-95.462097,25,NA,US,US-TX,Angleton,no,KLBX,LJN,KLBX,LBX,America/Chicago
3637,KLCH,medium_airport,Lake Charles Regional Airport,30.126100540161133,-93.22329711914062,15,NA,US,US-LA,Lake Charles,yes,KLCH,LCH,KLCH,LCH,America/Chicago
3638,KLCK,medium_airport,Rickenbacker International Airport,39.813801,-82.927803,744,NA,US,US-OH,Columbus,yes,KLCK,LCK,KLCK,LCK,America/New_York
3639,KLEB,medium_airport,Lebanon Municipal Airport,43.626098632799994,-72.30419921880001,603,NA,US,US-NH,Lebanon,yes,KLEB,LEB,KLEB,LEB,America/New_York
20329,KLEE,medium_airport,Leesburg International Airport,28.82309914,-81.80870056,76,NA,US,US-FL,Leesburg,no,KLEE,LEE,KLEE,LEE,America/New_York
3640,KLEX,medium_airport,Blue Grass Airport,38.035066,-84.606738,979,NA,US,US-KY,Lexington,yes,KLEX,LEX,KLEX,LEX,America/New_York
3641,KLFI,medium_airport,Langley Air Force Base,37.082901,-76.360497,11,NA,US,US-VA,Hampton,no,KLFI,LFI,KLFI,LFI,America/New_York
20332,KLFK,medium_airport,Angelina County Airport,31.2339992523,-94.75,296,NA,US,US-TX,Lufkin,no,KLFK,LFK,KLFK,LFK,America/Chicago
3642,KLFT,medium_airport,Lafayette Regional Airport,30.205299,-91.987602,42,NA,US,US-LA,Lafayette,yes,KLFT,LFT,KLFT,LFT,America/Chicago
3643,KLGA,large_airport,LaGuardia Airport,40.777199,-73.872597,21,NA,US,US-NY,New York,yes,KLGA,LGA,KLGA,LGA,America/New_York
3644,KLGB,large_airport,Long Beach International Airport,33.816523,-118.149891,60,NA,US,US-CA,Long Beach,yes,KLGB,LGB,KLGB,LGB,America/Los_Angeles
20337,KLGU,medium_airport,Logan-Cache Airport,41.7911987305,-111.851997375,4457,NA,US,US-UT,Logan,no,KLGU,LGU,KLGU,LGU,America/Denver
3645,KLIT,medium_airport,Bill & Hillary Clinton National Airport/Adams Field,34.729222,-92.223591,262,NA,US,US-AR,Little Rock,yes,KLIT,LIT,KLIT,LIT,America/Chicago
20354,KLLQ,medium_airport,Monticello Municipal Ellis Field,33.638599,-91.750999,270,NA,US,US-AR,Monticello,no,,,KLLQ,LLQ,America/Chicago
3646,KLMT,medium_airport,Crater Lake-Klamath Regional Airport,42.156101,-121.733002,4095,NA,US,US-OR,Klamath Falls,no,KLMT,LMT,KLMT,LMT,America/Los_Angeles
20359,KLND,medium_airport,Hunt Field,42.815201,-108.730003,5586,NA,US,US-WY,Lander,no,KLND,LND,KLND,LND,America/Denver
3647,KLNK,medium_airport,Lincoln Airport,40.844882,-96.76178,1219,NA,US,US-NE,Lincoln,yes,KLNK,LNK,KLNK,LNK,America/Chicago
3648,KLNS,medium_airport,Lancaster Airport,40.121700286865234,-76.29609680175781,403,NA,US,US-PA,Lancaster,yes,KLNS,LNS,KLNS,LNS,America/New_York
20364,KLOL,medium_airport,Derby Field,40.0663986206,-118.565002441,3904,NA,US,US-NV,Lovelock,no,KLOL,LOL,KLOL,LOL,America/Los_Angeles
3649,KLOU,medium_airport,Bowman Field,38.2280006409,-85.6636962891,546,NA,US,US-KY,Louisville,no,KLOU,LOU,KLOU,LOU,America/Kentucky/Louisville
3650,KLOZ,medium_airport,London-Corbin Airport/Magee Field,37.0821990967,-84.08489990230001,1212,NA,US,US-KY,London,no,KLOZ,LOZ,KLOZ,LOZ,America/New_York
3651,KLRD,medium_airport,Laredo International Airport,27.5438,-99.461601,508,NA,US,US-TX,Laredo,yes,KLRD,LRD,KLRD,LRD,America/Chicago
3652,KLRF,medium_airport,Little Rock Air Force Base,34.916900634799994,-92.14969635010002,311,NA,US,US-AR,Jacksonville,no,KLRF,LRF,KLRF,LRF,America/Chicago
3653,KLRU,medium_airport,Las Cruces International Airport,32.289398,-106.921997,4456,NA,US,US-NM,Las Cruces,yes,KLRU,LRU,KLRU,LRU,America/Denver
3654,KLSE,medium_airport,La Crosse Regional Airport,43.879002,-91.256699,655,NA,US,US-WI,La Crosse,yes,KLSE,LSE,KLSE,LSE,America/Chicago
3655,KLSF,medium_airport,Lawson Army Air Field,32.332546,-84.988003,232,NA,US,US-GA,Fort Benning,no,KLSF,LSF,KLSF,LSF,America/Chicago
3656,KLSV,medium_airport,Nellis Air Force Base,36.2361984253,-115.033996582,1870,NA,US,US-NV,Las Vegas,no,KLSV,LSV,KLSV,LSV,America/Los_Angeles
3657,KLTS,medium_airport,Altus Air Force Base,34.667099,-99.266701,1382,NA,US,US-OK,Altus,no,KLTS,LTS,KLTS,LTS,America/Chicago
3658,KLUF,medium_airport,Luke Air Force Base,33.535,-112.383003,1085,NA,US,US-AZ,Glendale,no,KLUF,LUF,KLUF,LUF,America/Phoenix
3659,KLUK,medium_airport,Cincinnati Municipal Airport Lunken Field,39.102357,-84.418945,483,NA,US,US-OH,Cincinnati,yes,KLUK,LUK,KLUK,LUK,America/New_York
20386,KLVM,medium_airport,Mission Field,45.6994018555,-110.447998047,4660,NA,US,US-MT,Livingston,no,KLVM,LVM,KLVM,LVM,America/Denver
20388,KLVS,medium_airport,Las Vegas Municipal Airport,35.654202,-105.141998,6877,NA,US,US-NM,Las Vegas,no,KLVS,LVS,KLVS,LVS,America/Denver
20390,KLWB,medium_airport,Greenbrier Valley Airport,37.857914,-80.400438,2302,NA,US,US-WV,Lewisburg,yes,KLWB,LWB,KLWB,LWB,America/New_York
3660,KLWM,medium_airport,Lawrence Municipal Airport,42.717201232899995,-71.1233978271,148,NA,US,US-MA,Lawrence,no,KLWM,LWM,KLWM,LWM,America/New_York
20393,KLWS,medium_airport,Lewiston Nez Perce County Airport,46.3745002746582,-117.01499938964844,1442,NA,US,US-ID,Lewiston,yes,KLWS,LWS,KLWS,LWS,America/Los_Angeles
3661,KLWT,medium_airport,Lewistown Municipal Airport,47.048429,-109.466143,4170,NA,US,US-MT,Lewistown,no,KLWT,LWT,KLWT,LWT,America/Denver
3662,KLYH,medium_airport,Lynchburg Regional Airport - Preston Glenn Field,37.326698,-79.200401,938,NA,US,US-VA,Lynchburg,yes,KLYH,LYH,KLYH,LYH,America/New_York
3663,KMAF,medium_airport,Midland International Air and Space Port,31.942499,-102.202003,2871,NA,US,US-TX,Midland,yes,KMAF,MAF,KMAF,MAF,America/Chicago
20474,KMBG,medium_airport,Mobridge Municipal Airport,45.54650116,-100.4079971,1716,NA,US,US-SD,Mobridge,no,KMBG,MBG,KMBG,MBG,America/Chicago
20475,KMBL,small_airport,Manistee County Blacker Airport,44.272707,-86.246495,621,NA,US,US-MI,Manistee,yes,KMBL,MBL,KMBL,MBL,America/Detroit
3664,KMBS,medium_airport,MBS International Airport,43.533181,-84.083104,668,NA,US,US-MI,Freeland,yes,KMBS,MBS,KMBS,MBS,America/Detroit
3665,KMCB,medium_airport,McComb-Pike County Airport / John E Lewis Field,31.178499,-90.471901,413,NA,US,US-MS,McComb,no,KMCB,MCB,KMCB,MCB,America/Chicago
3666,KMCC,medium_airport,McClellan Airfield,38.667599,-121.401001,77,NA,US,US-CA,Sacramento,no,KMCC,MCC,KMCC,MCC,America/Los_Angeles
20480,KMCE,medium_airport,Merced Regional Macready Field,37.284698,-120.514,155,NA,US,US-CA,Merced,yes,KMCE,MCE,KMCE,MCE,America/Los_Angeles
3667,KMCF,medium_airport,MacDill Air Force Base,27.8493,-82.521202,14,NA,US,US-FL,Tampa,no,KMCF,MCF,KMCF,MCF,America/New_York
3668,KMCI,large_airport,Kansas City International Airport,39.301699,-94.713893,1026,NA,US,US-MO,Kansas City,yes,KMCI,MCI,KMCI,MCI,America/Chicago
20481,KMCK,medium_airport,McCook Ben Nelson Regional Airport,40.207787,-100.592794,2583,NA,US,US-NE,McCook,yes,KMCK,MCK,KMCK,MCK,America/Chicago
3669,KMCN,medium_airport,Middle Georgia Regional Airport,32.69279861450195,-83.64920043945312,354,NA,US,US-GA,Macon,yes,KMCN,MCN,KMCN,MCN,America/New_York
3670,KMCO,large_airport,Orlando International Airport,28.429399490356445,-81.30899810791016,96,NA,US,US-FL,Orlando,yes,KMCO,MCO,KMCO,MCO,America/New_York
20482,KMCW,medium_airport,Mason City Municipal Airport,43.159801,-93.329716,1213,NA,US,US-IA,Mason City,yes,KMCW,MCW,KMCW,MCW,America/Chicago
3671,KMDH,medium_airport,Southern Illinois Airport,37.778099,-89.251999,411,NA,US,US-IL,Murphysboro,no,KMDH,MDH,KMDH,MDH,America/Chicago
3672,KMDT,medium_airport,Harrisburg International Airport,40.192838,-76.762333,310,NA,US,US-PA,Harrisburg,yes,KMDT,MDT,KMDT,MDT,America/New_York
3673,KMDW,large_airport,Chicago Midway International Airport,41.785999,-87.752403,620,NA,US,US-IL,Chicago,yes,KMDW,MDW,KMDW,MDW,America/Chicago
3674,KMEI,medium_airport,Key Field / Meridian Regional Airport,32.3326,-88.7519,297,NA,US,US-MS,Meridian,yes,KMEI,MEI,KMEI,MEI,America/Chicago
3675,KMEM,large_airport,Frederick W. Smith International Airport,35.043845,-89.97634,341,NA,US,US-TN,Memphis,yes,KMEM,MEM,KMEM,MEM,America/Chicago
3676,KMER,medium_airport,Castle Airport,37.38050079,-120.5680008,191,NA,US,US-CA,Merced,no,KMER,MER,KMER,MER,America/Los_Angeles
3677,KMFD,medium_airport,Mansfield Lahm Regional Airport,40.82139968869999,-82.5166015625,1297,NA,US,US-OH,Mansfield,no,KMFD,MFD,KMFD,MFD,America/New_York
3678,KMFE,medium_airport,McAllen Miller International Airport,26.176141,-98.237965,107,NA,US,US-TX,McAllen,yes,KMFE,MFE,KMFE,MFE,America/Chicago
3679,KMFR,medium_airport,Rogue Valley International-Medford Airport,42.374199,-122.873001,1335,NA,US,US-OR,Medford,yes,KMFR,MFR,KMFR,MFR,America/Los_Angeles
20498,KMGC,medium_airport,Michigan City Municipal Airport,41.7033,-86.821198,655,NA,US,US-IN,Michigan City,yes,KMGC,MGC,KMGC,MGC,America/Chicago
3680,KMGE,medium_airport,Dobbins Air Reserve Base,33.915401,-84.516296,1068,NA,US,US-GA,Marietta,no,KMGE,MGE,KMGE,MGE,America/New_York
3681,KMGM,medium_airport,Montgomery Regional (Dannelly Field) Airport,32.300598,-86.393997,221,NA,US,US-AL,Montgomery,yes,KMGM,MGM,KMGM,MGM,America/Chicago
3682,KMGW,medium_airport,Morgantown Municipal Airport Walter L. (Bill) Hart Field,39.643305,-79.917598,1248,NA,US,US-WV,Morgantown,yes,KMGW,MGW,KMGW,MGW,America/New_York
3683,KMHK,medium_airport,Manhattan Regional Airport,39.14099884033203,-96.6707992553711,1057,NA,US,US-KS,Manhattan,yes,KMHK,MHK,KMHK,MHK,America/Chicago
20506,KMHR,medium_airport,Sacramento Mather Airport,38.554744,-121.297989,98,NA,US,US-CA,Sacramento,no,KMHR,MHR,KMHR,MHR,America/Los_Angeles
3684,KMHT,medium_airport,Manchester-Boston Regional Airport,42.932598,-71.435699,266,NA,US,US-NH,Manchester,yes,KMHT,MHT,KMHT,MHT,America/New_York
20507,KMHV,medium_airport,Mojave Air &  Space Port,35.056391,-118.145342,2801,NA,US,US-CA,Mojave,no,KMHV,MHV,KMHV,MHV,America/Los_Angeles
3685,KMIA,large_airport,Miami International Airport,25.796011,-80.289751,8,NA,US,US-FL,Miami,yes,KMIA,MIA,KMIA,MIA,America/New_York
3686,KMIB,medium_airport,Minot Air Force Base,48.4156,-101.358002,1667,NA,US,US-ND,Minot,no,KMIB,MIB,KMIB,MIB,America/Chicago
3687,KMIE,medium_airport,Delaware County Johnson Field,40.242298,-85.395897,937,NA,US,US-IN,Muncie,no,KMIE,MIE,KMIE,MIE,America/Indiana/Indianapolis
3688,KMIV,medium_airport,Millville Municipal Airport,39.367802,-75.072197,85,NA,US,US-NJ,Millville,no,KMIV,MIV,KMIV,MIV,America/New_York
3689,KMKC,medium_airport,Charles B. Wheeler Downtown Airport,39.123199,-94.592796,759,NA,US,US-MO,Kansas City,no,KMKC,MKC,KMKC,MKC,America/Chicago
3690,KMKE,large_airport,General Mitchell International Airport,42.947201,-87.896599,723,NA,US,US-WI,Milwaukee,yes,KMKE,MKE,KMKE,MKE,America/Chicago
3691,KMKG,medium_airport,Muskegon County Airport,43.169498,-86.238197,629,NA,US,US-MI,Muskegon,yes,KMKG,MKG,KMKG,MKG,America/Detroit
3692,KMKL,medium_airport,McKellar-Sipes Regional Airport,35.599899,-88.915604,434,NA,US,US-TN,Jackson,yes,KMKL,MKL,KMKL,MKL,America/Chicago
3693,KMLB,medium_airport,Melbourne Orlando International Airport,28.102009,-80.641088,33,NA,US,US-FL,Melbourne,yes,KMLB,MLB,KMLB,MLB,America/New_York
3694,KMLC,medium_airport,Mc Alester Regional Airport,34.882401,-95.783501,770,NA,US,US-OK,Mc Alester,no,KMLC,MLC,KMLC,MLC,America/Chicago
3695,KMLI,medium_airport,Quad City International Airport,41.448502,-90.5075,590,NA,US,US-IL,Moline,yes,KMLI,MLI,KMLI,MLI,America/Chicago
3696,KMLS,medium_airport,Miles City Airport - Frank Wiley Field,46.427268,-105.885372,2630,NA,US,US-MT,Miles City,no,KMLS,MLS,KMLS,MLS,America/Denver
3697,KMLU,medium_airport,Monroe Regional Airport,32.510899,-92.037697,79,NA,US,US-LA,Monroe,yes,KMLU,MLU,KMLU,MLU,America/Chicago
20527,KMMH,medium_airport,Mammoth Yosemite Airport,37.625381,-118.84306,7135,NA,US,US-CA,Mammoth Lakes,yes,KMMH,MMH,KMMH,MMH,America/Los_Angeles
20532,KMMT,medium_airport,Mc Entire Joint National Guard Base,33.92079926,-80.80130005,254,NA,US,US-SC,Eastover,no,KMMT,MMT,KMMT,MMT,America/New_York
3698,KMMU,medium_airport,Morristown Municipal Airport,40.799062,-74.414949,187,NA,US,US-NJ,Morristown,no,KMMU,MMU,KMMU,MMU,America/New_York
3699,KMMV,medium_airport,McMinnville Municipal Airport,45.194401,-123.136002,163,NA,US,US-OR,McMinnville,no,KMMV,,KMMV,MMV,America/Los_Angeles
3700,KMOB,medium_airport,Mobile Regional Airport,30.6912,-88.242798,219,NA,US,US-AL,Mobile,yes,KMOB,MOB,KMOB,MOB,America/Chicago
3701,KMOD,medium_airport,Modesto City Co-Harry Sham Field,37.625801,-120.954002,97,NA,US,US-CA,Modesto,no,KMOD,MOD,KMOD,MOD,America/Los_Angeles
3702,KMOT,medium_airport,Minot International Airport,48.25801,-101.279123,1716,NA,US,US-ND,Minot,yes,KMOT,MOT,KMOT,MOT,America/Chicago
20551,KMPV,medium_airport,Edward F Knapp State Airport,44.20349884,-72.56230164,1166,NA,US,US-VT,Barre/Montpelier,no,KMPV,MPV,KMPV,MPV,America/New_York
3703,KMQY,medium_airport,Smyrna Airport,36.0089988708,-86.5201034546,543,NA,US,US-TN,Smyrna,no,KMQY,MQY,KMQY,MQY,America/Chicago
3704,KMRB,medium_airport,Eastern WV Regional Airport/Shepherd Field,39.40190125,-77.98459625,565,NA,US,US-WV,Martinsburg,no,KMRB,MRB,KMRB,MRB,America/New_York
3705,KMRY,medium_airport,Monterey Regional Airport,36.586777,-121.844183,257,NA,US,US-CA,Monterey,yes,KMRY,MRY,KMRY,MRY,America/Los_Angeles
3706,KMSL,medium_airport,Northwest Alabama Regional Airport,34.745123,-87.612981,551,NA,US,US-AL,Muscle Shoals,yes,KMSL,MSL,KMSL,MSL,America/Chicago
3707,KMSN,medium_airport,Dane County Regional Truax Field,43.1399,-89.337502,887,NA,US,US-WI,Madison,yes,KMSN,MSN,KMSN,MSN,America/Chicago
3708,KMSO,medium_airport,Missoula Montana Airport,46.915816,-114.091107,3206,NA,US,US-MT,Missoula,yes,KMSO,MSO,KMSO,MSO,America/Denver
3709,KMSP,large_airport,Minneapolis–Saint Paul International Airport / Wold–Chamberlain Field,44.880081,-93.221741,841,NA,US,US-MN,Minneapolis,yes,KMSP,MSP,KMSP,MSP,America/Chicago
3710,KMSS,medium_airport,Massena International Airport Richards Field,44.936157,-74.844304,215,NA,US,US-NY,Massena,yes,KMSS,MSS,KMSS,MSS,America/New_York
3711,KMSY,large_airport,Louis Armstrong New Orleans International Airport,29.993401,-90.264673,4,NA,US,US-LA,New Orleans,yes,KMSY,MSY,KMSY,MSY,America/Chicago
3712,KMTC,medium_airport,Selfridge Air National Guard Base Airport,42.613463,-82.836919,580,NA,US,US-MI,Mount Clemens,no,KMTC,MTC,KMTC,MTC,America/Detroit
20564,KMTH,medium_airport,Florida Keys Marathon International Airport,24.726006,-81.05138,5,NA,US,US-FL,Marathon,no,KMTH,MTH,KMTH,MTH,America/New_York
20565,KMTJ,medium_airport,Montrose Regional Airport,38.5098,-107.893997,5759,NA,US,US-CO,Montrose,yes,KMTJ,MTJ,KMTJ,MTJ,America/Denver
3713,KMTN,medium_airport,Martin State Airport,39.325699,-76.413803,21,NA,US,US-MD,Baltimore,no,KMTN,MTN,KMTN,MTN,America/New_York
20567,KMTP,small_airport,Montauk Airport,41.0765,-71.920797,6,NA,US,US-NY,Montauk,yes,KMTP,MTP,KMTP,MTP,America/New_York
3714,KMUI,medium_airport,Muir Army Air Field (Fort Indiantown Gap) Airport,40.435214,-76.568661,488,NA,US,US-PA,Fort Indiantown Gap(Annville),no,KMUI,MUI,KMUI,MUI,America/New_York
3715,KMUO,medium_airport,Mountain Home Air Force Base,43.043598,-115.872002,2996,NA,US,US-ID,Mountain Home,no,KMUO,MUO,KMUO,MUO,America/Boise
20578,KMVY,small_airport,Martha's Vineyard Airport,41.3931007385,-70.6143035889,67,NA,US,US-MA,Martha's Vineyard,yes,KMVY,MVY,KMVY,MVY,America/New_York
20579,KMWA,medium_airport,Veterans Airport of Southern Illinois,37.751208,-89.016568,472,NA,US,US-IL,Marion,yes,KMWA,MWA,KMWA,MWA,America/Chicago
20581,KMWH,medium_airport,Grant County International Airport,47.20769882,-119.3199997,1189,NA,US,US-WA,Moses Lake,no,KMWH,MWH,KMWH,MWH,America/Los_Angeles
20583,KMWL,medium_airport,Mineral Wells Regional Airport,32.781601,-98.060204,974,NA,US,US-TX,Mineral Wells,yes,KMWL,MWL,KMWL,MWL,America/Chicago
3716,KMXF,medium_airport,Maxwell Air Force Base,32.3829,-86.365799,171,NA,US,US-AL,Montgomery,no,KMXF,MXF,KMXF,MXF,America/Chicago
20588,KMY,seaplane_base,Moser Bay Seaplane Base,57.0256,-154.145996,,NA,US,US-AK,Moser Bay,yes,,KMY,,KMY,
20591,KMYL,medium_airport,McCall Municipal Airport,44.888837,-116.101112,5024,NA,US,US-ID,McCall,yes,KMYL,MYL,KMYL,MYL,America/Boise
3717,KMYR,large_airport,Myrtle Beach International Airport,33.679699,-78.928299,25,NA,US,US-SC,Myrtle Beach,yes,KMYR,MYR,KMYR,MYR,America/New_York
3718,KMYV,medium_airport,Yuba County Airport,39.09780121,-121.5699997,64,NA,US,US-CA,Marysville,no,KMYV,MYV,KMYV,MYV,America/Los_Angeles
3719,KNBC,medium_airport,Beaufort MCAS - Merritt Field,32.4774017334,-80.723197937,37,NA,US,US-SC,Beaufort,no,,,KNBC,NBC,America/New_York
3720,KNBG,medium_airport,New Orleans NAS JRB/Alvin Callender Field,29.82530022,-90.03500366,2,NA,US,US-LA,New Orleans,no,KNBG,NBG,KNBG,NBG,America/Chicago
3721,KNCA,medium_airport,MCAS New River / McCutcheon Field,34.708401,-77.439697,26,NA,US,US-NC,Jacksonville,no,KNCA,,KNCA,NCA,America/New_York
20634,KNDZ,medium_airport,Whiting Field Naval Air Station South Airport,30.704399,-87.023003,177,NA,US,US-FL,Milton,no,,,KNDZ,NDZ,America/Chicago
3722,KNEL,medium_airport,Lakehurst Maxfield Field Airport,40.03329849,-74.353302,101,NA,US,US-NJ,Lakehurst,no,KNEL,NEL,KNEL,NEL,America/New_York
3723,KNEW,medium_airport,Lakefront Airport,30.042400360107,-90.028297424316,8,NA,US,US-LA,New Orleans,no,KNEW,NEW,KNEW,NEW,America/Chicago
3724,KNFG,medium_airport,Camp Pendleton MCAS (Munn Field) Airport,33.30130005,-117.3550034,78,NA,US,US-CA,Oceanside,no,,,KNFG,NFG,America/Los_Angeles
3725,KNFL,medium_airport,Fallon Naval Air Station,39.41659927,-118.7009964,3934,NA,US,US-NV,Fallon,no,KNFL,NFL,KNFL,NFL,America/Los_Angeles
20639,KNFW,medium_airport,NAS Fort Worth JRB / Carswell Field,32.769199,-97.441498,650,NA,US,US-TX,Fort Worth,no,KNFW,FWH,KNFW,NFW,America/Chicago
3726,KNGP,medium_airport,Naval Air Station Corpus Christi Truax Field,27.6926,-97.2911,18,NA,US,US-TX,Corpus Christi,no,KNGP,NGP,KNGP,NGP,America/Chicago
3727,KNGU,medium_airport,Norfolk Naval Station (Chambers Field),36.937599,-76.289299,17,NA,US,US-VA,Norfolk,no,KNGU,NGU,KNGU,NGU,America/New_York
3728,KNHK,medium_airport,Patuxent River Naval Air Station (Trapnell Field),38.285999,-76.411797,39,NA,US,US-MD,Patuxent River,no,KNHK,NHK,KNHK,NHK,America/New_York
20643,KNID,medium_airport,China Lake Naws (Armitage Field) Airport,35.6853981,-117.6920013,2283,NA,US,US-CA,China Lake,no,,,KNID,NID,America/Los_Angeles
3730,KNIP,medium_airport,Jacksonville Naval Air Station (Towers Field),30.2358,-81.680603,21,NA,US,US-FL,Jacksonville,no,KNIP,NIP,KNIP,NIP,America/New_York
3731,KNJK,medium_airport,El Centro NAF Airport (Vraciu Field),32.829201,-115.671996,-42,NA,US,US-CA,El Centro,no,KNJK,NJK,KNJK,NJK,America/Los_Angeles
3732,KNKT,medium_airport,Cherry Point MCAS / Cunningham Field/,34.900902,-76.880699,29,NA,US,US-NC,Cherry Point,no,KNKT,,KNKT,NKT,America/New_York
3733,KNKX,medium_airport,Miramar Marine Corps Air Station - Mitscher Field,32.86840057,-117.1429977,477,NA,US,US-CA,San Diego,no,KNKX,NKX,KNKX,NKX,America/Los_Angeles
20647,KNLC,medium_airport,Lemoore Naval Air Station (Reeves Field) Airport,36.33300018,-119.9520035,232,NA,US,US-CA,Lemoore,no,KNLC,NLC,KNLC,NLC,America/Los_Angeles
3734,KNMM,medium_airport,Naval Air Station Meridian / McCain Field,32.5531,-88.55406,316,NA,US,US-MS,Lauderdale,no,,,KNMM,NMM,America/Chicago
3735,KNPA,medium_airport,Naval Air Station Pensacola Forrest Sherman Field,30.352699,-87.318604,28,NA,US,US-FL,Pensacola,no,KNPA,NPA,KNPA,NPA,America/Chicago
3736,KNQA,medium_airport,Millington-Memphis Airport,35.356701,-89.8703,320,NA,US,US-TN,Millington,no,KNQA,NQA,KNQA,NQA,America/Chicago
3737,KNQI,medium_airport,Kingsville Naval Air Station,27.5072002411,-97.8097000122,50,NA,US,US-TX,Kingsville,no,KNQI,NQI,KNQI,NQI,America/Chicago
3738,KNQX,medium_airport,Naval Air Station Key West/Boca Chica Field,24.57579994,-81.68890381,6,NA,US,US-FL,Key West,no,KNQX,NQX,KNQX,NQX,America/New_York
20652,KNRB,medium_airport,Naval Station Mayport / Admiral David L McDonald Field,30.3911,-81.424698,15,NA,US,US-FL,Jacksonville,no,KNRB,NRB,KNRB,NRB,America/New_York
20656,KNSE,medium_airport,Whiting Field Naval Air Station - North,30.7241993,-87.02189636,199,NA,US,US-FL,Milton,no,KNSE,NSE,KNSE,NSE,America/Chicago
3739,KNTD,medium_airport,Point Mugu Naval Air Station (Naval Base Ventura Co),34.120300293,-119.121002197,13,NA,US,US-CA,Point Mugu,no,KNTD,NTD,KNTD,NTD,America/Los_Angeles
3740,KNTU,medium_airport,Oceana Naval Air Station,36.820702,-76.033501,23,NA,US,US-VA,Virginia Beach,no,KNTU,NTU,KNTU,NTU,America/New_York
3741,KNUQ,medium_airport,Moffett Federal Airfield,37.4161,-122.049004,32,NA,US,US-CA,Mountain View,no,KNUQ,NUQ,KNUQ,NUQ,America/Los_Angeles
20661,KNUW,medium_airport,Whidbey Island Naval Air Station (Ault Field),48.351799,-122.655998,47,NA,US,US-WA,Oak Harbor,no,KNUW,NUW,KNUW,NUW,America/Los_Angeles
20666,KNXP,medium_airport,Twentynine Palms Strategic Expeditionary Landing Field,34.2962,-116.162003,2051,NA,US,US-CA,Twentynine Palms,no,,,KNXP,NXP,America/Los_Angeles
20669,KNYG,medium_airport,Quantico Marine Corps Airfield / Turner Field,38.501701,-77.305298,10,NA,US,US-VA,Quantico,no,KNYG,NYG,KNYG,NYG,America/New_York
3961,KNYL,medium_airport,Yuma International Airport / Marine Corps Air Station Yuma,32.650938,-114.609375,213,NA,US,US-AZ,Yuma,yes,KNYL,YUM,KNYL,NYL,America/Phoenix
3743,KNZY,medium_airport,North Island Naval Air Station-Halsey Field,32.69919968,-117.2149963,26,NA,US,US-CA,San Diego,no,KNZY,NZY,KNZY,NZY,America/Los_Angeles
20709,KOAJ,medium_airport,Albert J Ellis Airport,34.829201,-77.612099,94,NA,US,US-NC,Richlands,yes,KOAJ,OAJ,KOAJ,OAJ,America/New_York
3744,KOAK,large_airport,Oakland San Francisco Bay Airport,37.720085,-122.221184,9,NA,US,US-CA,Oakland,yes,KOAK,OAK,KOAK,OAK,America/Los_Angeles
3745,KOFF,medium_airport,Offutt Air Force Base,41.119307,-95.90851,1052,NA,US,US-NE,Omaha,no,KOFF,OFF,KOFF,OFF,America/Chicago
20722,KOFK,medium_airport,Karl Stefan Memorial Airport,41.985500335693,-97.435096740723,1573,NA,US,US-NE,Norfolk,no,KOFK,OFK,KOFK,OFK,America/Chicago
20725,KOGB,medium_airport,Orangeburg Municipal Airport,33.456798553467,-80.859497070312,195,NA,US,US-SC,Orangeburg,no,KOGB,OGB,KOGB,OGB,America/New_York
3746,KOGD,medium_airport,Ogden Hinckley Airport,41.195899963379,-112.0120010376,4473,NA,US,US-UT,Ogden,yes,KOGD,OGD,KOGD,OGD,America/Denver
20727,KOGS,medium_airport,Ogdensburg International Airport,44.6819,-75.4655,297,NA,US,US-NY,Ogdensburg,yes,KOGS,OGS,KOGS,OGS,America/New_York
20732,KOKB,medium_airport,Oceanside Municipal Airport,33.217947,-117.351683,28,NA,US,US-CA,Oceanside,no,KOKB,OCN,KOKB,OKB,America/Los_Angeles
3747,KOKC,large_airport,OKC Will Rogers World Airport,35.393388,-97.598248,1295,NA,US,US-OK,Oklahoma City,yes,KOKC,OKC,KOKC,OKC,America/Chicago
20739,KOLF,medium_airport,L M Clayton Airport,48.094501,-105.574997,1986,NA,US,US-MT,Wolf Point,yes,KOLF,OLF,KOLF,OLF,America/Denver
3749,KOLM,medium_airport,Olympia Regional Airport,46.969399,-122.903,209,NA,US,US-WA,Olympia,yes,KOLM,OLM,KOLM,OLM,America/Los_Angeles
20741,KOLS,medium_airport,Nogales International Airport,31.4177,-110.848,3955,NA,US,US-AZ,Nogales,no,KOLS,OLS,KOLS,OLS,America/Phoenix
3750,KOLU,medium_airport,Columbus Municipal Airport,41.448145,-97.340174,1447,NA,US,US-NE,Columbus,no,KOLU,OLU,KOLU,OLU,America/Chicago
3751,KOMA,large_airport,Eppley Airfield,41.3032,-95.894096,984,NA,US,US-NE,Omaha,yes,KOMA,OMA,KOMA,OMA,America/Chicago
20751,KONO,medium_airport,Ontario Municipal Airport,44.0198,-117.013289,2193,NA,US,US-OR,Ontario,no,KONO,ONO,KONO,ONO,America/Boise
20752,KONP,medium_airport,Newport Municipal Airport,44.580399,-124.057999,160,NA,US,US-OR,Newport,no,KONP,ONP,KONP,ONP,America/Los_Angeles
3752,KONT,large_airport,Ontario International Airport,34.056,-117.600998,944,NA,US,US-CA,Ontario,yes,KONT,ONT,KONT,ONT,America/Los_Angeles
20757,KOPF,medium_airport,Miami-Opa Locka Executive Airport,25.907,-80.278397,8,NA,US,US-FL,Miami,yes,KOPF,OPF,KOPF,OPF,America/New_York
3753,KOQU,medium_airport,Quonset State Airport,41.597099304199,-71.412101745605,18,NA,US,US-RI,North Kingstown,no,KOQU,NCO,KOQU,OQU,America/New_York
3754,KORD,large_airport,Chicago O'Hare International Airport,41.9786,-87.9048,680,NA,US,US-IL,Chicago,yes,KORD,ORD,KORD,ORD,America/Chicago
3755,KORF,large_airport,Norfolk International Airport,36.895341,-76.201,26,NA,US,US-VA,Norfolk,yes,KORF,ORF,KORF,ORF,America/New_York
3756,KORH,medium_airport,Worcester Regional Airport,42.2673,-71.875702,1009,NA,US,US-MA,Worcester,yes,KORH,ORH,KORH,ORH,America/New_York
20765,KORL,medium_airport,Orlando Executive Airport,28.5455,-81.332901,113,NA,US,US-FL,Orlando,no,KORL,ORL,KORL,ORL,America/New_York
23952,KORS,medium_airport,Orcas Island Airport,48.708199,-122.910004,31,NA,US,US-WA,Eastsound,yes,KORS,ESD,KORS,ORS,America/Los_Angeles
3757,KOSH,medium_airport,Wittman Regional Airport,43.98440170288086,-88.55699920654297,808,NA,US,US-WI,Oshkosh,no,KOSH,OSH,KOSH,OSH,America/Chicago
3758,KOSU,medium_airport,The Ohio State University Airport - Don Scott Field,40.0798,-83.072998,905,NA,US,US-OH,Columbus,no,KOSU,OSU,KOSU,OSU,America/New_York
3759,KOTH,medium_airport,Southwest Oregon Regional Airport,43.41709899902344,-124.24600219726562,17,NA,US,US-OR,North Bend,yes,KOTH,OTH,KOTH,OTH,America/Los_Angeles
3760,KOTM,medium_airport,Ottumwa Regional Airport,41.106368,-92.449837,845,NA,US,US-IA,Ottumwa,no,KOTM,OTM,KOTM,OTM,America/Chicago
3761,KOWB,medium_airport,Owensboro Daviess County Airport,37.74010086,-87.16680145,407,NA,US,US-KY,Owensboro,yes,KOWB,OWB,KOWB,OWB,America/Chicago
20777,KOWD,medium_airport,Norwood Memorial Airport,42.1904983521,-71.1728973389,49,NA,US,US-MA,Norwood,no,KOWD,OWD,KOWD,OWD,America/New_York
20781,KOXB,medium_airport,Ocean City Municipal Airport,38.310398,-75.124001,11,NA,US,US-MD,Ocean City,yes,KOXB,OCE,KOXB,OXB,America/New_York
20785,KOXR,medium_airport,Oxnard Airport,34.200801849365,-119.20700073242,45,NA,US,US-CA,Oxnard,no,KOXR,OXR,KOXR,OXR,America/Los_Angeles
20787,KOY,seaplane_base,Olga Bay Seaplane Base,57.161499,-154.229996,,NA,US,US-AK,Olga Bay,yes,,KOY,KOY,KOY,
3762,KOZR,medium_airport,Cairns AAF (Fort Rucker) Air Field,31.27569962,-85.71340179,301,NA,US,US-AL,Fort Rucker/Ozark,no,KOZR,OZR,KOZR,OZR,America/Chicago
35212,KP-0002,medium_airport,Haeju Airfield,38.00739,125.777321,131,AS,KP,KP-05,Haeju,no,,,,,
35222,KP-0012,medium_airport,Kwaksan Air Base,39.731218,125.110159,62,AS,KP,KP-03,Kwaksan,no,,,,,
35225,KP-0015,medium_airport,Koksan Air Base,38.690201,126.606003,840,AS,KP,KP-06,Koksan,no,,,,,
35230,KP-0020,medium_airport,Hwangju Airbase,38.653459,125.78888,26,AS,KP,KP-06,Hwangju,no,,,ZKHW,,
35232,KP-0022,medium_airport,Pukchang Air Base,39.505001,125.963997,217,AS,KP,KP-02,Sunchon,no,,,ZKPN,,
35235,KP-0025,medium_airport,Toksan Air Base,39.996257,127.611694,210,AS,KP,KP-08,Tŏksan-dong,no,,,,,
35245,KP-0035,medium_airport,Hwangsuwon Airbase,40.6814,128.151001,4050,AS,KP,KP-10,Kimhyonggwon,no,,,,,
35246,KP-0036,medium_airport,Changjin Air Force Base,40.364375,127.264252,3457,AS,KP,KP-08,Changjin,no,,,,,
313681,KP-0038,medium_airport,Riwon Airbase,40.359822,128.720584,85,AS,KP,KP-08,Riwon-gun,no,,,,,
35249,KP-0039,medium_airport,Kwail Air Base,38.425487,125.019093,89,AS,KP,KP-05,Kwail,no,,,,,
35251,KP-0041,medium_airport,Uthachi Highway Strip Airport,38.913877,125.821309,,AS,KP,KP-01,Pyongyang (Ryokpo),no,,,,,
322922,KP-0068,medium_airport,Koksan 2 Highway Strip,38.663481,126.586618,807,AS,KP,KP-06,Koksan,no,,,,,
3763,KPAE,medium_airport,Seattle Paine Field International Airport,47.9063,-122.281998,606,NA,US,US-WA,Everett,yes,KPAE,PAE,KPAE,PAE,America/Los_Angeles
3764,KPAH,medium_airport,Barkley Regional Airport,37.06079864501953,-88.7738037109375,410,NA,US,US-KY,Paducah,yes,KPAH,PAH,KPAH,PAH,America/Chicago
3765,KPAM,medium_airport,Tyndall Air Force Base,30.069599,-85.575401,17,NA,US,US-FL,Panama City,no,KPAM,PAM,KPAM,PAM,America/Chicago
20805,KPAO,medium_airport,Palo Alto Airport,37.461102,-122.114998,4,NA,US,US-CA,Palo Alto,no,KPAO,PAO,KPAO,PAO,America/Los_Angeles
20806,KPB,seaplane_base,Point Baker Seaplane Base,56.351898,-133.623001,,NA,US,US-AK,Point Baker,yes,,KPB,KPB,KPB,
20807,KPBF,medium_airport,"Pine Bluff Regional Airport, Grider Field",34.174121,-91.935643,206,NA,US,US-AR,Pine Bluff,no,KPBF,PBF,KPBF,PBF,America/Chicago
20808,KPBG,medium_airport,Plattsburgh International Airport,44.650902,-73.468102,234,NA,US,US-NY,Plattsburgh,yes,KPBG,PBG,KPBG,PBG,America/New_York
3766,KPBI,large_airport,President Donald J. Trump International Airport,26.683201,-80.095596,19,NA,US,US-FL,West Palm Beach,yes,KDJT,DJT,KDJT,DJT,America/New_York
20812,KPCW,medium_airport,Erie-Ottawa International Airport,41.515647,-82.868328,590,NA,US,US-OH,Port Clinton,yes,KPCW,,KPCW,PCW,America/New_York
3767,KPDK,medium_airport,DeKalb Peachtree Airport,33.87633,-84.30213,1003,NA,US,US-GA,Atlanta,yes,KPDK,PDK,KPDK,PDK,America/New_York
20815,KPDT,medium_airport,Eastern Oregon Regional Airport at Pendleton,45.695099,-118.841003,1497,NA,US,US-OR,Pendleton,yes,KPDT,PDT,KPDT,PDT,America/Los_Angeles
3768,KPDX,large_airport,Portland International Airport,45.588699,-122.598,31,NA,US,US-OR,Portland,yes,KPDX,PDX,KPDX,PDX,America/Los_Angeles
20821,KPGA,medium_airport,Page Municipal Airport,36.924234,-111.447716,4316,NA,US,US-AZ,Page,yes,KPGA,PGA,KPGA,PGA,America/Phoenix
20822,KPGD,medium_airport,Punta Gorda Airport,26.9202,-81.990501,26,NA,US,US-FL,Punta Gorda,yes,KPGD,PGD,KPGD,PGD,America/New_York
20824,KPGV,medium_airport,Pitt-Greenville Airport,35.635535,-77.384262,26,NA,US,US-NC,Greenville,yes,KPGV,PGV,KPGV,PGV,America/New_York
3770,KPHF,medium_airport,Newport News Williamsburg International Airport,37.131901,-76.492996,42,NA,US,US-VA,Newport News,yes,KPHF,PHF,KPHF,PHF,America/New_York
3771,KPHL,large_airport,Philadelphia International Airport,39.871899,-75.241096,36,NA,US,US-PA,Philadelphia,yes,KPHL,PHL,KPHL,PHL,America/New_York
3772,KPHX,large_airport,Phoenix Sky Harbor International Airport,33.435302,-112.005905,1135,NA,US,US-AZ,Phoenix,yes,KPHX,PHX,KPHX,PHX,America/Phoenix
3773,KPIA,medium_airport,General Wayne A. Downing Peoria International Airport,40.663841,-89.692631,660,NA,US,US-IL,Peoria,yes,KPIA,PIA,KPIA,PIA,America/Chicago
3774,KPIB,medium_airport,Hattiesburg Laurel Regional Airport,31.4671,-89.337097,298,NA,US,US-MS,Moselle,yes,KPIB,PIB,KPIB,PIB,America/Chicago
3775,KPIE,large_airport,St. Petersburg Clearwater International Airport,27.9102,-82.687401,11,NA,US,US-FL,Pinellas Park,yes,KPIE,PIE,KPIE,PIE,America/New_York
3776,KPIH,medium_airport,Pocatello Regional Airport,42.9098014831543,-112.59600067138672,4452,NA,US,US-ID,Pocatello,yes,KPIH,PIH,KPIH,PIH,America/Boise
3777,KPIR,medium_airport,Pierre Regional Airport,44.38270187,-100.2860031,1744,NA,US,US-SD,Pierre,yes,KPIR,PIR,KPIR,PIR,America/Chicago
3778,KPIT,large_airport,Pittsburgh International Airport,40.491501,-80.232903,1203,NA,US,US-PA,Pittsburgh,yes,KPIT,PIT,KPIT,PIT,America/New_York
3779,KPKB,medium_airport,Mid Ohio Valley Regional Airport,39.3451,-81.439201,858,NA,US,US-WV,Parkersburg (Williamstown),yes,KPKB,PKB,KPKB,PKB,America/New_York
3781,KPLN,medium_airport,Pellston Regional Airport of Emmet County Airport,45.57089996,-84.79669952,721,NA,US,US-MI,Pellston,yes,KPLN,PLN,KPLN,PLN,America/Detroit
3782,KPMD,medium_airport,Palmdale Regional Airport / USAF Plant 42 Airport,34.629398,-118.084999,2543,NA,US,US-CA,Palmdale,no,KPMD,PMD,KPMD,PMD,America/Los_Angeles
20848,KPNA,medium_airport,Ralph Wenz Field,42.79550171,-109.8069992,7102,NA,US,US-WY,Pinedale,no,KPNA,PWY,KPNA,PNA,America/Denver
20849,KPNC,medium_airport,Ponca City Regional Airport,36.73199844,-97.09980011,1008,NA,US,US-OK,Ponca City,no,KPNC,PNC,KPNC,PNC,America/Chicago
20850,KPNE,medium_airport,Northeast Philadelphia Airport,40.082406,-75.010614,120,NA,US,US-PA,Philadelphia,no,KPNE,PNE,KPNE,PNE,America/New_York
3783,KPNS,large_airport,Pensacola International Airport,30.472718,-87.186639,121,NA,US,US-FL,Pensacola,yes,KPNS,PNS,KPNS,PNS,America/Chicago
3784,KPOB,medium_airport,Pope Field,35.170898,-79.014503,217,NA,US,US-NC,Fort Bragg,no,KPOB,POB,KPOB,POB,America/New_York
3785,KPOE,medium_airport,Polk Army Air Field,31.0447998,-93.1917038,330,NA,US,US-LA,Fort Polk,no,KPOE,POE,KPOE,POE,America/Chicago
3786,KPOU,medium_airport,Dutchess County Airport,41.6265983581543,-73.88420104980469,165,NA,US,US-NY,Poughkeepsie,no,KPOU,POU,KPOU,POU,America/New_York
3787,KPQI,medium_airport,Presque Isle International Airport,46.688999,-68.0448,534,NA,US,US-ME,Presque Isle,yes,KPQI,PQI,KPQI,PQI,America/New_York
20864,KPR,seaplane_base,Port Williams Seaplane Base,58.490101,-152.582001,,NA,US,US-AK,Port Williams,yes,,KPR,KPR,KPR,
3788,KPRB,medium_airport,Paso Robles Municipal Airport,35.67290115,-120.6269989,840,NA,US,US-CA,Paso Robles,no,KPRB,PRB,KPRB,PRB,America/Los_Angeles
3789,KPRC,medium_airport,Prescott Regional Airport - Ernest A. Love Field,34.653502,-112.419883,5045,NA,US,US-AZ,Prescott,yes,KPRC,PRC,KPRC,PRC,America/Phoenix
3790,KPRX,medium_airport,Cox Field,33.636600494385,-95.450798034668,547,NA,US,US-TX,Paris,no,KPRX,PRX,KPRX,PRX,America/Chicago
20870,KPSC,medium_airport,Tri Cities Airport,46.264702,-119.119003,410,NA,US,US-WA,Pasco,yes,KPSC,PSC,KPSC,PSC,America/Los_Angeles
3791,KPSM,medium_airport,Portsmouth International Airport at Pease,43.0779,-70.823303,100,NA,US,US-NH,Portsmouth,yes,KPSM,PSM,KPSM,PSM,America/New_York
3792,KPSP,large_airport,Palm Springs International Airport,33.8297,-116.507004,477,NA,US,US-CA,Palm Springs,yes,KPSP,PSP,KPSP,PSP,America/Los_Angeles
3793,KPTK,medium_airport,Oakland County International Airport,42.665500640869,-83.420097351074,980,NA,US,US-MI,Pontiac,no,KPTK,PTK,KPTK,PTK,America/Detroit
3794,KPUB,medium_airport,Pueblo Memorial Airport,38.289101,-104.497002,4726,NA,US,US-CO,Pueblo,yes,KPUB,PUB,KPUB,PUB,America/Denver
20883,KPUW,medium_airport,Pullman-Moscow Regional Airport,46.741601,-117.11163,2556,NA,US,US-WA,Pullman,yes,KPUW,PUW,KPUW,PUW,America/Los_Angeles
3795,KPVD,large_airport,Rhode Island T. F. Green International Airport,41.725038,-71.425668,55,NA,US,US-RI,Providence/Warwick,yes,KPVD,PVD,KPVD,PVD,America/New_York
20890,KPVU,medium_airport,Provo Municipal Airport,40.218894,-111.722445,4497,NA,US,US-UT,Provo,yes,KPVU,PVU,KPVU,PVU,America/Denver
20896,KPWK,medium_airport,Chicago Executive Airport,42.114222,-87.901494,647,NA,US,US-IL,Chicago/Prospect Heights/Wheeling,no,,PWK,KPWK,PWK,America/Chicago
3796,KPWM,large_airport,Portland International Jetport,43.646198,-70.309303,76,NA,US,US-ME,Portland,yes,KPWM,PWM,KPWM,PWM,America/New_York
3797,KPWT,medium_airport,Bremerton National Airport,47.490200042725,-122.76499938965,444,NA,US,US-WA,Bremerton,no,KPWT,PWT,KPWT,PWT,America/Los_Angeles
20898,KPY,seaplane_base,Port Bailey Seaplane Base,57.931257,-153.040838,,NA,US,US-AK,Port Bailey,yes,,KPY,KPY,KPY,
608542,KR-1109,medium_airport,Naju Juksanbo Airfield,34.973003,126.617118,,AS,KR,KR-46,Naju-si (Naju City),no,,,,,
608546,KR-1113,small_airport,Ulleung Airport,42.547405,116.133728,,AS,KR,KR-U-A,Ulleung-Gun (Ulleung County),yes,,,,,
608547,KR-1114,small_airport,Ulleung Airport,37.455064,130.876828,,AS,KR,KR-47,Ulleung-Gun (Ulleung County),yes,,,,,
608550,KR-1115,closed,Andong Airfield,36.557262,128.751816,,AS,KR,KR-47,Andong- Si (Andong City),yes,,,,,
610170,KR-1124,closed,Samcheok Airport,37.475636,129.134441,,AS,KR,KR-42,Samcheok-Si (Samcheok City),yes,,,,,
610274,KR-1125,closed,Gochang Airport,35.537323,126.709347,,AS,KR,KR-45,Gochang-Si (Gochang City),yes,,,,,
3837,KRAL,medium_airport,Riverside Municipal Airport,33.9519,-117.445,819,NA,US,US-CA,Riverside,no,KRAL,RAL,KRAL,RAL,America/Los_Angeles
3838,KRAP,medium_airport,Rapid City Regional Airport,44.0452995300293,-103.05699920654297,3204,NA,US,US-SD,Rapid City,yes,KRAP,RAP,KRAP,RAP,America/Denver
3839,KRBL,medium_airport,Red Bluff Municipal Airport,40.1506996155,-122.251998901,352,NA,US,US-CA,Red Bluff,no,KRBL,RBL,KRBL,RBL,America/Los_Angeles
3840,KRCA,medium_airport,Ellsworth Air Force Base,44.14500046,-103.1039963,3276,NA,US,US-SD,Rapid City,no,KRCA,RCA,KRCA,RCA,America/Denver
3841,KRDD,medium_airport,Redding Municipal Airport,40.50899887,-122.2929993,505,NA,US,US-CA,Redding,yes,KRDD,RDD,KRDD,RDD,America/Los_Angeles
3842,KRDG,medium_airport,Reading Regional Airport (Carl A Spaatz Field),40.378502,-75.965202,344,NA,US,US-PA,Reading,no,KRDG,RDG,KRDG,RDG,America/New_York
3843,KRDM,medium_airport,Roberts Field,44.254101,-121.150002,3080,NA,US,US-OR,Redmond,yes,KRDM,RDM,KRDM,RDM,America/Los_Angeles
20922,KRDR,medium_airport,Grand Forks Air Force Base,47.961101532,-97.4011993408,913,NA,US,US-ND,Grand Forks,no,KRDR,RDR,KRDR,RDR,America/Chicago
3844,KRDU,large_airport,Raleigh-Durham International Airport,35.878659,-78.7873,435,NA,US,US-NC,Raleigh/Durham,yes,KRDU,RDU,KRDU,RDU,America/New_York
3845,KRFD,medium_airport,Chicago Rockford International Airport,42.1954,-89.097198,742,NA,US,US-IL,Chicago/Rockford,yes,KRFD,RFD,KRFD,RFD,America/Chicago
3846,KRHI,medium_airport,Rhinelander Oneida County Airport,45.63119888305664,-89.46749877929688,1624,NA,US,US-WI,Rhinelander,yes,KRHI,RHI,KRHI,RHI,America/Chicago
20927,KRHP,medium_airport,Western Carolina Regional Airport,35.195202,-83.862999,1697,NA,US,US-NC,Andrews,no,,,KRHP,RHP,America/New_York
3847,KRIC,large_airport,Richmond International Airport,37.505199,-77.319702,167,NA,US,US-VA,Richmond,yes,KRIC,RIC,KRIC,RIC,America/New_York
20931,KRIL,medium_airport,Garfield County Regional Airport,39.526299,-107.726997,5548,NA,US,US-CO,Rifle,no,KRIL,RIL,KRIL,RIL,America/Denver
3849,KRIV,medium_airport,March Air Reserve Base,33.880699,-117.259003,1536,NA,US,US-CA,Riverside,no,KRIV,RIV,KRIV,RIV,America/Los_Angeles
20933,KRIW,medium_airport,Central Wyoming Regional Airport,43.064201,-108.459999,5525,NA,US,US-WY,Riverton,yes,KRIW,RIW,KRIW,RIW,America/Denver
20935,KRKD,medium_airport,Knox County Regional Airport,44.060101,-69.099197,56,NA,US,US-ME,Rockland,yes,KRKD,RKD,KRKD,RKD,America/New_York
3850,KRKS,medium_airport,Southwest Wyoming Regional Airport,41.5942,-109.065001,6764,NA,US,US-WY,Rock Springs,yes,KRKS,RKS,KRKS,RKS,America/Denver
20940,KRME,medium_airport,Griffiss International Airport,43.23379898,-75.40699768,504,NA,US,US-NY,Rome,no,KRME,RME,KRME,RME,America/New_York
3851,KRMG,medium_airport,Richard B Russell Airport,34.3506011963,-85.15799713130001,644,NA,US,US-GA,Rome,no,KRMG,RMG,KRMG,RMG,America/New_York
3852,KRND,medium_airport,Randolph Air Force Base,29.529699,-98.2789,761,NA,US,US-TX,Universal City,no,KRND,RND,KRND,RND,America/Chicago
20944,KRNH,medium_airport,New Richmond Regional Airport,45.1483,-92.538101,998,NA,US,US-WI,New Richmond,no,KRNH,RNH,KRNH,RNH,America/Chicago
3853,KRNO,large_airport,Reno Tahoe International Airport,39.4991,-119.767998,4415,NA,US,US-NV,Reno,yes,KRNO,RNO,KRNO,RNO,America/Los_Angeles
3854,KROA,medium_airport,Roanoke–Blacksburg Regional Airport,37.3255,-79.975403,1175,NA,US,US-VA,Roanoke,yes,KROA,ROA,KROA,ROA,America/New_York
3855,KROC,large_airport,Frederick Douglass Greater Rochester International Airport,43.1189,-77.672401,559,NA,US,US-NY,Rochester,yes,KROC,ROC,KROC,ROC,America/New_York
3856,KROW,medium_airport,Roswell Air Center Airport,33.301601,-104.530998,3671,NA,US,US-NM,Roswell,yes,KROW,ROW,KROW,ROW,America/Denver
20962,KRSL,medium_airport,Russell Municipal Airport,38.872100830078,-98.811798095703,1862,NA,US,US-KS,Russell,no,KRSL,RSL,KRSL,RSL,America/Chicago
3857,KRST,medium_airport,Rochester International Airport,43.908298,-92.5,1317,NA,US,US-MN,Rochester,yes,KRST,RST,KRST,RST,America/Chicago
3858,KRSW,large_airport,Southwest Florida International Airport,26.534685,-81.752816,30,NA,US,US-FL,Fort Myers,yes,KRSW,RSW,KRSW,RSW,America/New_York
3859,KRUT,medium_airport,Rutland - Southern Vermont Regional Airport,43.5294,-72.9496,787,NA,US,US-VT,Rutland,yes,KRUT,RUT,KRUT,RUT,America/New_York
20972,KRVS,medium_airport,Tulsa Riverside Airport,36.0396,-95.984596,638,NA,US,US-OK,Tulsa,no,KRVS,RVS,KRVS,RVS,America/Chicago
20973,KRWF,medium_airport,Redwood Falls Municipal Airport,44.547199,-95.082298,1024,NA,US,US-MN,Redwood Falls,no,KRWF,RWF,KRWF,RWF,America/Chicago
3860,KRWI,medium_airport,Rocky Mount Wilson Regional Airport,35.8563,-77.891899,159,NA,US,US-NC,Rocky Mount,no,KRWI,RWI,KRWI,RWI,America/New_York
20974,KRWL,medium_airport,Rawlins Municipal Airport/Harvey Field,41.80559921,-107.1999969,6813,NA,US,US-WY,Rawlins,no,KRWL,RWL,KRWL,RWL,America/Denver
20981,KRYY,medium_airport,Cobb County International Airport-McCollum Field,34.01316,-84.59721,1040,NA,US,US-GA,Atlanta,no,,,KRYY,RYY,America/New_York
3861,KSAC,medium_airport,Sacramento Executive Airport,38.5125007629,-121.492996216,24,NA,US,US-CA,Sacramento,no,KSAC,SAC,KSAC,SAC,America/Los_Angeles
21033,KSAF,medium_airport,Santa Fe Municipal Airport,35.6171,-106.088997,6348,NA,US,US-NM,Santa Fe,yes,KSAF,SAF,KSAF,SAF,America/Denver
3862,KSAN,large_airport,San Diego International Airport,32.733601,-117.190002,17,NA,US,US-CA,San Diego,yes,KSAN,SAN,KSAN,SAN,America/Los_Angeles
3863,KSAT,large_airport,San Antonio International Airport,29.533701,-98.469803,809,NA,US,US-TX,San Antonio,yes,KSAT,SAT,KSAT,SAT,America/Chicago
3864,KSAV,large_airport,Savannah Hilton Head International Airport,32.126591,-81.19998,50,NA,US,US-GA,Savannah,yes,KSAV,SAV,KSAV,SAV,America/New_York
3865,KSAW,medium_airport,Marquette Sawyer Regional Airport,46.351498,-87.395884,1221,NA,US,US-MI,Gwinn,yes,KSAW,MQT,KSAW,SAW,America/Detroit
3866,KSBA,medium_airport,Santa Barbara Municipal Airport,34.426201,-119.839996,13,NA,US,US-CA,Santa Barbara,yes,KSBA,SBA,KSBA,SBA,America/Los_Angeles
3867,KSBD,large_airport,San Bernardino International Airport,34.096717,-117.236596,1159,NA,US,US-CA,San Bernardino,yes,KSBD,SBD,KSBD,SBD,America/Los_Angeles
3868,KSBN,medium_airport,South Bend International Airport,41.708304,-86.316922,799,NA,US,US-IN,South Bend,yes,KSBN,SBN,KSBN,SBN,America/Indiana/Indianapolis
3869,KSBP,medium_airport,San Luis County Regional Airport,35.236801147499996,-120.641998291,212,NA,US,US-CA,San Luis Obispo,yes,KSBP,SBP,KSBP,SBP,America/Los_Angeles
3870,KSBY,medium_airport,Salisbury Ocean City Wicomico Regional Airport,38.34049987792969,-75.51029968261719,52,NA,US,US-MD,Salisbury,yes,KSBY,SBY,KSBY,SBY,America/New_York
3871,KSCH,medium_airport,Schenectady County Airport,42.852500915527,-73.928901672363,378,NA,US,US-NY,Schenectady,no,KSCH,SCH,KSCH,SCH,America/New_York
3872,KSCK,medium_airport,Stockton Metropolitan Airport,37.893279,-121.238079,33,NA,US,US-CA,Stockton,yes,KSCK,SCK,KSCK,SCK,America/Los_Angeles
3873,KSDF,large_airport,Louisville Muhammad Ali International Airport,38.1706,-85.735076,501,NA,US,US-KY,Louisville,yes,KSDF,SDF,KSDF,SDF,America/Kentucky/Louisville
3874,KSDM,medium_airport,Brown Field Municipal Airport,32.572639,-116.980019,526,NA,US,US-CA,San Diego,no,KSDM,SDM,KSDM,SDM,America/Los_Angeles
21046,KSDY,medium_airport,Sidney - Richland Regional Airport,47.705141,-104.194422,1985,NA,US,US-MT,Sidney,yes,KSDY,SDY,KSDY,SDY,America/Denver
3875,KSEA,large_airport,Seattle–Tacoma International Airport,47.447943,-122.310276,433,NA,US,US-WA,Seattle,yes,KSEA,SEA,KSEA,SEA,America/Los_Angeles
3876,KSFB,large_airport,Orlando Sanford International Airport,28.774277,-81.234626,55,NA,US,US-FL,Orlando,yes,KSFB,SFB,KSFB,SFB,America/New_York
3877,KSFF,medium_airport,Felts Field,47.682899,-117.321925,1953,NA,US,US-WA,Spokane,no,KSFF,SFF,KSFF,SFF,America/Los_Angeles
3878,KSFO,large_airport,San Francisco International Airport,37.619806,-122.374821,13,NA,US,US-CA,San Francisco,yes,KSFO,SFO,KSFO,SFO,America/Los_Angeles
3879,KSGF,medium_airport,Springfield Branson National Airport,37.245047,-93.388596,1268,NA,US,US-MO,Springfield,yes,KSGF,SGF,KSGF,SGF,America/Chicago
3880,KSGH,medium_airport,Springfield-Beckley Municipal Airport,39.840301513672,-83.840202331543,1051,NA,US,US-OH,Springfield,no,KSGH,SGH,KSGH,SGH,America/New_York
21061,KSGJ,medium_airport,Northeast Florida Regional Airport,29.9592,-81.339798,10,NA,US,US-FL,St Augustine,yes,KSGJ,UST,KSGJ,SGJ,America/New_York
21062,KSGR,medium_airport,Sugar Land Regional Airport,29.622299194336,-95.65650177002,82,NA,US,US-TX,Houston,no,KSGR,SGR,KSGR,SGR,America/Chicago
21065,KSGU,medium_airport,St George Regional Airport,37.036389,-113.510306,2941,NA,US,US-UT,St George,yes,KSGU,SGU,KSGU,SGU,America/Denver
21066,KSHD,medium_airport,Shenandoah Valley Regional Airport,38.263802,-78.8964,1201,NA,US,US-VA,Weyers Cave,yes,KSHD,SHD,KSHD,SHD,America/New_York
3881,KSHR,medium_airport,Sheridan County Airport,44.76919937133789,-106.9800033569336,4021,NA,US,US-WY,Sheridan,yes,KSHR,SHR,KSHR,SHR,America/Denver
3882,KSHV,medium_airport,Shreveport Regional Airport,32.444747,-93.826741,258,NA,US,US-LA,Shreveport,yes,KSHV,SHV,KSHV,SHV,America/Chicago
3883,KSJC,large_airport,Mineta San Jose International Airport,37.362452,-121.929188,62,NA,US,US-CA,San Jose,yes,KSJC,SJC,KSJC,SJC,America/Los_Angeles
3884,KSJT,medium_airport,San Angelo Regional Mathis Field,31.35770034790039,-100.49600219726562,1919,NA,US,US-TX,San Angelo,yes,KSJT,SJT,KSJT,SJT,America/Chicago
21074,KSJX,small_airport,Beaver Island Airport,45.692299,-85.566597,669,NA,US,US-MI,Beaver Island,yes,KSJX,,KSJX,SJX,America/Detroit
3885,KSKA,medium_airport,Fairchild Air Force Base,47.615101,-117.655998,2461,NA,US,US-WA,Spokane,no,KSKA,SKA,KSKA,SKA,America/Los_Angeles
3886,KSKF,medium_airport,Lackland Air Force Base,29.38419914,-98.58110046,691,NA,US,US-TX,San Antonio,no,KSKF,SKF,KSKF,SKF,America/Chicago
21076,KSKX,medium_airport,Taos Regional Airport,36.452494,-105.67749,7095,NA,US,US-NM,Taos,yes,KSKX,TSM,KSKX,SKX,America/Denver
3887,KSLC,large_airport,Salt Lake City International Airport,40.78886,-111.979866,4227,NA,US,US-UT,Salt Lake City,yes,KSLC,SLC,KSLC,SLC,America/Denver
3888,KSLE,medium_airport,Salem-Willamette Valley Airport/McNary Field,44.9095,-123.002998,214,NA,US,US-OR,Salem,yes,KSLE,SLE,KSLE,SLE,America/Los_Angeles
3889,KSLI,medium_airport,Los Alamitos Army Air Field,33.790864,-118.050342,32,NA,US,US-CA,Los Alamitos,no,KSLI,,KSLI,SLI,America/Los_Angeles
3890,KSLK,medium_airport,Adirondack Regional Airport,44.38691,-74.204629,1663,NA,US,US-NY,Saranac Lake,yes,KSLK,SLK,KSLK,SLK,America/New_York
3891,KSLN,medium_airport,Salina Municipal Airport,38.79100036621094,-97.6521987915039,1288,NA,US,US-KS,Salina,yes,KSLN,SLN,KSLN,SLN,America/Chicago
21085,KSME,medium_airport,Lake Cumberland Regional Airport,37.053398132299996,-84.6158981323,927,NA,US,US-KY,Somerset,no,KSME,SME,KSME,SME,America/New_York
3892,KSMF,large_airport,Sacramento International Airport,38.6954,-121.591003,27,NA,US,US-CA,Sacramento,yes,KSMF,SMF,KSMF,SMF,America/Los_Angeles
21086,KSMN,medium_airport,Lemhi County Airport,45.122233,-113.88196,4043,NA,US,US-ID,Salmon,yes,KSMN,SMN,KSMN,SMN,America/Boise
21087,KSMO,medium_airport,Santa Monica Municipal Airport,34.0158,-118.450996,170,NA,US,US-CA,Santa Monica,no,KSMO,SMO,KSMO,SMO,America/Los_Angeles
3893,KSMX,medium_airport,Santa Maria Public Airport Captain G Allan Hancock Field,34.898899,-120.457001,261,NA,US,US-CA,Santa Maria,yes,KSMX,SMX,KSMX,SMX,America/Los_Angeles
3894,KSNA,large_airport,John Wayne Orange County International Airport,33.675063,-117.869281,56,NA,US,US-CA,Santa Ana,yes,KSNA,SNA,KSNA,SNA,America/Los_Angeles
3895,KSNS,medium_airport,Salinas Municipal Airport,36.662799835205,-121.60600280762,85,NA,US,US-CA,Salinas,no,KSNS,SNS,KSNS,SNS,America/Los_Angeles
21094,KSNY,medium_airport,Sidney Municipal Airport Lloyd W Carr Field,41.101299,-102.985001,4313,NA,US,US-NE,Sidney,no,KSNY,SNY,KSNY,SNY,America/Denver
21095,KSOA,medium_airport,Sonora Municipal Airport,30.585699081421,-100.6490020752,2140,NA,US,US-TX,Sonora,no,,,KSOA,SOA,America/Chicago
21097,KSOW,medium_airport,Show Low Regional Airport,34.264062,-110.007091,6415,NA,US,US-AZ,Show Low,yes,KSOW,SOW,KSOW,SOW,America/Phoenix
3897,KSPI,medium_airport,Abraham Lincoln Capital Airport,39.844101,-89.677902,598,NA,US,US-IL,Springfield,yes,KSPI,SPI,KSPI,SPI,America/Chicago
3898,KSPS,medium_airport,Wichita Falls Municipal Airport / Sheppard Air Force Base,33.9888,-98.491898,1019,NA,US,US-TX,Wichita Falls,yes,KSPS,SPS,KSPS,SPS,America/Chicago
21105,KSQL,medium_airport,San Carlos Airport,37.51313,-122.250838,5,NA,US,US-CA,San Carlos,yes,KSQL,SQL,KSQL,SQL,America/Los_Angeles
3899,KSRQ,large_airport,Sarasota Bradenton International Airport,27.394631,-82.554359,30,NA,US,US-FL,Sarasota/Bradenton,yes,KSRQ,SRQ,KSRQ,SRQ,America/New_York
3900,KSRR,medium_airport,Sierra Blanca Regional Airport,33.462799,-105.535004,6814,NA,US,US-NM,Alto,no,KSRR,RUI,KSRR,SRR,America/Denver
3901,KSSC,medium_airport,Shaw Air Force Base,33.972698,-80.470596,241,NA,US,US-SC,Sumter,no,KSSC,SSC,KSSC,SSC,America/New_York
21109,KSSF,medium_airport,Stinson Municipal Airport,29.336999893188,-98.471099853516,577,NA,US,US-TX,San Antonio,no,KSSF,SSF,KSSF,SSF,America/Chicago
3902,KSSI,medium_airport,St Simons Island Airport,31.1518,-81.391296,19,NA,US,US-GA,St Simons Island,no,KSSI,SSI,KSSI,SSI,America/New_York
3903,KSTC,medium_airport,Saint Cloud Regional Airport,45.5466,-94.059898,1031,NA,US,US-MN,Saint Cloud,yes,KSTC,STC,KSTC,STC,America/Chicago
3904,KSTJ,medium_airport,Rosecrans Memorial Airport,39.771900177002,-94.909698486328,826,NA,US,US-MO,St Joseph,no,KSTJ,STJ,KSTJ,STJ,America/Chicago
3905,KSTL,large_airport,St. Louis Lambert International Airport,38.748697,-90.370003,618,NA,US,US-MO,St Louis,yes,KSTL,STL,KSTL,STL,America/Chicago
3906,KSTP,medium_airport,Saint Paul Downtown Holman Field,44.93479,-93.060036,705,NA,US,US-MN,Saint Paul,no,KSTP,STP,KSTP,STP,America/Chicago
21114,KSTS,medium_airport,Charles M. Schulz Sonoma County Airport,38.50899887,-122.8130035,128,NA,US,US-CA,Santa Rosa,yes,KSTS,STS,KSTS,STS,America/Los_Angeles
21118,KSUN,medium_airport,Friedman Memorial Airport,43.50439835,-114.2959976,5318,NA,US,US-ID,Hailey,yes,KSUN,SUN,KSUN,SUN,America/Boise
3907,KSUS,medium_airport,Spirit of St Louis Airport,38.662102,-90.652,463,NA,US,US-MO,St Louis,no,KSUS,SUS,KSUS,SUS,America/Chicago
3908,KSUU,medium_airport,Travis Air Force Base,38.262699,-121.927002,62,NA,US,US-CA,Fairfield,no,KSUU,SUU,KSUU,SUU,America/Los_Angeles
3909,KSUX,medium_airport,Sioux Gateway Airport / Brigadier General Bud Day Field,42.397605,-96.382237,1098,NA,US,US-IA,Sioux City,yes,KSUX,SUX,KSUX,SUX,America/Chicago
29695,KSUZ,medium_airport,Saline County Regional Airport,34.590599,-92.479401,390,NA,US,US-AR,Bryant,no,,,KSUZ,SUZ,America/Chicago
21121,KSVC,medium_airport,Grant County Airport,32.636701,-108.154736,5446,NA,US,US-NM,Silver City,yes,KSVC,SVC,KSVC,SVC,America/Denver
3910,KSVN,medium_airport,Hunter Army Air Field,32.00999832,-81.14569855,41,NA,US,US-GA,Savannah,no,KSVN,SVN,KSVN,SVN,America/New_York
3911,KSWF,medium_airport,New York Stewart International Airport,41.50421,-74.108901,491,NA,US,US-NY,Newburgh,yes,KSWF,SWF,KSWF,SWF,America/New_York
3912,KSWO,medium_airport,Stillwater Regional Airport,36.162132,-97.085581,1000,NA,US,US-OK,Stillwater,yes,KSWO,SWO,KSWO,SWO,America/Chicago
3913,KSYR,large_airport,Syracuse Hancock International Airport,43.11119842529297,-76.1063003540039,421,NA,US,US-NY,Syracuse,yes,KSYR,SYR,KSYR,SYR,America/New_York
3914,KSZL,medium_airport,Whiteman Air Force Base,38.730301,-93.547897,870,NA,US,US-MO,Knob Noster,no,KSZL,SZL,KSZL,SZL,America/Chicago
21179,KTB,seaplane_base,Thorne Bay Seaplane Base,55.682762,-132.532883,,NA,US,US-AK,Thorne Bay,yes,,KTB,KTB,KTB,
3915,KTBN,medium_airport,Waynesville-St. Robert Regional Airport-Forney Field,37.7416,-92.140701,1159,NA,US,US-MO,Fort Leonard Wood,yes,KTBN,TBN,KTBN,TBN,America/Chicago
3916,KTCC,medium_airport,Tucumcari Municipal Airport,35.182800293,-103.602996826,4065,NA,US,US-NM,Tucumcari,no,KTCC,TCC,KTCC,TCC,America/Denver
3917,KTCL,medium_airport,Tuscaloosa National Airport,33.2206,-87.611397,170,NA,US,US-AL,Tuscaloosa,no,KTCL,TCL,KTCL,TCL,America/Chicago
3918,KTCM,medium_airport,McChord Air Force Base,47.137699,-122.475998,322,NA,US,US-WA,Tacoma,no,KTCM,TCM,KTCM,TCM,America/Los_Angeles
3919,KTCS,medium_airport,Truth or Consequences Municipal Airport,33.2369,-107.272003,4853,NA,US,US-NM,Truth or Consequences,no,KTCS,TCS,KTCS,TCS,America/Denver
3920,KTEB,medium_airport,Teterboro Airport,40.850101,-74.060799,9,NA,US,US-NJ,Teterboro,yes,KTEB,TEB,KTEB,TEB,America/New_York
21188,KTEX,medium_airport,Telluride Regional Airport,37.9538,-107.907997,9070,NA,US,US-CO,Telluride,yes,KTEX,TEX,KTEX,TEX,America/Denver
3921,KTIK,medium_airport,Tinker Air Force Base,35.4147,-97.386597,1291,NA,US,US-OK,Oklahoma City,no,KTIK,TIK,KTIK,TIK,America/Chicago
3922,KTIW,medium_airport,Tacoma Narrows Airport,47.267407,-122.577295,294,NA,US,US-WA,Tacoma,yes,KTIW,TIW,KTIW,TIW,America/Los_Angeles
3923,KTIX,medium_airport,Space Coast Regional Airport,28.514799118042,-80.799201965332,34,NA,US,US-FL,Titusville,no,KTIX,TIX,KTIX,TIX,America/New_York
3924,KTLH,medium_airport,Tallahassee International Airport,30.401209,-84.35433,81,NA,US,US-FL,Tallahassee,yes,KTLH,TLH,KTLH,TLH,America/New_York
21204,KTMB,medium_airport,Miami Executive Airport,25.6479,-80.4328,8,NA,US,US-FL,Miami,no,KTMB,TMB,KTMB,TMB,America/New_York
21212,KTOI,medium_airport,Troy Municipal Airport at N Kenneth Campbell Field,31.860399,-86.012101,398,NA,US,US-AL,Troy,no,KTOI,TOI,KTOI,TOI,America/Chicago
3925,KTOL,medium_airport,Eugene F. Kranz Toledo Express Airport,41.5868,-83.8078,683,NA,US,US-OH,Toledo,yes,KTOL,TOL,KTOL,TOL,America/New_York
21213,KTOP,medium_airport,Philip Billard Municipal Airport,39.069899,-95.622606,881,NA,US,US-KS,Topeka,no,KTOP,TOP,KTOP,TOP,America/Chicago
3926,KTPA,large_airport,Tampa International Airport,27.9755,-82.533203,26,NA,US,US-FL,Tampa,yes,KTPA,TPA,KTPA,TPA,America/New_York
21216,KTPH,medium_airport,Tonopah Airport,38.06019974,-117.086998,5430,NA,US,US-NV,Tonopah,no,KTPH,TPH,KTPH,TPH,America/Los_Angeles
3927,KTPL,medium_airport,Draughon Miller Central Texas Regional Airport,31.1525,-97.407799,682,NA,US,US-TX,Temple,no,KTPL,TPL,KTPL,TPL,America/Chicago
3928,KTRI,medium_airport,Tri-Cities Regional TN/VA Airport,36.475201,-82.407401,1519,NA,US,US-TN,Blountville,yes,KTRI,TRI,KTRI,TRI,America/New_York
21220,KTRK,medium_airport,Truckee Tahoe Airport,39.318628,-120.140562,5900,NA,US,US-CA,Truckee,yes,KTRK,TKF,KTRK,TRK,America/Los_Angeles
21222,KTRM,medium_airport,Jacqueline Cochran Regional Airport,33.62670135498,-116.16000366211,-115,NA,US,US-CA,Palm Springs,no,KTRM,TRM,KTRM,TRM,America/Los_Angeles
21228,KTTD,medium_airport,Portland Troutdale Airport,45.54940032959,-122.40100097656,39,NA,US,US-OR,Portland,no,KTTD,TTD,KTTD,TTD,America/Los_Angeles
3929,KTTN,medium_airport,Trenton Mercer Airport,40.276699,-74.813499,213,NA,US,US-NJ,Ewing Township,yes,KTTN,TTN,KTTN,TTN,America/New_York
21230,KTTS,medium_airport,Space Florida Launch and Landing Facility,28.615,-80.694504,10,NA,US,US-FL,Titusville,no,,,KTTS,TTS,America/New_York
3930,KTUL,large_airport,Tulsa International Airport,36.197084,-95.886225,677,NA,US,US-OK,Tulsa,yes,KTUL,TUL,KTUL,TUL,America/Chicago
3931,KTUP,medium_airport,Tupelo Regional Airport,34.26810073852539,-88.7698974609375,346,NA,US,US-MS,Tupelo,yes,KTUP,TUP,KTUP,TUP,America/Chicago
3932,KTUS,large_airport,Tucson International Airport,32.115004,-110.938053,2643,NA,US,US-AZ,Tucson,yes,KTUS,TUS,KTUS,TUS,America/Phoenix
3933,KTVC,medium_airport,Cherry Capital Airport,44.741402,-85.582199,624,NA,US,US-MI,Traverse City,yes,KTVC,TVC,KTVC,TVC,America/Detroit
21232,KTVF,medium_airport,Thief River Falls Regional Airport,48.065701,-96.184998,1119,NA,US,US-MN,Thief River Falls,yes,KTVF,TVF,KTVF,TVF,America/Chicago
3934,KTVL,medium_airport,Lake Tahoe Airport,38.89390182495117,-119.99500274658203,6264,NA,US,US-CA,South Lake Tahoe,no,KTVL,TVL,KTVL,TVL,America/Los_Angeles
3935,KTWF,medium_airport,Joslin Field Magic Valley Regional Airport,42.4818,-114.487999,4154,NA,US,US-ID,Twin Falls,yes,KTWF,TWF,KTWF,TWF,America/Boise
3936,KTXK,medium_airport,Texarkana Regional Airport (Webb Field),33.453701,-93.990997,390,NA,US,US-AR,Texarkana,yes,KTXK,TXK,KTXK,TXK,America/Chicago
3937,KTYR,medium_airport,Tyler Pounds Regional Airport,32.35409927368164,-95.40239715576172,544,NA,US,US-TX,Tyler,yes,KTYR,TYR,KTYR,TYR,America/Chicago
3938,KTYS,large_airport,McGhee Tyson Airport,35.811001,-83.994003,981,NA,US,US-TN,Knoxville/Maryville,yes,KTYS,TYS,KTYS,TYS,America/New_York
21261,KU42,medium_airport,South Valley Regional Airport,40.619499,-111.992996,4607,NA,US,US-UT,Salt Lake City,no,KSVR,,KSVR,SVR,America/Denver
21280,KUAO,medium_airport,Aurora State Airport,45.247100830078125,-122.7699966430664,200,NA,US,US-OR,Aurora,no,,,KUAO,UAO,America/Los_Angeles
3940,KUIN,medium_airport,Quincy Regional Airport Baldwin Field,39.942699,-91.194603,768,NA,US,US-IL,Quincy,yes,KUIN,UIN,KUIN,UIN,America/Chicago
3941,KUKI,medium_airport,Ukiah Municipal Airport,39.125999,-123.200996,614,NA,US,US-CA,Ukiah,no,KUKI,UKI,KUKI,UKI,America/Los_Angeles
21300,KUNV,medium_airport,State College Regional Airport,40.849374,-77.84852,1239,NA,US,US-PA,State College,yes,KUNV,SCE,KUNV,UNV,America/New_York
3942,KUOX,medium_airport,University Oxford Airport,34.384300231934,-89.536796569824,452,NA,US,US-MS,Oxford,no,KUOX,UOX,KUOX,UOX,America/Chicago
21304,KUTS,medium_airport,Huntsville Regional Airport,30.7469005585,-95.5871963501,363,NA,US,US-TX,Huntsville,no,KUTS,HTV,KUTS,UTS,America/Chicago
21305,KUUU,medium_airport,Newport State Airport,41.532207,-71.281039,172,NA,US,US-RI,Newport,yes,KUUU,NPT,KUUU,UUU,America/New_York
3943,KVAD,medium_airport,Moody Air Force Base,30.9678001404,-83.1930007935,233,NA,US,US-GA,Valdosta,no,KVAD,VAD,KVAD,VAD,America/New_York
3944,KVBG,medium_airport,Vandenberg Space Force Base,34.737301,-120.584,369,NA,US,US-CA,Lompoc,no,KVBG,VBG,KVBG,VBG,America/Los_Angeles
3945,KVCT,medium_airport,Victoria Regional Airport,28.85260009765625,-96.91850280761719,115,NA,US,US-TX,Victoria,yes,KVCT,VCT,KVCT,VCT,America/Chicago
21318,KVEL,medium_airport,Vernal Regional Airport,40.436214,-109.511661,5278,NA,US,US-UT,Vernal,yes,KVEL,VEL,KVEL,VEL,America/Denver
21321,KVGT,medium_airport,North Las Vegas Airport,36.209074,-115.193982,2205,NA,US,US-NV,Las Vegas,no,KVGT,VGT,KVGT,VGT,America/Los_Angeles
21325,KVIS,medium_airport,Visalia Municipal Airport,36.318699,-119.392998,295,NA,US,US-CA,Visalia,no,KVIS,VIS,KVIS,VIS,America/Los_Angeles
3946,KVLD,medium_airport,Valdosta Regional Airport,30.782499313354492,-83.27670288085938,203,NA,US,US-GA,Valdosta,yes,KVLD,VLD,KVLD,VLD,America/New_York
21333,KVNY,medium_airport,Van Nuys Airport,34.209801,-118.489998,802,NA,US,US-CA,Van Nuys,no,KVNY,VNY,KVNY,VNY,America/Los_Angeles
3947,KVOK,medium_airport,Volk Field,43.938999,-90.253403,912,NA,US,US-WI,Camp Douglas,no,KVOK,VOK,KVOK,VOK,America/Chicago
3948,KVPS,medium_airport,Destin-Fort Walton Beach Airport,30.481315,-86.515839,87,NA,US,US-FL,Valparaiso,yes,KVPS,VPS,KVPS,VPS,America/Chicago
3949,KVPZ,medium_airport,Porter County Municipal Airport,41.45399857,-87.00710297,770,NA,US,US-IN,Valparaiso,no,KVPZ,VPZ,KVPZ,VPZ,America/Chicago
21335,KVQQ,medium_airport,Cecil Airport,30.2187,-81.876701,81,NA,US,US-FL,Jacksonville,no,KVQQ,VQQ,KVQQ,VQQ,America/New_York
3950,KVRB,medium_airport,Vero Beach Regional Airport,27.6556,-80.417901,24,NA,US,US-FL,Vero Beach,yes,KVRB,VRB,KVRB,VRB,America/New_York
21339,KVTN,medium_airport,Miller Field,42.856211,-100.549192,2596,NA,US,US-NE,Valentine,no,KVTN,VTN,KVTN,VTN,America/Chicago
21358,KW63,medium_airport,Lake Country Regional Airport,36.595798,-78.560097,421,NA,US,US-VA,Clarksville,no,,,KW63,W63,America/New_York
21375,KWJF,medium_airport,General William J Fox Airfield,34.7411,-118.219002,2351,NA,US,US-CA,Lancaster,no,KWJF,WJF,KWJF,WJF,America/Los_Angeles
21379,KWMC,medium_airport,Winnemucca Municipal Airport,40.8965988159,-117.805999756,4308,NA,US,US-NV,Winnemucca,no,KWMC,WMC,KWMC,WMC,America/Los_Angeles
21380,KWP,seaplane_base,West Point Village Seaplane Base,57.770099639899996,-153.548995972,,NA,US,US-AK,West Point,yes,,KWP,KWP,KWP,
3951,KWRB,medium_airport,Robins Air Force Base,32.640099,-83.591904,294,NA,US,US-GA,Warner Robins,no,KWRB,WRB,KWRB,WRB,America/New_York
3952,KWRI,medium_airport,Mc Guire Air Force Base,40.0155983,-74.59169769,131,NA,US,US-NJ,Wrightstown,no,KWRI,WRI,KWRI,WRI,America/New_York
3953,KWRL,medium_airport,Worland Municipal Airport,43.965698,-107.950996,4227,NA,US,US-WY,Worland,no,KWRL,WRL,KWRL,WRL,America/Denver
21382,KWST,medium_airport,Westerly State Airport,41.349602,-71.803398,81,NA,US,US-RI,Westerly,yes,KWST,WST,KWST,WST,America/New_York
3954,KWWD,medium_airport,Cape May County Airport,39.008499145500004,-74.9083023071,23,NA,US,US-NJ,Wildwood,no,KWWD,WWD,KWWD,WWD,America/New_York
21386,KWWR,medium_airport,West Woodward Airport,36.438,-99.5226667,2189,NA,US,US-OK,Woodward,no,KWWR,WWR,KWWR,WWR,America/Chicago
42550,KWY,medium_airport,Kiwayu Airport,-1.960644,41.297156,21,AF,KE,KE-05,Kiwayu,no,HKWY,KWY,HKWY,,
3955,KWYS,medium_airport,Yellowstone Airport,44.6884,-111.117996,6649,NA,US,US-MT,West Yellowstone,yes,KWYS,WYS,KWYS,WYS,America/Denver
21403,KX51,medium_airport,Miami Homestead General Aviation Airport,25.499201,-80.554296,7,NA,US,US-FL,Homestead,no,,,,X51,America/New_York
21408,KXA,seaplane_base,Kasaan Seaplane Base,55.537399,-132.397995,,NA,US,US-AK,Kasaan,yes,,KXA,KXA,KXA,
3956,KXMR,medium_airport,Cape Canaveral SFS Skid Strip,28.4676,-80.566597,10,NA,US,US-FL,Cocoa Beach,no,KXMR,,KXMR,XMR,America/New_York
21410,KXNA,medium_airport,Northwest Arkansas National Airport,36.281898,-94.306801,1287,NA,US,US-AR,Fayetteville/Springdale/Rogers,yes,KXNA,XNA,KXNA,XNA,America/Chicago
28148,KXTA,medium_airport,Homey (Area 51) Airport,37.23500061035156,-115.81099700927734,4462,NA,US,US-NV,Groom Lake,no,,,KXTA,,America/Los_Angeles
324440,KXWA,medium_airport,Williston Basin International Airport,48.260863,-103.75116,2344,NA,US,US-ND,Williston,yes,KXWA,XWA,KXWA,XWA,America/Chicago
3957,KYIP,medium_airport,Willow Run Airport,42.2379,-83.530403,716,NA,US,US-MI,Detroit,no,KYIP,YIP,KYIP,YIP,America/Detroit
3958,KYKM,medium_airport,Yakima Air Terminal McAllister Field,46.56819916,-120.5439987,1099,NA,US,US-WA,Yakima,yes,KYKM,YKM,KYKM,YKM,America/Los_Angeles
3959,KYKN,medium_airport,Chan Gurney Municipal Airport,42.916698455811,-97.385902404785,1306,NA,US,US-SD,Yankton,no,KYKN,YKN,KYKN,YKN,America/Chicago
3960,KYNG,medium_airport,Youngstown Warren Regional Airport,41.26070023,-80.67910004,1192,NA,US,US-OH,Youngstown/Warren,no,KYNG,YNG,KYNG,YNG,America/New_York
44355,KZ-0068,medium_airport,Kurchatov Airfield,50.736074,78.538942,545,AS,KZ,KZ-ABA,Kurchatov,no,,,,,
44357,KZ-0069,medium_airport,Zhangiztobe Air Base,49.219952,81.317368,,AS,KZ,KZ-ABA,Zhangiztobe,no,,,,,
34976,KZ-7470,medium_airport,Dolon Air Base,50.536891,79.194689,705,AS,KZ,KZ-ABA,Semey,no,,,UASD,,
308357,KZB,seaplane_base,Zachar Bay Seaplane Base,57.553001,-153.746052,,NA,US,US-AK,Zachar Bay,yes,,KZB,,KZB,
3967,KZZV,medium_airport,Zanesville Municipal Airport,39.9444007874,-81.89209747310001,900,NA,US,US-OH,Zanesville,no,KZZV,ZZV,KZZV,ZZV,America/New_York
430434,LA-0006,medium_airport,Bokeo International Airport,20.323986,100.165392,1175,AS,LA,LA-BK,Ton Phueng,yes,VLBK,BOR,VLBK,,Europe/Paris
31795,LAKU,medium_airport,Kukës International Airport,42.035802,20.415955,1120,EU,AL,AL-07,Kukës,no,LAKU,KFZ,LAKU,,Europe/Tirane
3971,LAKV,medium_airport,Kuçovë Air Base,40.7719,19.901899,135,EU,AL,AL-01,Kuçovë,no,LAKV,,LAKV,,Europe/Tirane
3972,LATI,large_airport,Tirana International Airport Mother Teresa,41.4147,19.7206,126,EU,AL,AL-02,Rinas,yes,LATI,TIA,LATI,,Europe/Tirane
3974,LBBG,large_airport,Burgas Airport,42.569917,27.515173,135,EU,BG,BG-02,Burgas,yes,LBBG,BOJ,LBBG,,Europe/Sofia
3975,LBGO,medium_airport,Gorna Oryahovitsa Airport,43.151402,25.7129,285,EU,BG,BG-04,Gorna Oryahovitsa,no,LBGO,GOZ,LBGO,,Europe/Sofia
313852,LBH,seaplane_base,Palm Beach Seaplane Base,-33.5871,151.3234,,OC,AU,AU-NSW,Sydney,yes,,LBH,,,
3976,LBPD,large_airport,Plovdiv International Airport,42.067799,24.8508,597,EU,BG,BG-16,Plovdiv,yes,LBPD,PDV,LBPD,,Europe/Sofia
89,LBPG,medium_airport,Graf Ignatievo Air Base,42.290401,24.714001,190,EU,BG,BG-16,Graf Ignatievo,no,LBPG,,LBPG,,Europe/Sofia
108,LBPL,medium_airport,Dolna Mitropoliya Air Base,43.451771,24.502423,330,EU,BG,BG-15,Dolna Mitropoliya,no,LBPL,,LBPL,,Europe/Sofia
3977,LBSF,large_airport,Sofia Airport,42.696357,23.417671,1742,EU,BG,BG-22,Sofia,yes,LBSF,SOF,LBSF,,Europe/Sofia
93,LBWB,medium_airport,Balchik Airfield,43.423801,28.181299,660,EU,BG,BG-08,Balchik,no,LBWB,,LBWB,,Europe/Sofia
3979,LBWN,large_airport,Varna Airport,43.232101,27.8251,230,EU,BG,BG-03,Varna,yes,LBWN,VAR,LBWN,,Europe/Sofia
30979,LCEN,large_airport,Ercan International Airport,35.153064,33.507352,404,AS,CY,CY-02,Tymbou (Kirklar),yes,LCEN,ECN,LCEN,,Asia/Famagusta
44646,LCGK,medium_airport,Geçitkale Airbase,35.23591,33.720088,146,AS,CY,CY-03,Lefkoniko (Geçitkale),no,LCGK,GEC,LCGK,,
3980,LCLK,large_airport,Larnaca International Airport,34.875099,33.624901,8,AS,CY,CY-04,Larnaca,yes,LCLK,LCA,LCLK,,Asia/Nicosia
3981,LCPH,large_airport,Paphos International Airport,34.717999,32.485699,41,AS,CY,CY-06,Paphos,yes,LCPH,PFO,LCPH,,Asia/Nicosia
3982,LCRA,medium_airport,RAF Akrotiri,34.590401,32.9879,76,AS,CY,CY-XX,Akrotiri,no,LCRA,AKT,LCRA,,Asia/Nicosia
3984,LDDU,large_airport,Dubrovnik Ruđer Bošković Airport,42.562247,18.265543,527,EU,HR,HR-19,Dubrovnik,yes,LDDU,DBV,LDDU,,Europe/Zagreb
3986,LDOS,medium_airport,Osijek Airport,45.462355,18.811278,290,EU,HR,HR-14,Osijek(Klisa),yes,LDOS,OSI,LDOS,,Europe/Zagreb
3987,LDPL,large_airport,Pula Airport,44.893501,13.9222,274,EU,HR,HR-18,Pula,yes,LDPL,PUY,LDPL,,Europe/Zagreb
3989,LDRI,large_airport,Rijeka Airport,45.216376,14.57085,278,EU,HR,HR-08,Rijeka(Omišalj),yes,LDRI,RJK,LDRI,,Europe/Zagreb
3990,LDSB,medium_airport,Brač Airport,43.284454,16.678362,1776,EU,HR,HR-17,Gornji Humac,yes,LDSB,BWK,LDSB,,Europe/Zagreb
3991,LDSP,large_airport,Split Saint Jerome Airport,43.538898,16.298,79,EU,HR,HR-17,Split,yes,LDSP,SPU,LDSP,,Europe/Zagreb
3993,LDZA,large_airport,Zagreb Franjo Tuđman International Airport,45.742901,16.0688,353,EU,HR,HR-01,Velika Gorica,yes,LDZA,ZAG,LDZA,,Europe/Zagreb
3994,LDZD,large_airport,Zadar Airport,44.096986,15.353565,289,EU,HR,HR-13,Zadar,yes,LDZD,ZAD,LDZD,,Europe/Zagreb
3996,LEAB,medium_airport,Albacete Airport / Los Llanos Air Base,38.948502,-1.86352,2302,EU,ES,ES-CM,Albacete,no,LEAB,ABC,LEAB,,Europe/Madrid
3997,LEAL,large_airport,Alicante-Elche Miguel Hernández Airport,38.2822,-0.558156,142,EU,ES,ES-VC,Alicante,yes,LEAL,ALC,LEAL,,Europe/Madrid
3998,LEAM,medium_airport,Almería Airport,36.843899,-2.3701,70,EU,ES,ES-AN,Almería,yes,LEAM,LEI,LEAM,,Europe/Madrid
3999,LEAS,large_airport,Asturias Airport,43.563599,-6.03462,416,EU,ES,ES-AS,Ranón,yes,LEAS,OVD,LEAS,,Europe/Madrid
4000,LEBA,medium_airport,Córdoba Airport,37.841999,-4.84888,297,EU,ES,ES-AN,Córdoba,yes,LEBA,ODB,LEBA,,Europe/Madrid
4001,LEBB,large_airport,Bilbao Airport,43.301102,-2.91061,138,EU,ES,ES-PV,Bilbao,yes,LEBB,BIO,LEBB,,Europe/Madrid
4003,LEBG,medium_airport,Burgos Airport,42.357601,-3.62076,2962,EU,ES,ES-CL,Burgos,no,LEBG,RGS,LEBG,,Europe/Madrid
4004,LEBL,large_airport,Josep Tarradellas Barcelona-El Prat Airport,41.2971,2.07846,12,EU,ES,ES-CT,Barcelona,yes,LEBL,BCN,LEBL,,Europe/Madrid
4005,LEBZ,medium_airport,Badajoz Airport,38.8913,-6.82133,609,EU,ES,ES-EX,Badajoz,yes,LEBZ,BJZ,LEBZ,,Europe/Madrid
300859,LECH,medium_airport,Castellón-Costa Azahar Airport,40.213889,0.073333,1182,EU,ES,ES-VC,Castellón de la Plana,yes,LECH,CDT,LECH,,Europe/Madrid
4007,LECO,medium_airport,A Coruña Airport,43.302101,-8.37726,326,EU,ES,ES-GA,Culleredo,yes,LECO,LCG,LECO,,Europe/Madrid
4044,LECU,medium_airport,Madrid-Cuatro Vientos Airport,40.370701,-3.78514,2269,EU,ES,ES-MD,Madrid,no,LECU,,LECU,,Europe/Madrid
308328,LEDA,medium_airport,Lleida-Alguaire Airport,41.728185,0.535023,1152,EU,ES,ES-CT,Lleida,yes,LEDA,ILD,LEDA,,Europe/Madrid
4009,LEGA,medium_airport,Armilla Air Base,37.133202,-3.63569,2297,EU,ES,ES-AN,Armilla,no,,,LEGA,,Europe/Madrid
4010,LEGE,large_airport,Girona-Costa Brava Airport,41.904639,2.761774,468,EU,ES,ES-CT,Girona,yes,LEGE,GRO,LEGE,,Europe/Madrid
4011,LEGR,medium_airport,F.G.L. Airport Granada-Jaén Airport,37.188702,-3.77736,1860,EU,ES,ES-AN,Granada,yes,LEGR,GRX,LEGR,,Europe/Madrid
4012,LEGT,medium_airport,Getafe Air Base,40.294102,-3.72383,2034,EU,ES,ES-MD,Getafe,no,LEGT,,LEGT,,Europe/Madrid
4013,LEIB,large_airport,Ibiza Airport,38.872898,1.37312,24,EU,ES,ES-IB,Ibiza (Eivissa),yes,LEIB,IBZ,LEIB,,Europe/Madrid
4015,LEJR,medium_airport,Jerez Airport,36.744598,-6.06011,93,EU,ES,ES-AN,Jerez de la Frontera,yes,LEJR,XRY,LEJR,,Europe/Madrid
4017,LELC,medium_airport,San Javier Airport,37.775002,-0.812389,11,EU,ES,ES-MC,San Javier,no,LELC,,LELC,,Europe/Madrid
4018,LELN,medium_airport,León Airport,42.590709,-5.653406,3006,EU,ES,ES-CL,La Virgen del Camino,yes,LELN,LEN,LELN,,Europe/Madrid
30083,LELO,medium_airport,Logroño-Agoncillo Airport,42.460953,-2.322235,1161,EU,ES,ES-RI,Logroño,yes,LERJ,RJL,LERJ,,Europe/Madrid
4019,LEMD,large_airport,Adolfo Suárez Madrid–Barajas Airport,40.493407,-3.572249,1998,EU,ES,ES-MD,Madrid,yes,LEMD,MAD,LEMD,,Europe/Madrid
4020,LEMG,large_airport,Málaga-Costa del Sol Airport,36.6749,-4.49911,53,EU,ES,ES-AN,Málaga,yes,LEMG,AGP,LEMG,,Europe/Madrid
4021,LEMH,large_airport,Menorca Airport,39.862598,4.21865,302,EU,ES,ES-IB,Mahón (Maó),yes,LEMH,MAH,LEMH,,Europe/Madrid
308134,LEMI,large_airport,Region of Murcia International Airport,37.802852,-1.124884,644,EU,ES,ES-MC,Corvera,yes,LEMI,RMU,LEMI,,Europe/Madrid
4022,LEMO,medium_airport,Moron Air Base,37.17490005493164,-5.615940093994141,285,EU,ES,ES-AN,Morón,no,LEMO,OZP,LEMO,,Europe/Madrid
4035,LEPA,large_airport,Palma de Mallorca Airport,39.551701,2.73881,27,EU,ES,ES-IB,Palma de Mallorca,yes,LEPA,PMI,LEPA,,Europe/Madrid
4025,LEPP,medium_airport,Pamplona Airport,42.77,-1.64633,1504,EU,ES,ES-NC,Pamplona,yes,LEPP,PNA,LEPP,,Europe/Madrid
4027,LERI,medium_airport,Alcantarilla Air Base,37.951099,-1.23032,250,EU,ES,ES-MC,Alcantarilla,no,,,LERI,,Europe/Madrid
46583,LERL,medium_airport,Ciudad Real International Airport,38.856479,-3.969944,2120,EU,ES,ES-CM,Ciudad Real,no,LERL,CQM,LERL,,Europe/Madrid
4031,LERS,large_airport,Reus Airport,41.147509,1.168354,233,EU,ES,ES-CT,Reus,yes,LERS,REU,LERS,,Europe/Madrid
4032,LERT,medium_airport,Rota Naval Station Airport,36.645198822,-6.34946012497,86,EU,ES,ES-AN,Rota,no,LERT,ROZ,LERT,,Europe/Madrid
4033,LESA,medium_airport,Salamanca Airport,40.952099,-5.50199,2595,EU,ES,ES-CL,Salamanca,yes,LESA,SLM,LESA,,Europe/Madrid
4037,LESO,medium_airport,San Sebastián Airport,43.356499,-1.79061,16,EU,ES,ES-PV,Hondarribia,yes,LESO,EAS,LESO,,Europe/Madrid
4038,LEST,large_airport,Santiago-Rosalía de Castro Airport,42.896301,-8.41514,1213,EU,ES,ES-GA,Santiago de Compostela,yes,LEST,SCQ,LEST,,Europe/Madrid
4039,LESU,medium_airport,Pirineus - la Seu d'Urgel Airport,42.3386,1.40917,2625,EU,ES,ES-CT,La Seu d'Urgell Pyrenees and Andorra,yes,LESU,LEU,LESU,,Europe/Madrid
316427,LETL,medium_airport,Teruel Airport,40.410269,-1.217366,3380,EU,ES,ES-AR,Teruel,no,LETL,TEV,LETL,,Europe/Madrid
4041,LETO,medium_airport,Madrid–Torrejón Airport / Torrejón Air Base,40.487875,-3.456808,2026,EU,ES,ES-MD,Madrid,no,LETO,TOJ,LETO,,Europe/Madrid
4042,LEVC,large_airport,Valencia Airport,39.489162,-0.480961,240,EU,ES,ES-VC,Valencia,yes,LEVC,VLC,LEVC,,Europe/Madrid
4043,LEVD,medium_airport,Valladolid Airport,41.7061,-4.85194,2776,EU,ES,ES-CL,Valladolid,yes,LEVD,VLL,LEVD,,Europe/Madrid
4045,LEVT,medium_airport,Vitoria Airport,42.882801,-2.72447,1682,EU,ES,ES-PV,Alava,yes,LEVT,VIT,LEVT,,Europe/Madrid
4046,LEVX,medium_airport,Vigo Airport,42.2318,-8.62677,856,EU,ES,ES-GA,Vigo,yes,LEVX,VGO,LEVX,,Europe/Madrid
4047,LEXJ,medium_airport,Seve Ballesteros-Santander Airport,43.427101,-3.82001,16,EU,ES,ES-CB,Santander,yes,LEXJ,SDR,LEXJ,,Europe/Madrid
4048,LEZG,large_airport,Zaragoza Airport,41.666199,-1.04155,863,EU,ES,ES-AR,Zaragoza,yes,LEZG,ZAZ,LEZG,,Europe/Madrid
4049,LEZL,large_airport,Seville Airport,37.417999,-5.89311,112,EU,ES,ES-AN,Seville,yes,LEZL,SVQ,LEZL,,Europe/Madrid
4050,LFAC,medium_airport,Calais Marck Airport,50.962101,1.95476,12,EU,FR,FR-HDF,Calais,no,LFAC,CQF,LFAC,,Europe/Paris
4051,LFAG,medium_airport,Péronne Saint-Quentin Airfield,49.868871,3.029566,295,EU,FR,FR-HDF,"Monchy-Lagache, Somme",no,LFAG,,LFAG,,Europe/Paris
4055,LFAT,medium_airport,Le Touquet-Côte d'Opale Airport,50.518284,1.621656,36,EU,FR,FR-HDF,Le Touquet-Paris-Plage,no,LFAT,LTQ,LFAT,,Europe/Paris
4056,LFAV,medium_airport,Valenciennes-Denain Airfield,50.327823,3.461061,165,EU,FR,FR-HDF,Prouvy,no,LFAV,,LFAV,,Europe/Paris
4057,LFAY,medium_airport,Amiens Glisy Airfield,49.873004,2.387074,208,EU,FR,FR-HDF,Amiens,no,LFAY,,LFAY,,Europe/Paris
4058,LFBA,medium_airport,Agen La Garenne airport,44.174171,0.59309,204,EU,FR,FR-NAQ,Agen,no,LFBA,AGF,LFBA,,Europe/Paris
4059,LFBC,medium_airport,Cazaux (BA 120) Air Base,44.533298,-1.125,84,EU,FR,FR-NAQ,Cazaux (La Teste-de-Buch),no,,,LFBC,,Europe/Paris
4060,LFBD,large_airport,Bordeaux–Mérignac Airport,44.82865,-0.715356,162,EU,FR,FR-NAQ,Bordeaux,yes,LFBD,BOD,LFBD,,Europe/Paris
4061,LFBE,medium_airport,Bergerac Dordogne-Périgord airport,44.825298,0.518611,171,EU,FR,FR-NAQ,Bergerac,yes,LFBE,EGC,LFBE,,Europe/Paris
4062,LFBF,medium_airport,Toulouse-Francazal (BA 101) Air Base,43.545601,1.3675,535,EU,FR,FR-OCC,"Toulouse/Francazal, Haute-Garonne",no,LFBF,,LFBF,,Europe/Paris
4063,LFBG,medium_airport,Cognac-Châteaubernard (BA 709) Air Base,45.658298,-0.3175,102,EU,FR,FR-NAQ,Cognac/Châteaubernard,no,LFBG,CNG,LFBG,,Europe/Paris
4064,LFBH,medium_airport,La Rochelle Île de Ré Airport,46.179199,-1.19528,74,EU,FR,FR-NAQ,La Rochelle,yes,LFBH,LRH,LFBH,,Europe/Paris
4065,LFBI,medium_airport,Poitiers-Biard Airport,46.5877,0.306666,423,EU,FR,FR-NAQ,Poitiers/Biard,yes,LFBI,PIS,LFBI,,Europe/Paris
4066,LFBK,medium_airport,Montluçon-Guéret Airport,46.222599,2.36396,1497,EU,FR,FR-NAQ,"Lépaud, Creuse",no,LFBK,MCU,LFBK,,Europe/Paris
4067,LFBL,medium_airport,Limoges Airport,45.862801,1.17944,1300,EU,FR,FR-NAQ,Limoges/Bellegarde,yes,LFBL,LIG,LFBL,,Europe/Paris
4068,LFBM,medium_airport,Mont-de-Marsan (BA 118) Air Base,43.911701,-0.5075,203,EU,FR,FR-NAQ,Mont-de-Marsan,no,LFBM,,LFBM,,Europe/Paris
4069,LFBN,medium_airport,Niort - Marais Poitevin Airport,46.313477,-0.394529,203,EU,FR,FR-NAQ,Niort/Souché,no,LFBN,NIT,LFBN,,Europe/Paris
4070,LFBO,large_airport,Toulouse-Blagnac Airport,43.629101,1.36382,499,EU,FR,FR-OCC,Toulouse/Blagnac,yes,LFBO,TLS,LFBO,,Europe/Paris
4071,LFBP,medium_airport,Pau Pyrénées Airport,43.380001,-0.418611,616,EU,FR,FR-NAQ,Pau/Pyrénées (Uzein),yes,LFBP,PUF,LFBP,,Europe/Paris
4073,LFBT,medium_airport,Tarbes-Lourdes-Pyrénées Airport,43.178699,-0.006439,1260,EU,FR,FR-OCC,Tarbes/Lourdes/Pyrénées,yes,LFBT,LDE,LFBT,,Europe/Paris
4074,LFBU,medium_airport,Angoulême Brie-Champniers airport,45.729198,0.221456,436,EU,FR,FR-NAQ,Angoulême,no,LFBU,ANG,LFBU,,Europe/Paris
4076,LFBX,medium_airport,Périgueux-Bassillac Airport,45.198101,0.815556,328,EU,FR,FR-NAQ,Périgueux/Bassillac,no,LFBX,PGX,LFBX,,Europe/Paris
4077,LFBZ,medium_airport,Biarritz Pays Basque airport,43.468372,-1.523223,245,EU,FR,FR-NAQ,Biarritz,yes,LFBZ,BIQ,LFBZ,,Europe/Paris
4078,LFCC,medium_airport,Cahors Lalbenque airport,44.351398,1.47528,912,EU,FR,FR-OCC,Cahors,no,LFCC,ZAO,LFCC,,Europe/Paris
4079,LFCG,medium_airport,Aérodrome de Saint-Girons - Antichan,43.007801,1.10315,1368,EU,FR,FR-OCC,Saint-Girons/Antichan,no,,,LFCG,,Europe/Paris
4080,LFCH,medium_airport,Aérodrome d'Arcachon-La Teste-de-Buch,44.596401,-1.11083,52,EU,FR,FR-NAQ,Arcachon/La Teste-de-Buch,no,,,LFCH,,Europe/Paris
4081,LFCI,medium_airport,Albi Le Sequestre airport,43.913898,2.11306,564,EU,FR,FR-OCC,Albi,no,LFCI,LBI,LFCI,,Europe/Paris
4082,LFCK,medium_airport,Castres Mazamet Airport,43.556301,2.28918,788,EU,FR,FR-OCC,Castres,yes,LFCK,DCM,LFCK,,Europe/Paris
4086,LFCR,medium_airport,Rodez–Aveyron Airport,44.407902,2.48267,1910,EU,FR,FR-OCC,Rodez/Marcillac,yes,LFCR,RDZ,LFCR,,Europe/Paris
4089,LFCY,medium_airport,Royan-Médis Airport,45.628101,-0.9725,72,EU,FR,FR-NAQ,Royan/Médis,no,LFCY,RYN,LFCY,,Europe/Paris
4093,LFDH,medium_airport,Auch Gers Airfield,43.683606,0.599747,411,EU,FR,FR-OCC,Auch,no,LFDH,,LFDH,,Europe/Paris
4097,LFDN,medium_airport,Rochefort-Saint-Agnant (BA 721) Airport,45.887798,-0.983056,60,EU,FR,FR-NAQ,Rochefort/Saint-Agnant,no,LFDN,RCO,LFDN,,Europe/Paris
28820,LFEC,small_airport,Ouessant Airport,48.4632,-5.06358,142,EU,FR,FR-BRE,Ushant,yes,LFEC,OUI,LFEC,,Europe/Paris
4104,LFGA,medium_airport,Colmar Houssen airport,48.109901,7.35901,628,EU,FR,FR-GES,Colmar,no,LFGA,CMR,LFGA,,Europe/Paris
4107,LFGJ,medium_airport,Dole Tavaux Airport,47.038955,5.427589,645,EU,FR,FR-BFC,Dole,yes,LFGJ,DLE,LFGJ,,Europe/Paris
4109,LFGW,medium_airport,Verdun-Le Rozelier Airfield,49.122398,5.46905,1230,EU,FR,FR-GES,"Sommedieue, Meuse",no,LFGW,,LFGW,,Europe/Paris
4110,LFHO,medium_airport,Aubenas-South Ardèche Airport,44.544367,4.372194,923,EU,FR,FR-ARA,"Lanas, Ardèche",no,LFHO,OBS,LFHO,,Europe/Paris
4111,LFHP,small_airport,Le Puy-Loudes Airfield,45.0807,3.76289,2731,EU,FR,FR-ARA,"Chaspuzac, Haute-Loire",yes,LFHP,LPY,LFHP,,Europe/Paris
4120,LFJL,medium_airport,Metz-Nancy-Lorraine Airport,48.982101,6.25132,870,EU,FR,FR-GES,Goin,yes,LFJL,ETZ,LFJL,,Europe/Paris
4121,LFJR,medium_airport,Angers Marcé airport,47.560299,-0.312222,194,EU,FR,FR-PDL,Angers,no,LFJR,ANE,LFJR,,Europe/Paris
4123,LFKB,large_airport,Bastia-Poretta International airport,42.5527,9.48373,26,EU,FR,FR-COR,Bastia,yes,LFKB,BIA,LFKB,,Europe/Paris
4124,LFKC,medium_airport,Calvi Sainte Catherine Airport,42.530422,8.792984,209,EU,FR,FR-COR,Calvi,yes,LFKC,CLY,LFKC,,Europe/Paris
4125,LFKF,large_airport,Figari Sud-Corse Airport,41.50185,9.097092,85,EU,FR,FR-COR,Figari,yes,LFKF,FSC,LFKF,,Europe/Paris
4126,LFKJ,medium_airport,Ajaccio Napoléon Bonaparte airport,41.923599,8.80292,18,EU,FR,FR-COR,Ajaccio,yes,LFKJ,AJA,LFKJ,,Europe/Paris
4128,LFKS,medium_airport,Solenzara (BA 126) Air Base,41.9244,9.406,28,EU,FR,FR-COR,Solenzara,no,LFKS,SOZ,LFKS,,Europe/Paris
4130,LFLA,medium_airport,Auxerre Branches airport,47.850201,3.49711,523,EU,FR,FR-BFC,Auxerre,no,LFLA,AUF,LFLA,,Europe/Paris
4131,LFLB,medium_airport,Chambéry Aix les Bains airport,45.6381,5.88023,779,EU,FR,FR-ARA,Chambéry,yes,LFLB,CMF,LFLB,,Europe/Paris
4132,LFLC,large_airport,Clermont-Ferrand Auvergne airport,45.786701,3.16917,1090,EU,FR,FR-ARA,Clermont-Ferrand,yes,LFLC,CFE,LFLC,,Europe/Paris
4133,LFLD,medium_airport,Bourges airport,47.060158,2.369633,529,EU,FR,FR-CVL,Bourges,no,LFLD,BOU,LFLD,,Europe/Paris
4136,LFLI,medium_airport,Annemasse Airfield,46.192001,6.26839,1620,EU,FR,FR-ARA,Annemasse,no,LFLI,,LFLI,,Europe/Paris
4137,LFLL,large_airport,Lyon Saint-Exupéry Airport,45.725996,5.090139,821,EU,FR,FR-ARA,"Colombier-Saugnieu, Rhône",yes,LFLL,LYS,LFLL,,Europe/Paris
4138,LFLM,medium_airport,Mâcon-Charnay Airfield,46.295131,4.795977,728,EU,FR,FR-BFC,"Charnay-lès-Mâcon, Saône-et-Loire",no,,,LFLM,,Europe/Paris
4139,LFLN,medium_airport,Saint-Yan Airport,46.414019,4.014177,796,EU,FR,FR-BFC,"L'Hôpital-le-Mercier, Saône-et-Loire",no,LFLN,SYT,LFLN,,Europe/Paris
4140,LFLO,medium_airport,Roanne-Renaison Airport,46.053818,3.999023,1106,EU,FR,FR-ARA,Saint-Léger-sur-Roanne,no,LFLO,RNE,LFLO,,Europe/Paris
4141,LFLP,medium_airport,Annecy Meythet airport,45.928947,6.0987,1521,EU,FR,FR-ARA,Annecy,yes,LFLP,NCY,LFLP,,Europe/Paris
4142,LFLS,medium_airport,Grenoble Alpes Isère Airport,45.3629,5.32937,1302,EU,FR,FR-ARA,Grenoble,yes,LFLS,GNB,LFLS,,Europe/Paris
4144,LFLU,medium_airport,Valence-Chabeuil Airport,44.9216,4.9699,525,EU,FR,FR-ARA,"Chabeuil, Drôme",no,LFLU,VAF,LFLU,,Europe/Paris
4145,LFLV,medium_airport,Vichy-Charmeil Airport,46.16969,3.403637,817,EU,FR,FR-ARA,"Charmeil, Allier",no,LFLV,VHY,LFLV,,Europe/Paris
4146,LFLW,medium_airport,Aurillac airport,44.891399,2.42194,2096,EU,FR,FR-ARA,Aurillac,yes,LFLW,AUR,LFLW,,Europe/Paris
4147,LFLX,medium_airport,Châteauroux Déols airport,46.860221,1.728326,529,EU,FR,FR-CVL,Châteauroux,no,LFLX,CHR,LFLX,,Europe/Paris
4148,LFLY,medium_airport,Lyon Bron Airport,45.727947,4.943991,659,EU,FR,FR-ARA,"Chassieu, Lyon",no,LFLY,LYN,LFLY,,Europe/Paris
4150,LFMC,medium_airport,Le Luc-Le Cannet Airfield,43.384701,6.38714,265,EU,FR,FR-PAC,"Le Cannet-des-Maures, Var",no,,,LFMC,,Europe/Paris
4151,LFMD,medium_airport,Cannes Mandelieu Airport,43.547998,6.955176,13,EU,FR,FR-PAC,Cannes,no,LFMD,CEQ,LFMD,,Europe/Paris
4152,LFMH,medium_airport,Saint-Étienne-Bouthéon Airport,45.5406,4.29639,1325,EU,FR,FR-ARA,"Andrézieux-Bouthéon, Loire",no,LFMH,EBU,LFMH,,Europe/Paris
4153,LFMI,medium_airport,Istres-Le Tubé Air Base,43.522701,4.92384,82,EU,FR,FR-PAC,"Istres, Bouches-du-Rhône",no,LFMI,,LFMI,,Europe/Paris
4154,LFMK,medium_airport,Carcassonne Salvaza Airport,43.216,2.30632,433,EU,FR,FR-OCC,Carcassonne,yes,LFMK,CCF,LFMK,,Europe/Paris
4155,LFML,large_airport,Marseille Provence Airport,43.438088,5.2125,74,EU,FR,FR-PAC,"Marignane, Bouches-du-Rhône",yes,LFML,MRS,LFML,,Europe/Paris
4156,LFMN,large_airport,Nice-Côte d'Azur Airport,43.658401,7.21587,12,EU,FR,FR-PAC,"Nice, Alpes-Maritimes",yes,LFMN,NCE,LFMN,,Europe/Paris
4157,LFMO,medium_airport,Orange-Caritat (BA 115) Air Base,44.140499,4.86672,197,EU,FR,FR-PAC,"Orange, Vaucluse",no,LFMO,,LFMO,,Europe/Paris
4158,LFMP,medium_airport,Perpignan-Rivesaltes (Llabanère) Airport,42.740398,2.87067,144,EU,FR,FR-OCC,Perpignan/Rivesaltes,yes,LFMP,PGF,LFMP,,Europe/Paris
4159,LFMQ,medium_airport,Le Castellet Airport,43.252499,5.78519,1391,EU,FR,FR-PAC,"Le Castellet, Var",no,LFMQ,CTT,LFMQ,,Europe/Paris
4160,LFMS,medium_airport,Aérodrome d'Alès Cévennes,44.069698,4.14212,668,EU,FR,FR-OCC,Alès/Deaux,no,LFMS,,LFMS,,Europe/Paris
4161,LFMT,large_airport,Montpellier-Méditerranée Airport,43.576199,3.96301,17,EU,FR,FR-OCC,Montpellier/Méditerranée,yes,LFMT,MPL,LFMT,,Europe/Paris
4162,LFMU,medium_airport,Béziers Vias airport,43.323502,3.3539,56,EU,FR,FR-OCC,Béziers,yes,LFMU,BZR,LFMU,,Europe/Paris
4163,LFMV,medium_airport,Avignon Caumont airport,43.907299,4.90183,124,EU,FR,FR-PAC,Avignon,yes,LFMV,AVN,LFMV,,Europe/Paris
4164,LFMY,medium_airport,Salon-de-Provence (BA 701) Air Base,43.6064,5.10925,195,EU,FR,FR-PAC,Salon,no,,,LFMY,,Europe/Paris
4166,LFNB,medium_airport,Mende-Brenoux Airfield,44.502102,3.53282,3362,EU,FR,FR-OCC,Mende/Brénoux,no,LFNB,MEN,LFNB,,Europe/Paris
4168,LFOA,medium_airport,Avord (BA 702) Air Base,47.053299,2.6325,580,EU,FR,FR-CVL,Avord,no,,,LFOA,,Europe/Paris
4169,LFOB,large_airport,Beauvais-Tillé airport,49.454399,2.11278,359,EU,FR,FR-HDF,Beauvais,yes,LFOB,BVA,LFOB,,Europe/Paris
4170,LFOC,medium_airport,Châteaudun Airfield,48.057907,1.379309,433,EU,FR,FR-CVL,"Châteaudun, Eure-et-Loir",no,,,LFOC,,Europe/Paris
4172,LFOE,medium_airport,Évreux-Fauville (BA 105) Air Base,49.028702,1.21986,464,EU,FR,FR-NOR,"Fauville, Eure",no,LFOE,EVX,LFOE,,Europe/Paris
4173,LFOH,medium_airport,Le Havre-Octeville Airport,49.534038,0.088406,313,EU,FR,FR-NOR,Le Havre,no,LFOH,LEH,LFOH,,Europe/Paris
4174,LFOI,medium_airport,Abbeville-Buigny Baie de Somme Airfield,50.143501,1.831891,220,EU,FR,FR-HDF,Buigny-Saint-Maclou,no,LFOI,,LFOI,,Europe/Paris
4175,LFOJ,medium_airport,Orléans-Bricy (BA 123) Air Base,47.987801,1.76056,412,EU,FR,FR-CVL,"Boulay-les-Barres, Loiret",no,,,LFOJ,,Europe/Paris
4176,LFOK,medium_airport,Chalons Vatry airport,48.77333,4.20611,587,EU,FR,FR-GES,Chalons en Champagne,yes,LFOK,XCR,LFOK,,Europe/Paris
4177,LFOP,medium_airport,Rouen Vallée de Seine Airport,49.384887,1.179142,512,EU,FR,FR-NOR,Boos,no,LFOP,URO,LFOP,,Europe/Paris
4179,LFOT,medium_airport,Tours Val de Loire Airport,47.432201,0.727606,357,EU,FR,FR-CVL,"Tours, Indre-et-Loire",yes,LFOT,TUF,LFOT,,Europe/Paris
4181,LFOV,medium_airport,Laval-Entrammes Airport,48.032208,-0.743999,330,EU,FR,FR-PDL,"Laval, Mayenne",no,LFOV,LVA,LFOV,,Europe/Paris
4183,LFPB,large_airport,Paris-Le Bourget International Airport,48.962276,2.436539,218,EU,FR,FR-IDF,Paris,no,LFPB,LBG,LFPB,,Europe/Paris
4184,LFPC,medium_airport,Creil Air Base,49.253502,2.51914,291,EU,FR,FR-HDF,Creil,no,LFPC,CSF,LFPC,,Europe/Paris
4185,LFPG,large_airport,Charles de Gaulle International Airport,49.00896,2.554117,392,EU,FR,FR-IDF,"Paris (Roissy-en-France, Val-d'Oise)",yes,LFPG,CDG,LFPG,,Europe/Paris
4187,LFPM,medium_airport,Melun-Villaroche Airfield,48.604698,2.67112,302,EU,FR,FR-IDF,"Moissy-Cramayel, Seine-et-Marne",no,,,LFPM,,Europe/Paris
4188,LFPN,medium_airport,Toussus-le-Noble Airport,48.7519,2.10619,538,EU,FR,FR-IDF,"Toussus-le-Noble, Yvelines",no,LFPN,TNF,LFPN,,Europe/Paris
4189,LFPO,large_airport,Paris-Orly Airport,48.729499,2.358963,291,EU,FR,FR-IDF,"Paris (Orly, Val-de-Marne)",yes,LFPO,ORY,LFPO,,Europe/Paris
4190,LFPT,medium_airport,Pontoise-Cormeilles Aerodrome,49.096064,2.035543,325,EU,FR,FR-IDF,"Cormeilles-en-Vexin, Val-d'Oise",no,LFPT,POX,LFPT,,Europe/Paris
4191,LFPV,medium_airport,Vélizy-Villacoublay Air Base,48.774406,2.203102,584,EU,FR,FR-IDF,"Vélizy-Villacoublay, Yvelines",no,,VIY,LFPV,,Europe/Paris
4193,LFQB,medium_airport,Troyes-Barberey Airport,48.322102,4.0167,388,EU,FR,FR-GES,"Barberey-Saint-Sulpice, Aube",no,,,LFQB,,Europe/Paris
4195,LFQE,medium_airport,Lieutenant Étienne Mantoux Air Base,49.226898,5.67222,770,EU,FR,FR-GES,Rouvres-en-Woëvre,no,,,LFQE,,Europe/Paris
4197,LFQG,medium_airport,Nevers-Fourchambault Airport,47.002913,3.113114,602,EU,FR,FR-BFC,"Marzy, Nièvre",no,LFQG,NVS,LFQG,,Europe/Paris
4201,LFQP,medium_airport,Phalsbourg-Bourscheid Air Base,48.766203,7.200551,1017,EU,FR,FR-GES,Bourscheid,no,,,LFQP,,Europe/Paris
4202,LFQQ,large_airport,Lille Airport,50.566564,3.102429,157,EU,FR,FR-HDF,Lesquin,yes,LFQQ,LIL,LFQQ,,Europe/Paris
4203,LFQT,medium_airport,Merville-Calonne Airport,50.618401,2.64224,61,EU,FR,FR-HDF,"Merville, Nord",no,LFQT,HZB,LFQT,,Europe/Paris
4204,LFQV,medium_airport,Charleville-Mézières Ardennes-Etienne Riché Airfield,49.783901,4.64708,492,EU,FR,FR-GES,Charleville-Mézières,no,LFQV,,LFQV,,Europe/Paris
4205,LFQW,medium_airport,Vesoul-Frotey Airfield,47.638588,6.204443,1249,EU,FR,FR-BFC,"Frotey-lès-Vesoul, Haute-Saône",no,,,LFQW,,Europe/Paris
4206,LFRB,large_airport,Brest Bretagne airport,48.447899,-4.41854,325,EU,FR,FR-BRE,Brest,yes,LFRB,BES,LFRB,,Europe/Paris
4207,LFRC,medium_airport,Cherbourg Manche airport,49.650101,-1.47028,459,EU,FR,FR-NOR,Cherbourg,no,LFRC,CER,LFRC,,Europe/Paris
4208,LFRD,medium_airport,Dinard Pleurtuit Saint-Malo airport,48.5877,-2.07996,219,EU,FR,FR-BRE,Dinard,no,LFRD,DNR,LFRD,,Europe/Paris
4209,LFRE,medium_airport,La Baule-Escoublac Airport,47.289398,-2.34639,105,EU,FR,FR-PDL,La Baule-Escoublac,no,LFRE,LBY,LFRE,,Europe/Paris
4210,LFRF,medium_airport,Granville Airport,48.883099,-1.56417,45,EU,FR,FR-NOR,"Bréville-sur-Mer, Manche",no,LFRF,GFR,LFRF,,Europe/Paris
4211,LFRG,medium_airport,Deauville Normandie airport,49.365237,0.154481,479,EU,FR,FR-NOR,Deauville,yes,LFRG,DOL,LFRG,,Europe/Paris
4212,LFRH,medium_airport,Lorient South Brittany (Bretagne Sud) Airport,47.760601,-3.44,160,EU,FR,FR-BRE,Lorient/Lann/Bihoué,no,LFRH,LRT,LFRH,,Europe/Paris
4213,LFRI,medium_airport,La Roche-sur-Yon Les Ajoncs Airport,46.7019,-1.37863,299,EU,FR,FR-PDL,La Roche-sur-Yon,no,LFRI,EDM,LFRI,,Europe/Paris
4214,LFRJ,medium_airport,Landivisiau Air Base,48.5303,-4.15164,348,EU,FR,FR-BRE,Landivisiau,no,LFRJ,LDV,LFRJ,,Europe/Paris
4215,LFRK,medium_airport,Caen Carpiquet airport,49.17678,-0.454883,256,EU,FR,FR-NOR,Caen,yes,LFRK,CFR,LFRK,,Europe/Paris
4216,LFRL,medium_airport,Lanvéoc-Poulmic Air Base,48.2817,-4.44502,287,EU,FR,FR-BRE,Lanvéoc/Poulmic,no,,,LFRL,,Europe/Paris
4217,LFRM,medium_airport,Le Mans-Arnage Airport,47.948604,0.201702,194,EU,FR,FR-PDL,"Le Mans, Sarthe",no,LFRM,LME,LFRM,,Europe/Paris
4218,LFRN,medium_airport,Rennes-Saint-Jacques Airport,48.0695,-1.73479,124,EU,FR,FR-BRE,"Saint-Jacques-de-la-Lande, Ille-et-Vilaine",yes,LFRN,RNS,LFRN,,Europe/Paris
4219,LFRO,medium_airport,Lannion Airport,48.754398,-3.47166,290,EU,FR,FR-BRE,Lannion,no,LFRO,LAI,LFRO,,Europe/Paris
4220,LFRQ,medium_airport,Quimper-Cornouaille Airport,47.973031,-4.169655,297,EU,FR,FR-BRE,Quimper/Pluguffan,no,LFRQ,UIP,LFRQ,,Europe/Paris
4221,LFRS,large_airport,Nantes Atlantique Airport,47.153198,-1.61073,90,EU,FR,FR-PDL,Nantes,yes,LFRS,NTE,LFRS,,Europe/Paris
4222,LFRT,medium_airport,Saint-Brieuc-Armor Airport,48.538628,-2.853518,453,EU,FR,FR-BRE,"Trémuson, Côtes-d'Armor",no,LFRT,SBK,LFRT,,Europe/Paris
4223,LFRU,medium_airport,Morlaix-Ploujean Airport,48.6031990051,-3.81577992439,272,EU,FR,FR-BRE,Morlaix/Ploujean,no,LFRU,MXN,LFRU,,Europe/Paris
4224,LFRV,medium_airport,Vannes-Meucon Airport,47.723301,-2.71856,446,EU,FR,FR-BRE,Vannes/Meucon,no,LFRV,VNE,LFRV,,Europe/Paris
4225,LFRZ,medium_airport,Saint-Nazaire-Montoir Airport,47.31142,-2.152634,13,EU,FR,FR-PDL,Saint-Nazaire/Montoir,no,LFRZ,SNR,LFRZ,,Europe/Paris
4226,LFSB,large_airport,EuroAirport Basel–Mulhouse–Freiburg,47.60068,7.521117,885,EU,FR,FR-GES,Bâle / Mulhouse,yes,LFSB,BSL,LFSB,,Europe/Paris
4228,LFSD,medium_airport,Dijon Longvic airport,47.268902,5.09,726,EU,FR,FR-BFC,Dijon,no,LFSD,DIJ,LFSD,,Europe/Paris
4230,LFSG,medium_airport,Épinal Mirecourt Airport,48.325001,6.06998,1084,EU,FR,FR-GES,Épinal,no,LFSG,EPL,LFSG,,Europe/Paris
4232,LFSI,medium_airport,Saint-Dizier – Robinson Air Base,48.636002,4.89942,458,EU,FR,FR-GES,Saint-Dizier,no,,,LFSI,,Europe/Paris
29001,LFSL,medium_airport,Brive Souillac airport,45.039722,1.485556,1016,EU,FR,FR-NAQ,Brive,yes,LFSL,BVE,LFSL,,Europe/Paris
4233,LFSM,medium_airport,Montbéliard-Courcelles Airfield,47.487,6.79054,1041,EU,FR,FR-BFC,Courcelles-lès-Montbéliard,no,,,LFSM,,Europe/Paris
4234,LFSN,medium_airport,Nancy-Essey Airport,48.692101,6.23046,751,EU,FR,FR-GES,"Tomblaine, Meurthe-et-Moselle",no,LFSN,ENC,LFSN,,Europe/Paris
4235,LFSO,medium_airport,Nancy-Ochey (BA 133) Air Base,48.583099,5.955,1106,EU,FR,FR-GES,Thuilley-aux-Groseilles,no,,,LFSO,,Europe/Paris
4238,LFST,large_airport,Strasbourg Airport,48.5383,7.62823,505,EU,FR,FR-GES,Strasbourg,yes,LFST,SXB,LFST,,Europe/Paris
4239,LFSX,medium_airport,Luxeuil-Saint-Sauveur (BA 116) Air Base,47.787747,6.353419,913,EU,FR,FR-BFC,Saint-Sauveur,no,,,LFSX,,Europe/Paris
4241,LFTH,medium_airport,Toulon-Hyères Airport,43.097301,6.14603,7,EU,FR,FR-PAC,"Hyères, Var",yes,LFTH,TLN,LFTH,,Europe/Paris
4242,LFTW,medium_airport,Nîmes-Arles-Camargue Airport,43.757401,4.41635,309,EU,FR,FR-OCC,Nîmes/Garons,yes,LFTW,FNI,LFTW,,Europe/Paris
4243,LFTZ,small_airport,La Môle Airport,43.205399,6.482,59,EU,FR,FR-PAC,Saint-Tropez,yes,LFTZ,LTT,LFTZ,,Europe/Paris
4244,LFVM,small_airport,Miquelon Airport,47.095501,-56.380299,10,NA,PM,PM-ML,Miquelon,yes,LFVM,MQC,LFVM,,America/Miquelon
4245,LFVP,medium_airport,Saint-Pierre Pointe-Blanche Airport,46.762651,-56.17499,27,NA,PM,PM-SP,Saint-Pierre,yes,LFVP,FSP,LFVP,,America/Miquelon
4246,LFXA,medium_airport,Ambérieu Air Base (BA 278),45.987301,5.32844,823,EU,FR,FR-ARA,Ambérieu,no,,,LFXA,,Europe/Paris
4248,LGAD,medium_airport,Andravida Air Base,37.9207,21.292601,55,EU,GR,GR-G,Andravida,no,LGAD,PYR,LGAD,,Europe/Athens
4250,LGAL,medium_airport,Alexandroupoli Democritus Airport,40.8559,25.956301,24,EU,GR,GR-A,Alexandroupolis,yes,LGAL,AXD,LGAL,,Europe/Athens
4251,LGAV,large_airport,Athens Eleftherios Venizelos International Airport,37.936401,23.9445,308,EU,GR,GR-I,Spata-Artemida,yes,LGAV,ATH,LGAV,,Europe/Athens
4253,LGBL,medium_airport,Nea Anchialos National Airport,39.219601,22.7943,83,EU,GR,GR-E,Nea Anchialos,yes,LGBL,VOL,LGBL,,Europe/Athens
4254,LGEL,medium_airport,Elefsis Air Base,38.063801,23.556,143,EU,GR,GR-I,Elefsina,no,LGEL,,LGEL,,Europe/Athens
4255,LGHI,medium_airport,Chios Island National Airport,38.34320068359375,26.140600204467773,15,EU,GR,GR-K,Chios Island,yes,LGHI,JKH,LGHI,,Europe/Athens
4256,LGIK,small_airport,Ikaria Airport,37.6827011108,26.3470993042,79,EU,GR,GR-K,Ikaria Island,yes,LGIK,JIK,LGIK,,Europe/Athens
4257,LGIO,medium_airport,Ioannina King Pyrrhus National Airport,39.6964,20.8225,1558,EU,GR,GR-D,Ioannina,yes,LGIO,IOA,LGIO,,Europe/Athens
4258,LGIR,large_airport,Heraklion International Nikos Kazantzakis Airport,35.339699,25.1803,115,EU,GR,GR-M,Heraklion,yes,LGIR,HER,LGIR,,Europe/Athens
4259,LGKA,small_airport,Kastoria National Airport Aristotle,40.446301,21.2822,2167,EU,GR,GR-C,Argos Orestiko,yes,LGKA,KSO,LGKA,,Europe/Athens
4260,LGKC,small_airport,Kithira Airport,36.273978,23.016719,1045,EU,GR,GR-I,Kithira Island,yes,LGKC,KIT,LGKC,,Europe/Athens
4261,LGKF,medium_airport,Kefallinia Airport,38.12009811401367,20.500499725341797,59,EU,GR,GR-F,Kefallinia Island,yes,LGKF,EFL,LGKF,,Europe/Athens
30014,LGKJ,small_airport,Kastelorizo Airport,36.141701,29.576401,489,AS,GR,GR-L,Kastelorizo Island,yes,LGKJ,KZS,LGKJ,,Europe/Athens
4262,LGKL,medium_airport,Kalamata Airport,37.06829833984375,22.02549934387207,26,EU,GR,GR-J,Kalamata,yes,LGKL,KLX,LGKL,,Europe/Athens
4264,LGKO,large_airport,"Kos International Airport ""Ippokratis""",36.794523,27.09115,412,AS,GR,GR-L,Kos Island,yes,LGKO,KGS,LGKO,,Europe/Athens
4265,LGKP,medium_airport,Karpathos Airport,35.421398,27.146,66,EU,GR,GR-L,Karpathos Island,yes,LGKP,AOK,LGKP,,Europe/Athens
4266,LGKR,large_airport,Corfu Ioannis Kapodistrias International Airport,39.60145,19.912179,6,EU,GR,GR-F,Kerkyra (Corfu),yes,LGKR,CFU,LGKR,,Europe/Athens
4267,LGKS,small_airport,Kasos Airport,35.4213981628,26.909999847399998,35,EU,GR,GR-L,Kasos Island,yes,LGKS,KSJ,LGKS,,Europe/Athens
4268,LGKV,large_airport,Kavala Alexander the Great International Airport,40.9133,24.6192,18,EU,GR,GR-A,Kavala,yes,LGKV,KVA,LGKV,,Europe/Athens
30004,LGKY,small_airport,Kalymnos Airport,36.9632987976,26.9405994415,771,EU,GR,GR-L,Kalymnos Island,yes,LGKY,JKL,LGKY,,Europe/Athens
4269,LGKZ,medium_airport,Kozani National Airport Filippos,40.286098,21.840799,2059,EU,GR,GR-C,Kozani,yes,LGKZ,KZI,LGKZ,,Europe/Athens
4270,LGLE,small_airport,Leros Airport,37.184898,26.800301,39,EU,GR,GR-L,Leros Island,yes,LGLE,LRS,LGLE,,Europe/Athens
4271,LGLM,small_airport,Limnos Airport,39.917098999,25.236299514799995,14,EU,GR,GR-K,Limnos Island,yes,LGLM,LXS,LGLM,,Europe/Athens
4274,LGMK,medium_airport,Mykonos Island National Airport,37.435101,25.348101,405,EU,GR,GR-L,Mykonos,yes,LGMK,JMK,LGMK,,Europe/Athens
30139,LGML,small_airport,Milos Airport,36.696899,24.4769,10,EU,GR,GR-L,Milos Island,yes,LGML,MLO,LGML,,Europe/Athens
4275,LGMT,medium_airport,Mytilene International Airport,39.057406,26.598629,60,EU,GR,GR-K,Mytilene,yes,LGMT,MJT,LGMT,,Europe/Athens
30182,LGNX,small_airport,Naxos Island National Airport,37.0811,25.368099,10,EU,GR,GR-L,Naxos,yes,LGNX,JNX,LGNX,,Europe/Athens
30243,LGPA,small_airport,Paros National Airport,37.020495,25.113195,131,EU,GR,GR-L,Paros,yes,LGPA,PAS,LGPA,,Europe/Athens
4276,LGPL,small_airport,Astypalaia Airport,36.5798988342,26.3757991791,165,EU,GR,GR-L,Astypalaia Island,yes,LGPL,JTY,LGPL,,Europe/Athens
4277,LGPZ,medium_airport,Aktion National Airport,38.925499,20.765301,11,EU,GR,GR-D,Preveza,yes,LGPZ,PVK,LGPZ,,Europe/Athens
4279,LGRP,large_airport,"Rhodes International Airport ""Diagoras""",36.405399,28.086201,17,AS,GR,GR-L,Rhodes,yes,LGRP,RHO,LGRP,,Europe/Athens
4280,LGRX,medium_airport,Patras Araxos Agamemnon Airport,38.1511,21.4256,46,EU,GR,GR-G,Patras,yes,LGRX,GPA,LGRX,,Europe/Athens
4281,LGSA,large_airport,Chania International Airport,35.531207,24.150673,490,EU,GR,GR-M,Souda,yes,LGSA,CHQ,LGSA,,Europe/Athens
4282,LGSK,medium_airport,Skiathos Island National Airport,39.177101,23.5037,54,EU,GR,GR-E,Skiathos,yes,LGSK,JSI,LGSK,,Europe/Athens
4283,LGSM,medium_airport,Samos Airport,37.689999,26.911699,19,EU,GR,GR-K,Samos Island,yes,LGSM,SMI,LGSM,,Europe/Athens
4284,LGSO,small_airport,Syros Airport,37.4227981567,24.950899124099998,236,EU,GR,GR-L,Syros Island,yes,LGSO,JSY,LGSO,,Europe/Athens
4286,LGSR,large_airport,Santorini International Airport,36.400045,25.478638,127,EU,GR,GR-L,Santorini Island,yes,LGSR,JTR,LGSR,,Europe/Athens
4287,LGST,medium_airport,Sitia Airport,35.21609878540039,26.101299285888672,376,EU,GR,GR-M,Crete Island,yes,LGST,JSH,LGST,,Europe/Athens
4289,LGSY,small_airport,Skiros Airport,38.9676017761,24.4871997833,44,EU,GR,GR-H,Skiros Island,yes,LGSY,SKU,LGSY,,Europe/Athens
4290,LGTG,medium_airport,Tanagra Air Base,38.339802,23.565001,495,EU,GR,GR-H,Tanagra,no,LGTG,,LGTG,,Europe/Athens
4293,LGTS,large_airport,Thessaloniki Macedonia International Airport,40.51928,22.970009,22,EU,GR,GR-B,Thessaloniki,yes,LGTS,SKG,LGTS,,Europe/Athens
4295,LGZA,medium_airport,Zakynthos International Airport Dionysios Solomos,37.7509,20.8843,12,EU,GR,GR-F,Zakynthos,yes,LGZA,ZTH,LGZA,,Europe/Athens
4296,LHBP,large_airport,Budapest Liszt Ferenc International Airport,47.43018,19.262393,495,EU,HU,HU-BU,Budapest,yes,LHBP,BUD,LHBP,,Europe/Budapest
4297,LHDC,large_airport,Debrecen International Airport,47.489469,21.616278,359,EU,HU,HU-HB,Debrecen,yes,LHDC,DEB,LHDC,,Europe/Budapest
4299,LHKE,medium_airport,Kecskemét Air Base,46.9175,19.749201,376,EU,HU,HU-BK,Kecskemét,no,LHKE,,LHKE,,Europe/Budapest
4302,LHPP,large_airport,Pécs-Pogány International Airport,45.988891,18.242044,651,EU,HU,HU-BA,Pécs,yes,LHPP,PEV,LHPP,,Europe/Budapest
4303,LHPR,medium_airport,Győr-Pér Airport,47.628436,17.804718,424,EU,HU,HU-GS,Győr,yes,LHPR,,LHPR,,Europe/Budapest
4305,LHSM,medium_airport,Hévíz–Balaton Airport,46.686391,17.159084,408,EU,HU,HU-ZA,Sármellék,yes,LHSM,SOB,LHSM,,Europe/Budapest
4306,LHSN,medium_airport,Szolnok Air Base,47.122897,20.2355,322,EU,HU,HU-JN,Szolnok,no,LHSN,,LHSN,,Europe/Budapest
30003,LHTA,medium_airport,Taszár Air Base,46.393101,17.9175,531,EU,HU,HU-SO,Taszár,no,,,LHTA,,Europe/Budapest
30488,LHTL,medium_airport,Tököl Airport,47.345299,18.980801,318,EU,HU,HU-PE,Tököl,no,LHTL,,LHTL,,Europe/Budapest
4308,LIBA,medium_airport,Amendola Air Base,41.538443,15.717181,183,EU,IT,IT-75,San Giovanni Rotondo (FG),no,LIBA,,LIBA,FG06,Europe/Rome
4309,LIBC,medium_airport,Crotone Sant'Anna Pythagoras Airport,38.9972,17.0802,522,EU,IT,IT-78,Isola di Capo Rizzuto (KR),yes,LIBC,CRV,LIBC,KR01,Europe/Rome
4310,LIBD,large_airport,Bari Karol Wojtyła International Airport,41.138901,16.760599,193,EU,IT,IT-75,Bari,yes,LIBD,BRI,LIBD,BA02,Europe/Rome
4311,LIBF,medium_airport,Foggia Gino Lisa Airport,41.433596,15.534566,265,EU,IT,IT-75,Foggia (FG),yes,LIBF,FOG,LIBF,FG05,Europe/Rome
4312,LIBG,medium_airport,Taranto-Grottaglie Marcello Arlotta Airport,40.517502,17.4032,215,EU,IT,IT-75,Grottaglie,no,LIBG,TAR,LIBG,TA02,Europe/Rome
4313,LIBN,medium_airport,Lecce Galatina Air Base / Galatina Fortunato Cesari Airport,40.239201,18.133301,156,EU,IT,IT-75,Galatina (LE),no,LIBN,LCC,LIBN,LE08,Europe/Rome
4314,LIBP,large_airport,Abruzzo Airport,42.431079,14.182981,48,EU,IT,IT-65,Pescara,yes,LIBP,PSR,LIBP,PE01,Europe/Rome
4315,LIBR,large_airport,Brindisi Airport,40.6576,17.947001,47,EU,IT,IT-75,Brindisi,yes,LIBR,BDS,LIBR,BR03,Europe/Rome
4316,LIBV,medium_airport,Gioia del Colle Antonio Ramirez Air Base,40.767799,16.9333,1187,EU,IT,IT-75,Gioia del Colle (BA),no,LIBV,,LIBV,BA07,Europe/Rome
4317,LICA,large_airport,Lamezia Terme Sant'Eufemia International Airport,38.906214,16.246007,39,EU,IT,IT-78,Lamezia Terme (CZ),yes,LICA,SUF,LICA,CZ02,Europe/Rome
298716,LICB,medium_airport,Comiso Airport,36.99583,14.60889,756,EU,IT,IT-82,Comiso,yes,LICB,CIY,LICB,RG06,Europe/Rome
4318,LICC,large_airport,Catania-Fontanarossa Airport,37.466801,15.0664,39,EU,IT,IT-82,Catania,yes,LICC,CTA,LICC,CT03,Europe/Rome
4319,LICD,medium_airport,Lampedusa Airport,35.497898,12.6181,70,EU,IT,IT-82,Lampedusa,yes,LICD,LMP,LICD,AG01,Europe/Rome
4320,LICG,medium_airport,Pantelleria Airport,36.816502,11.9689,628,EU,IT,IT-82,Pantelleria (TP),yes,LICG,PNL,LICG,TP02,Europe/Rome
4321,LICJ,large_airport,Falcone–Borsellino Airport,38.175999,13.091,65,EU,IT,IT-82,Palermo,yes,LICJ,PMO,LICJ,PA03,Europe/Rome
4322,LICP,medium_airport,Palermo-Boccadifalco Airport,38.115919,13.31337,345,EU,IT,IT-82,Palermo,no,LICP,,LICP,PA04,Europe/Rome
4323,LICR,medium_airport,Reggio Calabria Airport,38.071201,15.6516,96,EU,IT,IT-78,Reggio Calabria,yes,LICR,REG,LICR,RC01,Europe/Rome
4324,LICT,medium_airport,Vincenzo Florio Airport Trapani-Birgi,37.9114,12.488,25,EU,IT,IT-82,Trapani (TP),yes,LICT,TPS,LICT,TP01,Europe/Rome
4325,LICZ,medium_airport,Sigonella Navy Air Base,37.401699,14.9224,79,EU,IT,IT-82,Sigonella (CT),no,LICZ,,LICZ,CT04,Europe/Rome
4329,LIDT,medium_airport,Trento-Mattarello Airport,46.023333,11.125,610,EU,IT,IT-32,Trento (TN),yes,LIDT,,LIDT,TN01,Europe/Rome
4330,LIEA,medium_airport,Alghero-Fertilia Airport,40.632099,8.29077,87,EU,IT,IT-88,Alghero,yes,LIEA,AHO,LIEA,SS02,Europe/Rome
4331,LIED,medium_airport,Decimomannu Air Base,39.354198,8.97248,100,EU,IT,IT-88,Decimomannu,no,LIED,DCI,LIED,CA12,Europe/Rome
4332,LIEE,large_airport,Cagliari Elmas Airport,39.251499,9.05428,13,EU,IT,IT-88,Cagliari,yes,LIEE,CAG,LIEE,CA07,Europe/Rome
4333,LIEO,large_airport,Olbia Costa Smeralda Airport,40.898953,9.518457,37,EU,IT,IT-88,Olbia (SS),yes,LIEO,OLB,LIEO,SS03,Europe/Rome
4334,LIET,medium_airport,Tortolì Airport,39.9188,9.68298,23,EU,IT,IT-88,Arbatax,no,LIET,,LIET,NU01,Europe/Rome
4335,LILE,medium_airport,Biella-Cerrione Airfield,45.4953,8.10278,920,EU,IT,IT-21,Cerrione (BI),no,,,LILE,BI03,Europe/Rome
4337,LILN,medium_airport,Varese-Venegono Airport,45.742199,8.888233,1100,EU,IT,IT-25,Venegono Superiore (VA),no,LILN,,LILN,VA02,Europe/Rome
4338,LIMA,medium_airport,Torino-Aeritalia Airport,45.084444,7.603056,943,EU,IT,IT-21,Torino (TO),no,LIMA,,LIMA,TO12,Europe/Rome
4340,LIMC,large_airport,Milan Malpensa International Airport,45.6306,8.72811,768,EU,IT,IT-25,Ferno (VA),yes,LIMC,MXP,LIMC,MI12,Europe/Rome
4341,LIME,large_airport,Il Caravaggio International Airport,45.669362,9.708851,782,EU,IT,IT-25,Orio al Serio (BG),yes,LIME,BGY,LIME,BG01,Europe/Rome
4342,LIMF,large_airport,Turin Airport,45.200802,7.64963,989,EU,IT,IT-21,Caselle Torinese (TO),yes,LIMF,TRN,LIMF,TO11,Europe/Rome
4343,LIMG,medium_airport,Riviera Villanova d'Albenga International Airport,44.050598,8.12743,148,EU,IT,IT-42,Villanova d'Albenga (SV),no,LIMG,,LIMG,SV01,Europe/Rome
4344,LIMJ,large_airport,Genoa Cristoforo Colombo Airport,44.412039,8.840732,13,EU,IT,IT-42,Genova (GE),yes,LIMJ,GOA,LIMJ,GE01,Europe/Rome
4345,LIML,large_airport,Milano Linate Airport,45.445099,9.27674,353,EU,IT,IT-25,Segrate (MI),yes,LIML,LIN,LIML,MI11,Europe/Rome
4346,LIMN,medium_airport,Cameri Air Base,45.529598,8.66922,586,EU,IT,IT-21,Cameri (NO),no,LIMN,,LIMN,NO08,Europe/Rome
4347,LIMP,medium_airport,Parma Airport,44.826351,10.29705,161,EU,IT,IT-45,Parma (PR),yes,LIMP,PMF,LIMP,PR03,Europe/Rome
30196,LIMR,medium_airport,Novi Ligure Eugenio Mossi Airfield,44.779999,8.78639,607,EU,IT,IT-21,Novi Ligure (AL),no,,,LIMR,AL05,Europe/Rome
4348,LIMS,medium_airport,Piacenza San Damiano Air Base,44.91442,9.722318,456,EU,IT,IT-45,San Damiano (PC),no,LIMS,,LIMS,PC08,Europe/Rome
4349,LIMW,medium_airport,Aosta Corrado Gex Airport,45.738552,7.3683,1791,EU,IT,IT-23,Saint-Christophe (AO),no,LIMW,AOT,LIMW,AO01,Europe/Rome
4350,LIMZ,medium_airport,Cuneo International Airport,44.547458,7.623045,1267,EU,IT,IT-21,Levaldigi (CN),yes,LIMZ,CUF,LIMZ,CN03,Europe/Rome
29443,LIPA,medium_airport,Aviano Air Base,46.031898,12.596503,410,EU,IT,IT-36,Aviano (PN),no,LIPA,AVB,LIPA,,Europe/Rome
4352,LIPB,medium_airport,Bolzano Airport,46.459245,11.326125,789,EU,IT,IT-32,Bolzano (BZ),yes,LIPB,BZO,LIPB,BZ01,Europe/Rome
4353,LIPC,medium_airport,Cervia Air Base,44.224201,12.3072,18,EU,IT,IT-45,Cervia (RA),no,LIPC,,LIPC,RA08,Europe/Rome
4354,LIPE,large_airport,Bologna Guglielmo Marconi Airport,44.5354,11.2887,123,EU,IT,IT-45,Bologna,yes,LIPE,BLQ,LIPE,BO08,Europe/Rome
4355,LIPH,large_airport,Treviso Airport,45.648399,12.1944,59,EU,IT,IT-34,Treviso (TV),yes,LIPH,TSF,LIPH,TV01,Europe/Rome
4356,LIPI,medium_airport,Udine-Rivolto Air Base,45.978699,13.0493,179,EU,IT,IT-36,Codroipo (UD),no,LIPI,,LIPI,UD16,Europe/Rome
4357,LIPK,medium_airport,Forlì-Luigi Ridolfi International Airport,44.194801,12.0701,97,EU,IT,IT-45,Forlì (FC),yes,LIPK,FRL,LIPK,FC03,Europe/Rome
4358,LIPL,medium_airport,Ghedi Air Base,45.432551,10.268612,333,EU,IT,IT-25,Ghedi (BS),no,LIPL,,LIPL,BS12,Europe/Rome
4360,LIPO,medium_airport,Brescia Gabriele d'Annunzio Airport,45.428902,10.3306,355,EU,IT,IT-25,Montichiari (BS),yes,LIPO,VBS,LIPO,BS04,Europe/Rome
4361,LIPQ,large_airport,Trieste Airport,45.827862,13.466672,39,EU,IT,IT-36,Ronchi dei Legionari/Trieste,yes,LIPQ,TRS,LIPQ,GO02,Europe/Rome
4362,LIPR,large_airport,Federico Fellini International Airport,44.020024,12.612198,40,EU,IT,IT-45,Rimini (RN),yes,LIPR,RMI,LIPR,RN01,Europe/Rome
4363,LIPS,medium_airport,Istrana Air Base,45.684382,12.086594,137,EU,IT,IT-34,Istrana (TV),no,LIPS,,LIPS,TV16,Europe/Rome
4365,LIPU,medium_airport,Padova Gino Allegri Airfield,45.395316,11.847124,44,EU,IT,IT-34,Padova (PD),no,LIPU,,LIPU,PD11,Europe/Rome
4366,LIPX,large_airport,Verona Villafranca Valerio Catullo Airport,45.394955,10.887303,239,EU,IT,IT-34,Caselle (VR),yes,LIPX,VRN,LIPX,VR10,Europe/Rome
4367,LIPY,medium_airport,Marche Airport,43.616299,13.3623,49,EU,IT,IT-57,Falconara Marittima (AN),yes,LIPY,AOI,LIPY,AN01,Europe/Rome
4368,LIPZ,large_airport,Venice Marco Polo Airport,45.505299,12.3519,7,EU,IT,IT-34,Venezia (VE),yes,LIPZ,VCE,LIPZ,VE05,Europe/Rome
4369,LIQS,medium_airport,Siena-Ampugnano Airport,43.254942,11.255084,634,EU,IT,IT-52,Ampugnano (SI),no,LIQS,,LIQS,SI01,Europe/Rome
29441,LIQW,medium_airport,Sarzana-Luni Bartolomeo Arrigoni Airport,44.087375,9.987877,45,EU,IT,IT-42,Sarzana (SP),no,LIQW,,LIQW,SP01,Europe/Rome
4370,LIRA,large_airport,Ciampino–G. B. Pastine International Airport,41.798769,12.595331,427,EU,IT,IT-62,Rome,yes,LIRA,CIA,LIRA,RM12,Europe/Rome
4371,LIRE,medium_airport,Pratica di Mare Air Base,41.654499,12.4452,41,EU,IT,IT-62,Pomezia (RM),no,LIRE,,LIRE,RM22,Europe/Rome
4372,LIRF,large_airport,Rome–Fiumicino Leonardo da Vinci International Airport,41.804532,12.251998,13,EU,IT,IT-62,Rome,yes,LIRF,FCO,LIRF,RM11,Europe/Rome
4373,LIRG,medium_airport,Guidonia Air Base,41.990299,12.7408,289,EU,IT,IT-62,Guidonia (RM),no,LIRG,,LIRG,RM13,Europe/Rome
4374,LIRI,medium_airport,Salerno Costa d'Amalfi Airport,40.620399,14.9113,123,EU,IT,IT-72,Salerno,yes,LIRI,QSR,LIRI,SA02,Europe/Rome
4375,LIRJ,medium_airport,Marina di Campo Airport,42.760871,10.239811,31,EU,IT,IT-52,Campo nell'Elba (LI),yes,LIRJ,EBA,LIRJ,LI04,Europe/Rome
4376,LIRL,medium_airport,Latina Air Base,41.5424,12.909,94,EU,IT,IT-62,Latina,no,LIRL,,LIRL,LT02,Europe/Rome
4377,LIRM,medium_airport,Grazzanise Air Base,41.060799,14.0819,29,EU,IT,IT-72,Caserta,no,LIRM,,LIRM,CE07,Europe/Rome
4378,LIRN,large_airport,Naples International Airport,40.886002,14.2908,294,EU,IT,IT-72,Napoli,yes,LIRN,NAP,LIRN,NA01,Europe/Rome
4379,LIRP,large_airport,Pisa International Airport,43.683899,10.3927,6,EU,IT,IT-52,Pisa (PI),yes,LIRP,PSA,LIRP,PI05,Europe/Rome
4380,LIRQ,large_airport,"Florence Airport, Peretola",43.808558,11.202822,142,EU,IT,IT-52,Firenze (FI),yes,LIRQ,FLR,LIRQ,FI04,Europe/Rome
4381,LIRS,medium_airport,Grosseto Corrado Baccarini Air Base / Grosseto Airport,42.759701,11.0719,17,EU,IT,IT-52,Grosseto (GR),no,LIRS,GRS,LIRS,GR06,Europe/Rome
4382,LIRU,medium_airport,Rome Urbe Airport,41.952096,12.502231,55,EU,IT,IT-62,Rome,no,LIRU,,LIRU,RM10,Europe/Rome
4383,LIRV,medium_airport,Viterbo Airport,42.435297,12.061362,992,EU,IT,IT-62,Viterbo,no,LIRV,,LIRV,VT03,Europe/Rome
4384,LIRZ,large_airport,Perugia San Francesco d'Assisi – Umbria International Airport,43.095901,12.5132,697,EU,IT,IT-55,Perugia (PG),yes,LIRZ,PEG,LIRZ,PG10,Europe/Rome
4385,LJCE,medium_airport,Cerklje ob Krki Air Base,45.900002,15.5302,510,EU,SI,SI-009,Cerklje ob Krki,no,,,LJCE,,Europe/Ljubljana
4386,LJLJ,large_airport,Ljubljana Jože Pučnik Airport,46.223701,14.4576,1273,EU,SI,SI-012,Zgornji Brnik,yes,LJLJ,LJU,LJLJ,,Europe/Ljubljana
4387,LJMB,medium_airport,Maribor Edvard Rusjan Airport,46.4799,15.6861,876,EU,SI,SI-160,Maribor,yes,LJMB,MBX,LJMB,,Europe/Ljubljana
4388,LJPZ,medium_airport,Portorož Airport,45.47201,13.615951,7,EU,SI,SI-090,Sečovlje,no,LJPZ,POW,LJPZ,,Europe/Ljubljana
317283,LK-0001,small_airport,Iranamadu Airport,9.3066,80.489,183,AS,LK,LK-4,Kilinochchi,yes,,,,,
4393,LKCS,large_airport,České Budějovice South Bohemian Airport,48.948171,14.42832,1417,EU,CZ,CZ-JC,České Budějovice,yes,LKCS,JCL,LKCS,,Europe/Prague
4394,LKCV,medium_airport,Čáslav Air Base,49.939701,15.3818,794,EU,CZ,CZ-ST,Chotusice,no,LKCV,,LKCV,,Europe/Prague
4397,LKKB,medium_airport,Prague–Kbely Air Base,50.121399,14.5436,939,EU,CZ,CZ-PR,Prague,no,LKKB,,LKKB,,Europe/Prague
4398,LKKU,medium_airport,Kunovice Airport,49.0294,17.439699,581,EU,CZ,CZ-ZL,Uherské Hradiště,no,LKKU,UHE,LKKU,,Europe/Prague
4399,LKKV,large_airport,Karlovy Vary Airport,50.202999,12.915,1989,EU,CZ,CZ-KA,Karlovy Vary,yes,LKKV,KLV,LKKV,,Europe/Prague
4400,LKLN,medium_airport,Plzeň-Líně Airport,49.675201,13.2746,1188,EU,CZ,CZ-PL,Plzen,no,LKLN,,LKLN,,Europe/Prague
4402,LKMT,large_airport,Leoš Janáček Airport Ostrava,49.696301,18.111099,844,EU,CZ,CZ-MO,Mošnov,yes,LKMT,OSR,LKMT,,Europe/Prague
4403,LKNA,medium_airport,Náměšť Air Base,49.166272,16.123981,1548,EU,CZ,CZ-VY,Sedlec,no,LKNA,,LKNA,,Europe/Prague
4405,LKPD,large_airport,Pardubice Airport,50.015049,15.73981,741,EU,CZ,CZ-PA,Pardubice,yes,LKPD,PED,LKPD,,Europe/Prague
4407,LKPO,medium_airport,Přerov Air Base,49.4258,17.404699,676,EU,CZ,CZ-OL,Přerov,no,LKPO,PRV,LKPO,,Europe/Prague
4408,LKPR,large_airport,Václav Havel Airport Prague,50.100874,14.259911,1247,EU,CZ,CZ-PR,Prague,yes,LKPR,PRG,LKPR,,Europe/Prague
4409,LKTB,medium_airport,Brno-Tuřany Airport,49.151276,16.693972,778,EU,CZ,CZ-JM,Brno,yes,LKTB,BRQ,LKTB,,Europe/Prague
4410,LKVO,medium_airport,Vodochody Airport,50.216599,14.3958,919,EU,CZ,CZ-ST,Vodochody,no,LKVO,VOD,LKVO,,Europe/Prague
4411,LLBG,large_airport,Ben Gurion International Airport,32.011398,34.8867,135,AS,IL,IL-M,Tel Aviv,yes,LLBG,TLV,LLBG,,Asia/Jerusalem
4413,LLEK,medium_airport,Tel Nof Air Base,31.8395,34.8218,193,AS,IL,IL-M,Rehovot,no,LLEK,,LLEK,,Asia/Jerusalem
330388,LLER,large_airport,Ramon International Airport,29.727009,35.014116,288,AS,IL,IL-D,Eilat,yes,LLER,ETM,LLER,,Asia/Amman
4417,LLHA,medium_airport,Uri Michaeli Haifa International Airport,32.810219,35.043719,28,AS,IL,IL-HA,Haifa,yes,LLHA,HFA,LLHA,,Asia/Jerusalem
4419,LLIB,medium_airport,Rosh Pina Airport,32.980999,35.571899,884,AS,IL,IL-Z,Rosh Pina,no,LLIB,RPN,LLIB,,Asia/Jerusalem
4421,LLMZ,medium_airport,Bar Yehuda Airfield,31.328199,35.388599,-1266,AS,IL,IL-D,Masada,no,LLMZ,MTZ,LLMZ,,Asia/Amman
4422,LLNV,medium_airport,Nevatim Air Base,31.208299636799996,35.012298584,1330,AS,IL,IL-D,Beersheba,no,LLNV,VTM,LLNV,,Asia/Jerusalem
4424,LLRD,medium_airport,Ramat David Air Base,32.6651,35.179501,185,AS,IL,IL-Z,Haifa,no,LLRD,,LLRD,,Asia/Jerusalem
4425,LLRM,medium_airport,Ramon Air Base,30.7761,34.666698,2126,AS,IL,IL-D,Beersheba,no,LLRM,,LLRM,,Asia/Jerusalem
35207,LMMG,heliport,Xewkija Heliport,36.027199,14.2728,322,EU,MT,MT-62,Gozo,yes,LMMG,GZM,LMMG,,
4427,LMML,large_airport,Malta International Airport,35.845932,14.491546,300,EU,MT,MT-25,Valletta,yes,LMML,MLA,LMML,,Europe/Malta
30153,LNMC,heliport,Monaco Heliport,43.725798,7.419673,20,EU,MC,MC-U-A,Fontvieille,yes,LNMC,MCM,LNMC,,
4428,LOAN,medium_airport,Wiener Neustadt East Airport,47.8433,16.260099,896,EU,AT,AT-3,Wiener Neustadt,no,LOAN,,LOAN,,Europe/Vienna
4430,LOWG,large_airport,Graz Airport,46.9911,15.4396,1115,EU,AT,AT-6,Feldkirchen bei Graz,yes,LOWG,GRZ,LOWG,,Europe/Vienna
4431,LOWI,large_airport,Innsbruck Airport,47.260201,11.344,1907,EU,AT,AT-7,Innsbruck,yes,LOWI,INN,LOWI,,Europe/Vienna
4435,LOWK,large_airport,Klagenfurt Airport,46.642502,14.3377,1472,EU,AT,AT-2,Klagenfurt am Wörthersee,yes,LOWK,KLU,LOWK,,Europe/Vienna
4432,LOWL,large_airport,Linz-Hörsching Airport,48.235362,14.188128,980,EU,AT,AT-4,Linz,yes,LOWL,LNZ,LOWL,,Europe/Vienna
4433,LOWS,large_airport,Salzburg Airport,47.793301,13.0043,1411,EU,AT,AT-5,Salzburg,yes,LOWS,SZG,LOWS,,Europe/Berlin
4434,LOWW,large_airport,Vienna International Airport,48.110298,16.5697,600,EU,AT,AT-9,Vienna,yes,LOWW,VIE,LOWW,,Europe/Vienna
29483,LOXN,medium_airport,Wiener Neustadt West Airport,47.836933,16.221838,935,EU,AT,AT-3,Wiener Neustadt,no,LOXN,,LOXN,,Europe/Vienna
4436,LOXZ,medium_airport,Hinterstoisser Air Base,47.202801,14.7442,2264,EU,AT,AT-6,Zeltweg,no,LOXZ,,LOXZ,,Europe/Vienna
4437,LPAR,medium_airport,Alverca Air Base,38.883301,-9.0301,11,EU,PT,PT-11,Vila Franca de Xira,no,LPAR,,LPAR,,Europe/Lisbon
4439,LPAZ,medium_airport,Santa Maria Airport,36.97140121459961,-25.17060089111328,308,EU,PT,PT-20,Vila do Porto,yes,LPAZ,SMA,LPAZ,,Atlantic/Azores
4440,LPBG,medium_airport,Bragança Airport,41.8578,-6.70713,2241,EU,PT,PT-04,Bragança,yes,LPBG,BGC,LPBG,,Europe/Lisbon
4441,LPBJ,medium_airport,Beja Airport / Airbase,38.078899,-7.9324,636,EU,PT,PT-02,Beja,no,LPBJ,BYJ,LPBJ,,Europe/Lisbon
4442,LPBR,medium_airport,Braga Municipal Aerodrome,41.587,-8.445189,247,EU,PT,PT-03,Braga,no,LPBR,,LPBR,,Europe/Lisbon
315898,LPCB,medium_airport,Aerodromo de Castelo Branco,39.844528,-7.439875,1300,EU,PT,PT-05,Castelo Branco,no,LPCB,,LPCB,,Europe/Lisbon
4443,LPCO,medium_airport,Aerodromo Municipal de Coimbra,40.158758,-8.470815,587,EU,PT,PT-06,Coimbra,no,LPCO,,LPCO,,Europe/Lisbon
29487,LPCR,small_airport,Corvo Airport,39.671501,-31.1136,62,EU,PT,PT-20,Corvo,yes,LPCR,CVU,LPCR,,Atlantic/Azores
4444,LPCS,medium_airport,Cascais Airport,38.724998,-9.35523,325,EU,PT,PT-11,Cascais,yes,LPCS,CAT,LPCS,,Europe/Lisbon
4446,LPEV,medium_airport,Évora Airfield,38.533501,-7.88964,807,EU,PT,PT-07,Évora,no,,,LPEV,,Europe/Lisbon
4447,LPFL,medium_airport,Flores Airport,39.455299377441406,-31.131399154663086,112,EU,PT,PT-20,Santa Cruz das Flores,yes,LPFL,FLW,LPFL,,Atlantic/Azores
4448,LPFR,large_airport,Faro - Gago Coutinho International Airport,37.015909,-7.970939,24,EU,PT,PT-08,Faro,yes,LPFR,FAO,LPFR,,Europe/Lisbon
4449,LPGR,medium_airport,Graciosa Airport,39.092201232910156,-28.029800415039062,86,EU,PT,PT-20,Santa Cruz da Graciosa,yes,LPGR,GRW,LPGR,,Atlantic/Azores
4450,LPHR,medium_airport,Horta Airport,38.519901275634766,-28.715900421142578,118,EU,PT,PT-20,Horta,yes,LPHR,HOR,LPHR,,Atlantic/Azores
4451,LPLA,medium_airport,Lajes Airport,38.761799,-27.090799,180,EU,PT,PT-20,Praia da Vitória,yes,LPLA,TER,LPLA,,Atlantic/Azores
4452,LPMA,large_airport,Cristiano Ronaldo International Airport,32.697812,-16.774613,192,EU,PT,PT-30,Funchal,yes,LPMA,FNC,LPMA,,Atlantic/Madeira
4453,LPMR,medium_airport,Monte Real Air Base,39.828335,-8.8875,187,EU,PT,PT-10,,no,LPMR,,LPMR,,Europe/Lisbon
4454,LPMT,medium_airport,Montijo Air Base,38.70929,-9.03368,46,EU,PT,PT-15,Montijo,no,,,LPMT,,Europe/Lisbon
4455,LPOV,medium_airport,Ovar Air Base,40.915901,-8.64592,56,EU,PT,PT-01,Ovar,no,,,LPOV,,Europe/Lisbon
4456,LPPD,large_airport,João Paulo II Airport,37.7411994934,-25.6979007721,259,EU,PT,PT-20,Ponta Delgada,yes,LPPD,PDL,LPPD,,Atlantic/Azores
4457,LPPI,medium_airport,Pico Airport,38.554298,-28.441299,109,EU,PT,PT-20,Pico Island,yes,LPPI,PIX,LPPI,,Atlantic/Azores
4458,LPPM,medium_airport,Portimão Airport,37.1493,-8.58396,5,EU,PT,PT-08,Portimão,yes,LPPM,PRM,LPPM,,Europe/Lisbon
4459,LPPR,large_airport,Francisco de Sá Carneiro Airport,41.2481002808,-8.68138980865,228,EU,PT,PT-13,Porto,yes,LPPR,OPO,LPPR,,Europe/Lisbon
4460,LPPS,medium_airport,Porto Santo Airport,33.0733985901,-16.3500003815,341,EU,PT,PT-30,Vila Baleira,yes,LPPS,PXO,LPPS,,Atlantic/Madeira
4461,LPPT,large_airport,Lisbon Humberto Delgado Airport,38.7813,-9.13592,374,EU,PT,PT-11,Lisbon,yes,LPPT,LIS,LPPT,,Europe/Lisbon
4462,LPSJ,medium_airport,São Jorge Airport,38.665501,-28.1758,311,EU,PT,PT-20,Velas,yes,LPSJ,SJZ,LPSJ,,Atlantic/Azores
317032,LPSO,medium_airport,Aeródromo Municipal de Ponte de Sor,39.211545,-8.057787,390,EU,PT,PT-12,Ponte de Sor,no,LPSO,,LPSO,,Europe/Lisbon
4463,LPST,medium_airport,Sintra Air Base,38.8311,-9.33955,440,EU,PT,PT-11,Sintra,no,,,LPST,,Europe/Lisbon
4464,LPTN,medium_airport,Tancos Airbase,39.475101,-8.36458,266,EU,PT,PT-14,Tancos,no,,,LPTN,,Europe/Lisbon
29493,LPVL,medium_airport,Vilar de Luz Airfield,41.27729,-8.516209,762,EU,PT,PT-13,Maia,no,LPVL,,LPVL,,Europe/Lisbon
4465,LPVR,medium_airport,Vila Real Airport,41.2743,-7.72047,1805,EU,PT,PT-17,Vila Real,yes,LPVR,VRL,LPVR,,Europe/Lisbon
4466,LPVZ,medium_airport,Aerodromo Goncalves Lobato (Viseu Airport),40.725498,-7.88899,2060,EU,PT,PT-18,Viseu,yes,LPVZ,VSE,LPVZ,,Europe/Lisbon
4467,LQBK,large_airport,Banja Luka International Airport,44.941399,17.297501,400,EU,BA,BA-SRP,Mahovljani,yes,LQBK,BNX,LQBK,,Europe/Sarajevo
4468,LQMO,large_airport,Mostar International Airport,43.282489,17.846101,156,EU,BA,BA-BIH,Mostar,yes,LQMO,OMO,LQMO,,Europe/Sarajevo
4469,LQSA,large_airport,Sarajevo International Airport,43.8246,18.331499,1708,EU,BA,BA-BIH,Sarajevo,yes,LQSA,SJJ,LQSA,,Europe/Sarajevo
4470,LQTZ,large_airport,Tuzla International Airport,44.459858,18.723627,784,EU,BA,BA-BIH,Dubrave Gornje,yes,LQTZ,TZL,LQTZ,,Europe/Sarajevo
5668,LR80,medium_airport,Feteşti Borcea Air Base,44.3923,27.7267,180,EU,RO,RO-CL,Borcea,no,LRFT,,LRFT,,Europe/Bucharest
5670,LR82,medium_airport,Boboc Air Base,45.2164,26.9786,344,EU,RO,RO-BZ,Boboc,no,LRBO,,LRBO,,Europe/Bucharest
4471,LRAR,medium_airport,Arad International Airport,46.176136,21.264322,352,EU,RO,RO-AR,Arad,yes,LRAR,ARW,LRAR,,Europe/Bucharest
4472,LRBC,large_airport,Bacău George Enescu International  Airport,46.5219,26.910299,607,EU,RO,RO-BC,Bacău,yes,LRBC,BCM,LRBC,,Europe/Bucharest
4473,LRBM,medium_airport,Maramureș International Airport,47.658444,23.464445,605,EU,RO,RO-MM,Tăuții-Măgherăuș,yes,LRBM,BAY,LRBM,,Europe/Bucharest
4474,LRBS,large_airport,Bucharest Băneasa Aurel Vlaicu International Airport,44.503133,26.102944,297,EU,RO,RO-B,Bucharest,yes,LRBS,BBU,LRBS,,Europe/Bucharest
333670,LRBV,large_airport,Brașov-Ghimbav International Airport,45.70558,25.522871,1740,EU,RO,RO-BV,Brașov (Ghimbav),yes,LRBV,GHV,LRBV,,Europe/Bucharest
4475,LRCK,large_airport,Mihail Kogălniceanu International Airport,44.362202,28.4883,353,EU,RO,RO-CT,Constanța,yes,LRCK,CND,LRCK,,Europe/Bucharest
4476,LRCL,large_airport,Avram Iancu Cluj International Airport,46.786042,23.685733,1039,EU,RO,RO-CJ,Cluj-Napoca,yes,LRCL,CLJ,LRCL,,Europe/Bucharest
4477,LRCS,medium_airport,Caransebeş Airport,45.420142,22.252507,866,EU,RO,RO-CS,Caransebeş,no,LRCS,CSB,LRCS,,Europe/Bucharest
4478,LRCT,medium_airport,Câmpia Turzii Air Base,46.5023,23.8859,1083,EU,RO,RO-CJ,Câmpia Turzii,no,LRCT,,LRCT,,Europe/Bucharest
4479,LRCV,large_airport,Craiova International Airport,44.3181,23.888599,626,EU,RO,RO-DJ,Craiova,yes,LRCV,CRA,LRCV,,Europe/Bucharest
4480,LRIA,large_airport,Iaşi International Airport,47.179633,27.621431,411,EU,RO,RO-IS,Iaşi,yes,LRIA,IAS,LRIA,,Europe/Bucharest
4481,LROD,large_airport,Oradea International Airport,47.025299,21.9025,465,EU,RO,RO-BH,Oradea,yes,LROD,OMR,LROD,,Europe/Bucharest
4482,LROP,large_airport,Bucharest Henri Coandă International Airport,44.571792,26.103285,314,EU,RO,RO-IF,Otopeni,yes,LROP,OTP,LROP,,Europe/Bucharest
4483,LRSB,large_airport,Sibiu International Airport,45.785841,24.086666,1496,EU,RO,RO-SB,Sibiu,yes,LRSB,SBZ,LRSB,,Europe/Bucharest
4484,LRSM,medium_airport,Satu Mare International Airport,47.7033,22.8857,405,EU,RO,RO-SM,Satu Mare,yes,LRSM,SUJ,LRSM,,Europe/Bucharest
4485,LRSV,large_airport,Suceava Ștefan cel Mare International Airport,47.6875,26.354099,1375,EU,RO,RO-SV,Suceava,yes,LRSV,SCV,LRSV,,Europe/Bucharest
4486,LRTC,medium_airport,Tulcea Danube Delta Airport,45.0625,28.7143,200,EU,RO,RO-TL,Mihail Kogălniceanu,no,LRTC,TCE,LRTC,,Europe/Bucharest
4487,LRTM,medium_airport,Târgu Mureş Transilvania International Airport,46.467701,24.4125,963,EU,RO,RO-MS,Recea,yes,LRTM,TGM,LRTM,,Europe/Bucharest
4488,LRTR,large_airport,Timișoara Traian Vuia International Airport,45.809898,21.3379,348,EU,RO,RO-TM,Timişoara,yes,LRTR,TSR,LRTR,,Europe/Bucharest
4489,LSGC,medium_airport,Les Eplatures Airport,47.083900451699996,6.792840003970001,3368,EU,CH,CH-NE,La Chaux-de-Fonds,no,LSGC,,LSGC,,Europe/Zurich
4490,LSGG,large_airport,Geneva International Airport,46.238098,6.10895,1411,EU,CH,CH-GE,Geneva,yes,LSGG,GVA,LSGG,,Europe/Paris
4492,LSGS,medium_airport,Sion Airport,46.219166,7.326944,1582,EU,CH,CH-VS,Sion,no,LSGS,SIR,LSGS,,Europe/Zurich
4493,LSMA,medium_airport,Alpnach Air Base,46.943901,8.28417,1460,EU,CH,CH-OW,Alpnach,no,LSMA,,LSMA,,Europe/Zurich
4494,LSMD,medium_airport,Dübendorf Air Base,47.398602,8.64823,1470,EU,CH,CH-ZH,Zurich,no,LSMD,,LSMD,,Europe/Zurich
4495,LSME,medium_airport,Emmen Air Base,47.092444,8.305184,1400,EU,CH,CH-LU,Emmen,no,LSME,EML,LSME,,Europe/Zurich
4498,LSMP,medium_airport,Payerne Air Base,46.8432,6.91506,1465,EU,CH,CH-FR,Payerne,no,LSMP,VIP,LSMP,,Europe/Zurich
4502,LSZA,medium_airport,Lugano Airport,46.004299,8.91058,915,EU,CH,CH-TI,Agno,yes,LSZA,LUG,LSZA,,Europe/Zurich
4503,LSZB,medium_airport,Bern Airport,46.912736,7.498819,1671,EU,CH,CH-BE,Bern,yes,LSZB,BRN,LSZB,,Europe/Zurich
4504,LSZG,medium_airport,Grenchen Airfield,47.181599,7.41719,1411,EU,CH,CH-SO,Grenchen,no,LSZG,,LSZG,,Europe/Zurich
4505,LSZH,large_airport,Zürich Airport,47.458056,8.548056,1417,EU,CH,CH-ZH,Zurich,yes,LSZH,ZRH,LSZH,,Europe/Zurich
4506,LSZR,medium_airport,Sankt Gallen Altenrhein Airport,47.485001,9.56077,1306,EU,CH,CH-SG,St. Gallen,yes,LSZR,ACH,LSZR,,Europe/Vienna
4507,LSZS,medium_airport,Engadin Airport,46.5341,9.88411,5600,EU,CH,CH-GR,Samedan,no,LSZS,SMV,LSZS,,Europe/Zurich
4509,LTAC,large_airport,Esenboğa International Airport,40.128101,32.995098,3125,AS,TR,TR-06,Ankara,yes,LTAC,ESB,LTAC,,Europe/Istanbul
4510,LTAD,medium_airport,Etimesgut Air Base,39.949798584,32.6885986328,2653,AS,TR,TR-06,Ankara,no,LTAD,ANK,LTAD,,Europe/Istanbul
4511,LTAE,medium_airport,Akıncı Air Base,40.078899,32.565601,2767,AS,TR,TR-06,Ankara,no,LTAE,,LTAE,,Europe/Istanbul
4513,LTAG,medium_airport,İncirlik Air Base,37.002102,35.4259,238,AS,TR,TR-01,Sarıçam,no,LTAG,UAB,LTAG,,Europe/Istanbul
4514,LTAH,medium_airport,Afyon Air Base,38.726398,30.601101,3310,AS,TR,TR-03,Afyonkarahisar,no,LTAH,AFY,LTAH,,Europe/Istanbul
4515,LTAI,large_airport,Antalya International Airport,36.898701,30.800501,177,AS,TR,TR-07,Antalya,yes,LTAI,AYT,LTAI,,Europe/Istanbul
4516,LTAJ,large_airport,Gaziantep Oğuzeli International Airport,36.947201,37.478699,2315,AS,TR,TR-27,Gaziantep,yes,LTAJ,GZT,LTAJ,,Europe/Istanbul
30013,LTAL,medium_airport,Kastamonu Airport,41.314201,33.795799,3520,AS,TR,TR-37,Kastamonu,yes,LTAL,KFS,LTAL,,Europe/Istanbul
4518,LTAN,large_airport,Konya Airport,37.979,32.561901,3392,AS,TR,TR-42,Konya,yes,LTAN,KYA,LTAN,,Europe/Istanbul
4520,LTAP,medium_airport,Amasya Merzifon Airport,40.829399,35.521999,1758,AS,TR,TR-05,Amasya,yes,LTAP,MZH,LTAP,,Europe/Istanbul
4521,LTAR,medium_airport,Sivas Nuri Demirağ Airport,39.813801,36.9035,5239,AS,TR,TR-58,Sivas,yes,LTAR,VAS,LTAR,,Europe/Istanbul
30585,LTAS,medium_airport,Zonguldak Çaycuma Airport,41.506401,32.0886,44,AS,TR,TR-67,Zonguldak,yes,LTAS,ONQ,LTAS,,Europe/Istanbul
4522,LTAT,medium_airport,Malatya Erhaç Airport,38.435298919699996,38.0909996033,2828,AS,TR,TR-44,Malatya,yes,LTAT,MLX,LTAT,,Europe/Istanbul
4523,LTAU,large_airport,Kayseri Erkilet International Airport,38.770401,35.495399,3463,AS,TR,TR-38,Kayseri,yes,LTAU,ASR,LTAU,,Europe/Istanbul
4524,LTAV,medium_airport,Sivrihisar Airport,39.4515,31.365299,3185,AS,TR,TR-26,Sivrihisar,no,LTAV,,LTAV,,Europe/Istanbul
4525,LTAW,medium_airport,Tokat Airport,40.32472,36.39056,1859,AS,TR,TR-60,Tokat,yes,LTAW,TJK,LTAW,,Europe/Istanbul
4526,LTAY,medium_airport,Çardak Airport,37.7855987549,29.7012996674,2795,AS,TR,TR-20,Denizli,yes,LTAY,DNZ,LTAY,,Europe/Istanbul
4527,LTAZ,large_airport,Nevşehir Kapadokya Airport,38.7719,34.5345,3100,AS,TR,TR-50,Nevşehir,yes,LTAZ,NAV,LTAZ,,Europe/Istanbul
4528,LTBA,large_airport,İstanbul Atatürk Airport,40.971913,28.823714,163,EU,TR,TR-34,Istanbul(Bakırköy),no,LTBA,ISL,LTBA,,Europe/Istanbul
4529,LTBF,medium_airport,Balıkesir Airport,39.619301,27.926001,340,AS,TR,TR-10,Balıkesir,yes,LTBF,BZI,LTBF,,Europe/Istanbul
4530,LTBG,medium_airport,Bandırma Airport,40.318001,27.977699,170,AS,TR,TR-10,Bandırma,no,LTBG,BDM,LTBG,,Europe/Istanbul
4531,LTBH,medium_airport,Çanakkale Airport,40.1376991272,26.4267997742,23,AS,TR,TR-17,Çanakkale,yes,LTBH,CKZ,LTBH,,Europe/Istanbul
4532,LTBI,medium_airport,Eskişehir Air Base,39.7841,30.5821,2581,AS,TR,TR-26,Eskişehir,no,LTBI,ESK,LTBI,,Europe/Istanbul
4533,LTBJ,large_airport,Adnan Menderes International Airport,38.2924,27.157,412,AS,TR,TR-35,Gaziemir,yes,LTBJ,ADB,LTBJ,,Europe/Istanbul
4535,LTBL,medium_airport,Çiğli Airbase,38.513,27.010099,16,AS,TR,TR-35,Çiğli,no,,IGL,LTBL,,Europe/Istanbul
4537,LTBN,medium_airport,Kütahya Airport,39.426701,30.016899,3026,AS,TR,TR-43,Kütahya,no,LTBN,,LTBN,,Europe/Istanbul
4538,LTBO,medium_airport,Uşak Airport,38.681499,29.471701,2897,AS,TR,TR-64,Uşak,no,LTBO,USQ,LTBO,,Europe/Istanbul
4540,LTBQ,medium_airport,Cengiz Topel Airport,40.735001,30.0833,182,AS,TR,TR-41,Kartepe,no,LTBQ,KCO,LTBQ,,Europe/Istanbul
4541,LTBR,medium_airport,Bursa Yenişehir Airport,40.255199,29.562599,764,AS,TR,TR-16,Yenişehir,yes,LTBR,YEI,LTBR,,Europe/Istanbul
4542,LTBS,large_airport,Dalaman International Airport,36.7131,28.7925,20,AS,TR,TR-48,Dalaman,yes,LTBS,DLM,LTBS,,Europe/Istanbul
4543,LTBT,medium_airport,Akhisar Airport / Akhisar Air Base,38.808899,27.8339,263,AS,TR,TR-45,Akhisar,no,LTBT,,LTBT,,Europe/Istanbul
4544,LTBU,medium_airport,Tekirdağ Çorlu Airport,41.138199,27.9191,574,EU,TR,TR-59,Çorlu,yes,LTBU,TEQ,LTBU,,Europe/Istanbul
4546,LTBX,medium_airport,İstanbul Samandıra Army Air Base,40.993,29.216499,400,AS,TR,TR-34,"Ümraniye, Istanbul",no,,,LTBX,,Europe/Istanbul
4547,LTBY,large_airport,Hasan Polatkan Airport,39.811644,30.519268,2588,AS,TR,TR-26,Eskişehir,yes,LTBY,AOE,LTBY,,Europe/Istanbul
44490,LTBZ,medium_airport,Zafer Airport,39.111107,30.130405,3327,AS,TR,TR-43,Altıntaş,yes,LTBZ,KZR,LTBZ,,Europe/Istanbul
4548,LTCA,medium_airport,Elazığ Airport,38.597974,39.28348,2927,AS,TR,TR-23,Elazığ,yes,LTCA,EZS,LTCA,,Europe/Istanbul
44789,LTCB,medium_airport,Ordu–Giresun Airport,40.966872,38.085995,11,AS,TR,TR-52,Ordu,yes,LTCB,OGU,LTCB,OGU,Europe/Istanbul
4549,LTCC,medium_airport,Diyarbakır Airport,37.893902,40.201,2251,AS,TR,TR-21,Diyarbakır,yes,LTCC,DIY,LTCC,,Europe/Istanbul
4550,LTCD,medium_airport,Erzincan Airport,39.7102012634,39.527000427199994,3783,AS,TR,TR-24,Erzincan,yes,LTCD,ERC,LTCD,,Europe/Istanbul
4551,LTCE,medium_airport,Erzurum International Airport,39.956501,41.1702,5763,AS,TR,TR-25,Erzurum,yes,LTCE,ERZ,LTCE,,Europe/Istanbul
4552,LTCF,medium_airport,Kars Airport,40.562198638916016,43.1150016784668,5889,AS,TR,TR-36,Kars,yes,LTCF,KSY,LTCF,,Europe/Istanbul
4553,LTCG,medium_airport,Trabzon International Airport,40.995098,39.7897,104,AS,TR,TR-61,Trabzon,yes,LTCG,TZX,LTCG,,Europe/Istanbul
4555,LTCI,medium_airport,Van Ferit Melen Airport,38.46820068359375,43.332298278808594,5480,AS,TR,TR-65,Van,yes,LTCI,VAN,LTCI,,Europe/Istanbul
4556,LTCJ,medium_airport,Batman Airport,37.929001,41.1166,1822,AS,TR,TR-72,Batman,yes,LTCJ,BAL,LTCJ,,Europe/Istanbul
4557,LTCK,medium_airport,Muş Airport,38.747798919677734,41.66120147705078,4157,AS,TR,TR-49,Muş,yes,LTCK,MSR,LTCK,,Europe/Istanbul
4558,LTCL,medium_airport,Siirt Airport,37.97890090942383,41.84040069580078,2001,AS,TR,TR-56,Siirt,no,LTCL,SXZ,LTCL,,Europe/Istanbul
30418,LTCM,medium_airport,Sinop Airport,42.018313,35.071774,20,AS,TR,TR-57,Sinop,yes,LTCM,NOP,LTCM,,Europe/Istanbul
4559,LTCN,medium_airport,Kahramanmaraş Airport,37.5388259888,36.9535217285,1723,AS,TR,TR-46,Kahramanmaraş,yes,LTCN,KCM,LTCN,,Europe/Istanbul
4560,LTCO,medium_airport,Ağrı Airport,39.655642,43.025742,5462,AS,TR,TR-04,Ağrı,yes,LTCO,AJI,LTCO,,Europe/Istanbul
4561,LTCP,medium_airport,Adıyaman Airport,37.7314,38.468899,2216,AS,TR,TR-02,Adıyaman,yes,LTCP,ADF,LTCP,,Europe/Istanbul
4562,LTCR,medium_airport,Mardin Airport,37.223300933800004,40.6316986084,1729,AS,TR,TR-47,Mardin,yes,LTCR,MQM,LTCR,,Europe/Istanbul
44491,LTCS,large_airport,Şanlıurfa GAP Airport,37.445663,38.895592,2708,AS,TR,TR-63,Şanlıurfa,yes,LTCS,GNY,LTCS,,Europe/Istanbul
44790,LTCT,medium_airport,Iğdır Airport,39.976627,43.876648,3101,AS,TR,TR-76,Iğdır,yes,LTCT,IGD,LTCT,,Europe/Istanbul
44781,LTCU,medium_airport,Bingöl Airport,38.860131,40.594489,3506,AS,TR,TR-12,Bingöl,yes,LTCU,BGG,LTCU,,Europe/Istanbul
316546,LTCV,medium_airport,Şırnak Şerafettin Elçi Airport,37.3647,42.0582,2038,AS,TR,TR-73,Şırnak,yes,LTCV,NKT,LTCV,,
317863,LTCW,medium_airport,Hakkari Yüksekova Airport,37.5497,44.2381,6400,AS,TR,TR-30,Hakkari,yes,LTCW,YKO,LTCW,,Europe/Istanbul
44484,LTDA,medium_airport,Hatay Airport,36.36079,36.285589,269,AS,TR,TR-31,Antakya,yes,LTDA,HTY,LTDA,,Europe/Istanbul
324731,LTDB,large_airport,Çukurova International Airport,36.891478,35.071235,35,AS,TR,TR-33,Tarsus,yes,LTDB,COV,LTDB,,Europe/Istanbul
4565,LTFC,medium_airport,Süleyman Demirel International Airport,37.8554,30.368401,2835,AS,TR,TR-32,Isparta,yes,LTFC,ISE,LTFC,,Europe/Istanbul
4566,LTFD,large_airport,Balıkesir Koca Seyit Airport,39.552533,27.010192,50,AS,TR,TR-10,Edremit,yes,LTFD,EDO,LTFD,,Europe/Istanbul
4567,LTFE,large_airport,Milas Bodrum International Airport,37.249314,27.66401,21,AS,TR,TR-48,Bodrum,yes,LTFE,BJV,LTFE,,Europe/Istanbul
44487,LTFG,medium_airport,Gazipaşa-Alanya Airport,36.298832,32.297017,92,AS,TR,TR-07,Gazipaşa,yes,LTFG,GZP,LTFG,,Europe/Istanbul
4568,LTFH,medium_airport,Samsun-Çarşamba Airport,41.253988,36.567546,18,AS,TR,TR-55,Samsun,yes,LTFH,SZF,LTFH,,Europe/Istanbul
4569,LTFJ,large_airport,Istanbul Sabiha Gökçen International Airport,40.898602,29.3092,312,AS,TR,TR-34,"Pendik, Istanbul",yes,LTFJ,SAW,LTFJ,,Europe/Istanbul
317457,LTFM,large_airport,İstanbul Airport,41.274874,28.732136,325,EU,TR,TR-34,Istanbul,yes,LTFM,IST,LTFM,,Europe/Istanbul
316329,LTFO,medium_airport,Rize–Artvin Airport,41.179766,40.848802,16,AS,TR,TR-53,Rize,yes,LTFO,RZV,LTFO,,Europe/Istanbul
4570,LUBL,medium_airport,Bălți-Leadoveni International Airport,47.837666,27.781108,758,EU,MD,MD-RS,Bălți,no,LUBL,BZY,LUBL,,Europe/Chisinau
4630,LUBM,medium_airport,Mărculești Air Base,47.862701,28.212799,312,EU,MD,MD-FR,Mărculeşti,no,LUBM,,LUBM,,Europe/Chisinau
44412,LUCH,medium_airport,Cahul International Airport,45.8438,28.2637,652,EU,MD,MD-CH,Cahul,no,LUCH,,LUCH,,Europe/Chisinau
4571,LUKK,large_airport,Chişinău International Airport,46.92774,28.931704,399,EU,MD,MD-CU,Chişinău,yes,LUKK,RMO,LUKK,,Europe/Chisinau
31864,LUTR,medium_airport,Tiraspol Airfield,46.868099,29.590599,141,EU,MD,MD-SN,Tiraspol,no,LUTR,,LUTR,,Europe/Chisinau
4572,LWOH,large_airport,Ohrid St. Paul the Apostle Airport,41.18,20.7423,2313,EU,MK,MK-003,Ohrid,yes,LWOH,OHD,LWOH,,Europe/Skopje
4573,LWSK,large_airport,Skopje International Airport,41.958087,21.622581,781,EU,MK,MK-008,Ilinden,yes,LWSK,SKP,LWSK,,Europe/Skopje
4574,LXGB,large_airport,Gibraltar Airport,36.151679,-5.34978,12,EU,GI,GI-U-A,Gibraltar,yes,LXGB,GIB,LXGB,,Europe/Gibraltar
30688,LY-BCQ,medium_airport,Brak Airport,27.653,14.272,1056,AF,LY,LY-SH,Brak,no,,BCQ,,,
4610,LYBE,large_airport,Belgrade Nikola Tesla Airport,44.818401,20.309099,335,EU,RS,RS-00,Belgrade,yes,LYBE,BEG,LYBE,,Europe/Belgrade
4611,LYBT,medium_airport,Batajnica Air Base,44.935299,20.2575,265,EU,RS,RS-00,Zemun,no,LYBT,BJY,LYBT,,Europe/Belgrade
31872,LYKV,medium_airport,Morava Airport,43.817519,20.586662,686,EU,RS,RS-18,Kraljevo,yes,LYKV,KVO,LYKV,,Europe/Belgrade
4612,LYNI,large_airport,Niš Constantine the Great Airport,43.336538,21.856242,648,EU,RS,RS-20,Niš,yes,LYNI,INI,LYNI,,Europe/Belgrade
4613,LYPG,large_airport,Podgorica Airport / Podgorica Golubovci Airbase,42.359402,19.2519,141,EU,ME,ME-16,Podgorica,yes,LYPG,TGD,LYPG,,Europe/Podgorica
4615,LYTV,medium_airport,Tivat Airport,42.404701,18.723301,20,EU,ME,ME-19,Tivat,yes,LYTV,TIV,LYTV,,Europe/Podgorica
1649,LYUZ,medium_airport,Ponikve Airport,43.898899,19.697701,2966,EU,RS,RS-16,Stapari,no,LYUZ,UZC,LYUZ,,Europe/Belgrade
354840,LZG,medium_airport,Langzhong Gucheng Airport,31.50191,106.034417,1444,AS,CN,CN-51,Nanchong (Langzhong),yes,ZULA,LZG,ZULA,,Asia/Shanghai
4617,LZIB,large_airport,M. R. Štefánik Airport,48.1702,17.2127,436,EU,SK,SK-BL,Bratislava,yes,LZIB,BTS,LZIB,,Europe/Bratislava
4618,LZKZ,medium_airport,Košice International Airport,48.663101,21.2411,755,EU,SK,SK-KI,Košice,yes,LZKZ,KSC,LZKZ,,Europe/Bratislava
4619,LZMC,medium_airport,Malacky/Kuchyňa Air Base,48.402,17.118401,679,EU,SK,SK-BL,Kuchyňa,no,LZMC,,,,Europe/Bratislava
4620,LZPP,medium_airport,Piešťany Airport,48.62519836425781,17.828399658203125,545,EU,SK,SK-TA,Piešťany,no,LZPP,PZY,LZPP,,Europe/Bratislava
4621,LZSL,medium_airport,Sliač Airport,48.63779830932617,19.13409996032715,1043,EU,SK,SK-BC,Sliač,yes,LZSL,SLD,LZSL,,Europe/Bratislava
4623,LZTT,medium_airport,Poprad-Tatry Airport,49.070994,20.241394,2356,EU,SK,SK-PV,Poprad,yes,LZTT,TAT,LZTT,,Europe/Bratislava
4624,LZZI,medium_airport,Žilina-Dolný Hričov Airport,49.233292,18.613386,1020,EU,SK,SK-ZI,Dolný Hričov,no,LZZI,ILZ,LZZI,,Europe/Bratislava
356161,MA-0003,medium_airport,Mahbes Airbase,27.726982,-9.237865,1623,AF,EH,EH-U-A,,no,,,GMAR,,
4626,MBGT,medium_airport,JAGS McCartney International Airport,21.4445,-71.142303,13,NA,TC,TC-GT,Cockburn Town,yes,MBGT,GDT,MBGT,,America/Grand_Turk
4627,MBNC,medium_airport,North Caicos Airport,21.916094,-71.942954,10,NA,TC,TC-NC,North Caicos,yes,MBNC,NCA,MBNC,,America/Grand_Turk
4628,MBPV,large_airport,Providenciales International Airport,21.773697,-72.268321,15,NA,TC,TC-PR,Providenciales,yes,MBPV,PLS,MBPV,,America/Grand_Turk
4629,MBSC,medium_airport,South Caicos Airport,21.515699,-71.528503,6,NA,TC,TC-SC,South Caicos,yes,MBSC,XSC,MBSC,,America/Grand_Turk
32325,MBSY,small_airport,Salt Cay Airport,21.333000183099998,-71.1999969482,3,NA,TC,TC-SL,Salt Cay,yes,MBSY,SLX,MBSY,,America/Grand_Turk
4632,MDBH,medium_airport,Maria Montez International Airport,18.25149917602539,-71.12039947509766,10,NA,DO,DO-04,Barahona,yes,MDBH,BRX,MDBH,,America/Santo_Domingo
4633,MDCR,medium_airport,Cabo Rojo Airport,17.929000854492188,-71.6447982788086,262,NA,DO,DO-16,Cabo Rojo,no,MDCR,CBJ,MDCR,,America/Santo_Domingo
30673,MDCY,medium_airport,Samaná El Catey International Airport,19.269259,-69.737405,30,NA,DO,DO-20,Samana,yes,MDCY,AZS,MDCY,,America/Santo_Domingo
4634,MDJB,medium_airport,La Isabela International Airport,18.572500228881836,-69.98560333251953,98,NA,DO,DO-01,La Isabela,yes,MDJB,JBQ,MDJB,,America/Santo_Domingo
4635,MDLR,large_airport,Casa De Campo International Airport,18.452222,-68.911111,213,NA,DO,DO-12,La Romana,yes,MDLR,LRM,MDLR,,America/Santo_Domingo
4636,MDPC,large_airport,Punta Cana International Airport,18.567093,-68.364558,47,NA,DO,DO-11,Punta Cana,yes,MDPC,PUJ,MDPC,,America/Santo_Domingo
4637,MDPP,medium_airport,Gregorio Luperon International Airport,19.7579,-70.57,15,NA,DO,DO-18,Puerto Plata,yes,MDPP,POP,MDPP,,America/Santo_Domingo
4638,MDSD,large_airport,Las Américas International Airport,18.42970085144,-69.668899536133,59,NA,DO,DO-01,Santo Domingo,yes,MDSD,SDQ,MDSD,,America/Santo_Domingo
4639,MDSI,medium_airport,San Isidro Air Base,18.503700256347656,-69.76170349121094,111,NA,DO,DO-01,San Isidro,no,,,MDSI,,America/Santo_Domingo
4640,MDST,large_airport,Cibao International Airport,19.40406,-70.604431,565,NA,DO,DO-25,Santiago,yes,MDST,STI,MDST,,America/Santo_Domingo
4643,MGCB,medium_airport,Coban Airport,15.469,-90.4067,4339,NA,GT,GT-AV,Coban,no,MGCB,CBV,MGCB,,America/Guatemala
4644,MGGT,large_airport,La Aurora International Airport,14.582896,-90.527515,4952,NA,GT,GT-GU,Guatemala City,yes,MGGT,GUA,MGGT,,America/Guatemala
42226,MGHT,small_airport,Huehuetenango Airport,15.316667,-91.505556,6135,NA,GT,GT-HU,Huehuetenango,yes,MGHT,HUG,MGHT,,America/Guatemala
4645,MGPB,medium_airport,Puerto Barrios Airport,15.7309,-88.583801,33,NA,GT,GT-IZ,Puerto Barrios,yes,MGPB,PBR,MGPB,,America/Guatemala
30610,MGQZ,small_airport,Quezaltenango Airport,14.8656,-91.501999,7779,NA,GT,GT-QZ,Quezaltenango,yes,MGQZ,AAZ,MGQZ,,America/Guatemala
4646,MGRB,medium_airport,Rubelsanto Airport,15.992,-90.445297,426,NA,GT,GT-AV,Rubelsanto,no,MGRB,RUV,MGRB,,America/Guatemala
4647,MGRT,medium_airport,Retalhuleu Airport,14.521431,-91.697001,656,NA,GT,GT-RE,Retalhuleu,yes,MGRT,RER,MGRT,,America/Guatemala
4648,MGSJ,medium_airport,San José Airport,13.9362,-90.8358,29,NA,GT,GT-ES,Puerto San José,no,MGSJ,GSJ,MGSJ,,America/Guatemala
4649,MGTK,medium_airport,Mundo Maya International Airport,16.913707,-89.866143,427,NA,GT,GT-PE,San Benito,yes,MGMM,FRS,MGMM,,America/Belize
32529,MH-0004,small_airport,Ujae Atoll Airport,8.92806,165.761993,29,OC,MH,MH-UJA,Ujae Atoll,yes,,UJE,,,Pacific/Majuro
30661,MH-AUL,small_airport,Aur Island Airport,8.14528,171.173004,,OC,MH,MH-AUR,Aur Atoll,yes,,AUL,,,
35203,MH-JEJ,small_airport,Jeh Airport,7.565350055690001,168.962005615,10,OC,MH,MH-ALL,Ailinglapalap Atoll,yes,,JEJ,,JEJ,
35204,MH-LIK,small_airport,Likiep Airport,9.82316,169.307999,,OC,MH,MH-LIK,Likiep Island,yes,,LIK,,,
35205,MH-MJE,small_airport,Majkin Airport,8.163362,168.173862,24,OC,MH,MH-NMU,Majkin,yes,,MJE,,,
32218,MH-RNP,small_airport,Rongelap Island Airport,11.1572,166.886993,,OC,MH,MH-RON,Rongelap Island,yes,,RNP,,,
32527,MH-UIT,small_airport,Jaluit Airport,5.909213,169.637256,4,OC,MH,MH-JAL,Jabor Jaluit Atoll,yes,,UIT,N55,N55,
32680,MH-WTE,small_airport,Wotje Airport,9.458333,170.238611,4,OC,MH,MH-WTJ,Wotje,yes,,WTE,N36,N36,
32681,MH-WTO,small_airport,Wotho Island Airport,10.1733,166.003006,,OC,MH,MH-WTN,Wotho Island,yes,,WTO,,,
4660,MHLC,medium_airport,Golosón International Airport,15.7425,-86.852997,39,NA,HN,HN-AT,La Ceiba,yes,MHLC,LCE,MHLC,,America/Tegucigalpa
4661,MHLM,large_airport,Ramón Villeda Morales International Airport,15.4526,-87.923599,91,NA,HN,HN-CR,San Pedro Sula,yes,MHLM,SAP,MHLM,,America/Tegucigalpa
4662,MHNJ,medium_airport,La Laguna Airport,16.4454,-85.906601,49,NA,HN,HN-IB,Guanaja,yes,MHNJ,GJA,MHNJ,,America/Tegucigalpa
32153,MHPL,small_airport,Puerto Lempira Airport,15.2622,-83.781197,33,NA,HN,HN-GD,Puerto Lempira,yes,MHPL,PEU,MHPL,,America/Tegucigalpa
4663,MHRO,large_airport,Juan Manuel Gálvez International Airport,16.316799,-86.523003,39,NA,HN,HN-IB,Coxen Hole,yes,MHRO,RTB,MHRO,,America/Tegucigalpa
4664,MHSC,large_airport,Palmerola International Airport,14.3824,-87.621201,2061,NA,HN,HN-CM,Palmerola,yes,MHPR,XPL,MHPR,,America/Tegucigalpa
4665,MHTE,medium_airport,Tela Airport,15.7759,-87.4758,7,NA,HN,HN-AT,Tela,no,MHTE,TEA,MHTE,,America/Tegucigalpa
4666,MHTG,medium_airport,Toncontín Airport,14.0609,-87.217201,3294,NA,HN,HN-FM,Tegucigalpa,yes,MHTG,TGU,MHTG,,America/Tegucigalpa
4667,MHTJ,medium_airport,Trujillo Airport,15.926599,-85.938573,3,NA,HN,HN-CL,Trujillo,no,MHTJ,TJI,MHTJ,,America/Tegucigalpa
32522,MHUT,small_airport,Utila Airport,16.1131,-86.880302,29,NA,HN,HN-IB,Utila Island,yes,MHUT,UII,MHUT,,America/Tegucigalpa
4679,MKBS,medium_airport,Ian Fleming International Airport,18.404079,-76.969754,90,NA,JM,JM-05,Boscobel,yes,MKBS,OCJ,MKBS,,America/Jamaica
4680,MKJP,large_airport,Norman Manley International Airport,17.935699462890625,-76.7874984741211,10,NA,JM,JM-01,Kingston,yes,MKJP,KIN,MKJP,,America/Jamaica
4681,MKJS,large_airport,Sangster International Airport,18.50342,-77.91323,4,NA,JM,JM-08,Montego Bay,yes,MKJS,MBJ,MKJS,,America/Jamaica
4682,MKKJ,medium_airport,Ken Jones Airport,18.1987991333,-76.53450012210001,20,NA,JM,JM-04,Ken Jones,no,MKKJ,POT,MKKJ,,America/Jamaica
4683,MKTP,medium_airport,Tinson Pen Airport,17.98859977722168,-76.82379913330078,16,NA,JM,JM-02,Tinson Pen,yes,MKTP,KTP,MKTP,,America/Jamaica
31910,MLIP,small_airport,Mili Island Airport,6.084754,171.731419,4,OC,MH,MH-MIL,Mili Island,yes,,MIJ,1Q9,1Q9,Pacific/Majuro
4864,MM10,small_airport,Isla Cedros Airport,28.039031,-115.189419,98,NA,MX,MX-BCN,Cedros Island,yes,MMCD,,MMCD,ICD,America/Tijuana
4897,MM52,small_airport,Camaguey-Campo Cuatro Milpas Airport,25.652200698853,-108.53800201416,92,NA,MX,MX-SIN,Guasave,yes,,,,CMG,
4688,MMAA,large_airport,General Juan N. Álvarez International Airport,16.757126,-99.753113,16,NA,MX,MX-GRO,Acapulco,yes,MMAA,ACA,MMAA,,America/Mexico_City
4690,MMAN,medium_airport,Del Norte International Airport,25.865601,-100.237,1476,NA,MX,MX-NLE,Monterrey,no,MMAN,NTR,MMAN,ADN,America/Monterrey
4691,MMAS,large_airport,Aguascalientes International Airport,21.699589,-102.318372,6112,NA,MX,MX-AGU,Aguascalientes,yes,MMAS,AGU,MMAS,,America/Mexico_City
4692,MMBT,large_airport,Bahías de Huatulco International Airport,15.775437,-96.260456,464,NA,MX,MX-OAX,Huatulco,yes,MMBT,HUX,MMBT,HU1,America/Mexico_City
4693,MMCB,medium_airport,General Mariano Matamoros International Airport,18.833922,-99.261818,4277,NA,MX,MX-MOR,Temixco,no,MMCB,CVJ,MMCB,,America/Mexico_City
43060,MMCC,medium_airport,Ciudad Acuña International Airport,29.333662,-101.100555,1410,NA,MX,MX-COA,Ciudad Acuña,no,MMCC,ACN,MMCC,EFN,America/Matamoros
4694,MMCE,medium_airport,Ciudad del Carmen International Airport,18.651516,-91.799355,10,NA,MX,MX-CAM,Ciudad del Carmen,yes,MMCE,CME,MMCE,,America/Merida
4697,MMCL,large_airport,Bachigualato Federal International Airport,24.76504,-107.475228,108,NA,MX,MX-SIN,Culiacán,yes,MMCL,CUL,MMCL,,America/Mazatlan
4698,MMCM,medium_airport,Chetumal International Airport,18.504985,-88.328018,39,NA,MX,MX-ROO,Chetumal,yes,MMCM,CTM,MMCM,,America/Cancun
4699,MMCN,medium_airport,Ciudad Obregón International Airport,27.39259910583496,-109.83300018310547,243,NA,MX,MX-SON,Ciudad Obregón,yes,MMCN,CEN,MMCN,,America/Hermosillo
4700,MMCP,medium_airport,Ingeniero Alberto Acuña Ongay International Airport,19.815969,-90.500125,34,NA,MX,MX-CAM,Campeche,yes,MMCP,CPE,MMCP,,America/Merida
4701,MMCS,large_airport,Abraham González International Airport,31.636673,-106.428533,3904,NA,MX,MX-CHH,Ciudad Juárez,yes,MMCS,CJS,MMCS,,America/Ciudad_Juarez
4703,MMCU,large_airport,General Roberto Fierro Villalobos International Airport,28.702649,-105.963764,4462,NA,MX,MX-CHH,Chihuahua,yes,MMCU,CUU,MMCU,,America/Chihuahua
4704,MMCV,medium_airport,General Pedro Jose Mendez International Airport,23.7033,-98.956497,761,NA,MX,MX-TAM,Ciudad Victoria,yes,MMCV,CVM,MMCV,,America/Monterrey
4705,MMCY,medium_airport,Captain Rogelio Castillo National Airport,20.545998,-100.886539,5709,NA,MX,MX-GUA,Celaya,no,MMCY,CYW,MMCY,CYA,America/Mexico_City
4706,MMCZ,large_airport,Cozumel International Airport,20.514922,-86.928538,15,NA,MX,MX-ROO,Cozumel,yes,MMCZ,CZM,MMCZ,,America/Cancun
30860,MMDA,small_airport,Ciudad Constitución National Airport,25.053801,-111.614998,213,NA,MX,MX-BCS,Comondú,yes,MMDA,CUA,MMDA,CCB,America/Mazatlan
4707,MMDO,medium_airport,General Guadalupe Victoria International Airport,24.125468,-104.527938,6104,NA,MX,MX-DUR,Durango,yes,MMDO,DGO,MMDO,,America/Monterrey
4708,MMEP,medium_airport,Amado Nervo National Airport,21.419833,-104.842472,3020,NA,MX,MX-NAY,Tepic,yes,MMEP,TPQ,MMEP,TNY,America/Mazatlan
4709,MMES,medium_airport,Ensenada International Airport / El Ciprés Air Base,31.794516,-116.602384,66,NA,MX,MX-BCN,Ensenada,no,MMES,ESE,MMES,ENS,America/Tijuana
4710,MMGL,large_airport,Guadalajara International Airport,20.523342,-103.310108,5016,NA,MX,MX-JAL,Guadalajara,yes,MMGL,GDL,MMGL,GDL,America/Mexico_City
4711,MMGM,medium_airport,General José María Yáñez International Airport,27.9689998626709,-110.92500305175781,59,NA,MX,MX-SON,Guaymas,yes,MMGM,GYM,MMGM,,America/Hermosillo
31554,MMGR,small_airport,Guerrero Negro Airport,28.0261,-114.024002,59,NA,MX,MX-BCN,San Quintín,yes,MMGR,GUB,MMGR,GRN,America/Mazatlan
4713,MMHO,large_airport,General Ignacio L. Pesqueira International Airport,29.092811,-111.053015,627,NA,MX,MX-SON,Hermosillo,yes,MMHO,HMO,MMHO,,America/Hermosillo
4714,MMIA,medium_airport,Licenciado Miguel de la Madrid International Airport,19.277,-103.577002,2467,NA,MX,MX-COL,Colima,yes,MMIA,CLQ,MMIA,COL,America/Mexico_City
4716,MMIO,medium_airport,Plan de Guadalupe International Airport,25.53786,-100.928346,4778,NA,MX,MX-COA,Saltillo,yes,MMIO,SLW,MMIO,,America/Monterrey
4717,MMIT,medium_airport,General Antonio Cárdenas Rodríguez National Airport / Ixtepec Air Base,16.445961,-95.093708,164,NA,MX,MX-OAX,Ixtepec,yes,MMIT,IZT,MMIT,,America/Mexico_City
4718,MMJA,medium_airport,El Lencero Airport,19.475107,-96.797008,3127,NA,MX,MX-VER,Emiliano Zapata,no,MMJA,JAL,MMJA,,America/Mexico_City
4720,MMLC,medium_airport,Lázaro Cárdenas Airport,18.001672,-102.220316,39,NA,MX,MX-MIC,Lázaro Cárdenas,no,MMLC,LZC,MMLC,,America/Mexico_City
4721,MMLM,medium_airport,Valle del Fuerte International Airport,25.685503,-109.081159,16,NA,MX,MX-SIN,Los Mochis,yes,MMLM,LMM,MMLM,,America/Mazatlan
4722,MMLO,large_airport,Guanajuato International Airport,20.992695,-101.480284,5956,NA,MX,MX-GUA,Silao,yes,MMLO,BJX,MMLO,BJ1,America/Mexico_City
4723,MMLP,medium_airport,Manuel Márquez de León International Airport,24.072331,-110.362662,69,NA,MX,MX-BCS,La Paz,yes,MMLP,LAP,MMLP,,America/Mazatlan
4724,MMLT,large_airport,Loreto International Airport,25.989549,-111.348408,34,NA,MX,MX-BCS,Loreto,yes,MMLT,LTO,MMLT,,America/Mazatlan
4725,MMMA,medium_airport,General Servando Canales International Airport,25.7698993683,-97.5252990723,25,NA,MX,MX-TAM,Matamoros,yes,MMMA,MAM,MMMA,,America/Matamoros
4726,MMMD,large_airport,Manuel Crescencio Rejón International Airport,20.930485,-89.645462,38,NA,MX,MX-YUC,Mérida,yes,MMMD,MID,MMMD,,America/Merida
4727,MMML,medium_airport,General Rodolfo Sánchez Taboada International Airport,32.630629,-115.242805,74,NA,MX,MX-BCN,Mexicali,yes,MMML,MXL,MMML,M1L,America/Tijuana
4728,MMMM,large_airport,General Francisco J. Mujica International Airport,19.849899,-101.025002,6033,NA,MX,MX-MIC,Morelia,yes,MMMM,MLM,MMMM,,America/Mexico_City
4729,MMMT,medium_airport,Minatitlán/Coatzacoalcos International Airport,18.103399,-94.580704,36,NA,MX,MX-VER,Cosoleacaque,yes,MMMT,MTT,MMMT,,America/Mexico_City
4730,MMMV,medium_airport,Monclova International Airport,26.9557,-101.470001,1864,NA,MX,MX-COA,Monclova,no,MMMV,LOV,MMMV,MOV,America/Monterrey
4731,MMMX,large_airport,Mexico City Benito Juárez International Airport,19.435822,-99.07033,7316,NA,MX,MX-DIF,Mexico City,yes,MMMX,MEX,MMMX,ME1,America/Mexico_City
4732,MMMY,large_airport,Monterrey International Airport,25.778521,-100.106989,1278,NA,MX,MX-NLE,Monterrey,yes,MMMY,MTY,MMMY,,America/Monterrey
4733,MMMZ,large_airport,General Rafael Buelna International Airport,23.162823,-106.264517,38,NA,MX,MX-SIN,Mazatlàn,yes,MMMZ,MZT,MMMZ,,America/Mazatlan
4734,MMNG,medium_airport,Nogales International Airport,31.225756,-110.976934,3990,NA,MX,MX-SON,Nogales,no,MMNG,NOG,MMNG,,America/Hermosillo
4735,MMNL,medium_airport,Quetzalcóatl International Airport,27.443899,-99.570503,484,NA,MX,MX-TAM,Nuevo Laredo,yes,MMNL,NLD,MMNL,,America/Matamoros
4736,MMOX,large_airport,Xoxocotlán International Airport,16.998773,-96.726092,4989,NA,MX,MX-OAX,Oaxaca,yes,MMOX,OAX,MMOX,,America/Mexico_City
4737,MMPA,medium_airport,El Tajín National Airport,20.6026992798,-97.46080017090001,497,NA,MX,MX-VER,Poza Rica,yes,MMPA,PAZ,MMPA,,America/Mexico_City
4738,MMPB,large_airport,Hermanos Serdán International Airport,19.158465,-98.371582,7361,NA,MX,MX-PUE,Puebla,yes,MMPB,PBC,MMPB,,America/Mexico_City
45229,MMPE,small_airport,Mar de Cortés International Airport,31.351987,-113.305177,71,NA,MX,MX-SON,Puerto Peñasco,yes,MMPE,PPE,MMPE,AMC,America/Hermosillo
4741,MMPG,medium_airport,Piedras Negras International Airport,28.627873,-100.53524,901,NA,MX,MX-COA,Piedras Negras,yes,MMPG,PDS,MMPG,PNG,America/Matamoros
4742,MMPN,medium_airport,Uruapan - Licenciado y General Ignacio Lopez Rayon International Airport,19.3967,-102.039001,5258,NA,MX,MX-MIC,Uruapan,yes,MMPN,UPN,MMPN,,America/Mexico_City
4745,MMPR,large_airport,Puerto Vallarta International Airport,20.679913,-105.254391,23,NA,MX,MX-JAL,Puerto Vallarta,yes,MMPR,PVR,MMPR,,America/Bahia_Banderas
4746,MMPS,medium_airport,Puerto Escondido International Airport,15.876808,-97.0891,294,NA,MX,MX-OAX,Puerto Escondido,yes,MMPS,PXM,MMPS,P1M,America/Mexico_City
4747,MMQT,large_airport,Querétaro Intercontinental Airport,20.618779,-100.186449,6296,NA,MX,MX-QUE,Querétaro,yes,MMQT,QRO,MMQT,QET,America/Mexico_City
4748,MMRX,medium_airport,General Lucio Blanco International Airport,26.0089,-98.2285,139,NA,MX,MX-TAM,Reynosa,yes,MMRX,REX,MMRX,REI,America/Matamoros
4750,MMSD,large_airport,Los Cabos International Airport,23.151919,-109.720731,374,NA,MX,MX-BCS,San José del Cabo,yes,MMSD,SJD,MMSD,,America/Mazatlan
4869,MMSL,medium_airport,Cabo San Lucas International Airport,22.949072,-109.939479,459,NA,MX,MX-BCS,Cabo San Lucas,yes,MMSL,CSW,MMSL,CSL,America/Mazatlan
31923,MMSM,large_airport,Felipe Ángeles International Airport,19.743824,-99.01507,7369,NA,MX,MX-MEX,Mexico City,yes,MMSM,NLU,MMSM,SLM,America/Mexico_City
4752,MMSP,medium_airport,Ponciano Arriaga International Airport,22.262026,-100.935692,6035,NA,MX,MX-SLP,San Luis Potosí,yes,MMSP,SLP,MMSP,,America/Mexico_City
4754,MMTB,medium_airport,Terán Air Base,16.739901,-93.173301,1909,NA,MX,MX-CHP,Tuxtla Gutiérrez,no,MMTB,,MMTB,TGM,America/Mexico_City
4755,MMTC,medium_airport,Francisco Sarabia Tinoco International Airport,25.562265,-103.404608,3688,NA,MX,MX-COA,Torreón,yes,MMTC,TRC,MMTC,,America/Monterrey
43048,MMTG,medium_airport,Angel Albino Corzo International Airport,16.561611,-93.025731,1499,NA,MX,MX-CHP,Tuxtla Gutiérrez,yes,MMTG,TGZ,MMTG,TGZ,America/Mexico_City
4757,MMTJ,large_airport,General Abelardo L. Rodriguez International Airport,32.541043,-116.969976,489,NA,MX,MX-BCN,Tijuana,yes,MMTJ,TIJ,MMTJ,,America/Los_Angeles
520012,MMTL,large_airport,Felipe Carrillo Puerto International Airport Tulum,20.172098,-87.660272,66,NA,MX,MX-ROO,Tulum,yes,MMTL,TQO,MMTL,,America/Cancun
4758,MMTM,medium_airport,General Francisco Javier Mina International Airport,22.292622,-97.867058,80,NA,MX,MX-TAM,Ciudad Madero,yes,MMTM,TAM,MMTM,,America/Monterrey
4760,MMTO,large_airport,Adolfo López Mateos International Airport,19.3369,-99.56583,8466,NA,MX,MX-MEX,Toluca,yes,MMTO,TLC,MMTO,,America/Mexico_City
4761,MMTP,medium_airport,Tapachula International Airport,14.794549,-92.369871,97,NA,MX,MX-CHP,Tapachula,yes,MMTP,TAP,MMTP,,America/Mexico_City
4762,MMUN,large_airport,Cancún International Airport,21.040817,-86.87347,22,NA,MX,MX-ROO,Cancún,yes,MMUN,CUN,MMUN,,America/Cancun
4763,MMVA,large_airport,Carlos Rovirosa Pérez International Airport,17.994283,-92.818199,46,NA,MX,MX-TAB,Villahermosa,yes,MMVA,VSA,MMVA,,America/Mexico_City
4764,MMVR,large_airport,General Heriberto Jara International Airport,19.139589,-96.188602,90,NA,MX,MX-VER,Veracruz,yes,MMVR,VER,MMVR,,America/Mexico_City
4765,MMZC,medium_airport,General Leobardo C. Ruiz International Airport,22.894942,-102.687154,7141,NA,MX,MX-ZAC,Zacatecas,yes,MMZC,ZCL,MMZC,,America/Mexico_City
4766,MMZH,large_airport,Ixtapa-Zihuatanejo International Airport,17.601771,-101.460629,26,NA,MX,MX-GRO,Ixtapa,yes,MMZH,ZIH,MMZH,,America/Mexico_City
4768,MMZO,medium_airport,Playa de Oro International Airport,19.1448,-104.558998,30,NA,MX,MX-COL,Manzanillo,yes,MMZO,ZLO,MMZO,,America/Mexico_City
507385,MN-0005,medium_airport,Shine Bulagin Hural Air Base,45.9467,109.1233,,AS,MN,MN-063,Dalanjargalan,no,,,,,
4770,MNBL,medium_airport,Bluefields Airport,11.991,-83.774101,20,NA,NI,NI-AS,Bluefields,yes,MNBL,BEF,MNBL,,America/Managua
42164,MNCI,small_airport,Corn Island Airport,12.174785,-83.059445,1,NA,NI,NI-AS,Corn Island,yes,MNCI,RNI,MNCI,,America/Managua
318055,MNLP,small_airport,Omtepe Airport,11.523616,-85.702995,200,NA,NI,NI-RI,Omtepe Island,yes,,,MNOM,,
4774,MNMG,large_airport,Augusto C. Sandino (Managua) International Airport,12.1415,-86.168198,194,NA,NI,NI-MN,Managua,yes,MNMG,MGA,MNMG,,America/Managua
4776,MNPC,medium_airport,Puerto Cabezas Airport,14.047200202941895,-83.38670349121094,52,NA,NI,NI-AN,Puerto Cabezas,yes,MNPC,PUZ,MNPC,,America/Managua
330319,MOH,small_airport,Maleo Airport,-2.201143,121.662884,12,AS,ID,ID-ST,Morowali,yes,WAFO,MOH,WAFO,MOH,
4786,MPBO,medium_airport,"Bocas del Toro ""Isla Colón"" International Airport",9.34085,-82.250801,10,NA,PA,PA-1,Isla Colón,yes,MPBO,BOC,MPBO,,America/Panama
4787,MPCE,medium_airport,Alonso Valderrama Airport,7.98784,-80.409837,33,NA,PA,PA-6,Chitré,yes,MPCE,CTD,MPCE,,America/Panama
4788,MPCH,medium_airport,Changuinola Captain Manuel Niño International Airport,9.458962,-82.515062,19,NA,PA,PA-1,Changuinola,yes,MPCH,CHX,MPCH,,America/Panama
4789,MPDA,medium_airport,Enrique Malek International Airport,8.388983,-82.436425,89,NA,PA,PA-4,David,yes,MPDA,DAV,MPDA,,America/Panama
4790,MPEJ,medium_airport,Enrique Adolfo Jimenez Airport,9.35664,-79.867401,25,NA,PA,PA-3,Colón,yes,MPEJ,ONX,MPEJ,,America/Panama
30768,MPHO,small_airport,Panamá Pacífico International Airport,8.91479,-79.599602,52,NA,PA,PA-10,Panamá City,yes,MPPA,BLB,MPPA,,America/Panama
4791,MPMG,medium_airport,Marcos A. Gelabert International Airport,8.97334,-79.555603,31,NA,PA,PA-8,Albrook,yes,MPMG,PAC,MPMG,,America/Panama
346878,MPPD,small_airport,Capt. J. Montenegro Airport,7.534801,-80.043347,148,NA,PA,PA-7,Pedasí,yes,MPPD,PDM,MPPD,,
4792,MPSA,medium_airport,Ruben Cantu Airport,8.085599899291992,-80.94529724121094,272,NA,PA,PA-9,Santiago,no,MPSA,SYP,MPSA,,America/Panama
31940,MPSM,small_airport,Scarlett Martinez International Airport,8.375880241394,-80.127899169922,105,NA,PA,PA-2,Río Hato,yes,MPSM,RIH,MPSM,,America/Panama
4793,MPTO,large_airport,Tocumen International Airport,9.07136,-79.383499,135,NA,PA,PA-8,Tocumen,yes,MPTO,PTY,MPTO,,America/Panama
41925,MRAN,medium_airport,La Fortuna Arenal Airport,10.469311,-84.579073,342,NA,CR,CR-A,La Fortuna,yes,MRAN,FON,MRAN,,America/Costa_Rica
4795,MRAO,medium_airport,Aerotortuguero Airport,10.42,-83.6095,92,NA,CR,CR-L,Roxana,yes,MRAO,,MRAO,,America/Costa_Rica
4796,MRBA,medium_airport,Buenos Aires Airport,9.163949,-83.330171,1214,NA,CR,CR-P,Punta Arenas,no,MRBA,BAI,MRBA,,America/Costa_Rica
4797,MRBC,medium_airport,Barra del Colorado Airport,10.7687,-83.585602,3,NA,CR,CR-L,Pococi,no,MRBC,BCL,MRBC,,America/Costa_Rica
4798,MRCC,medium_airport,Coto 47 Airport,8.60156,-82.968754,26,NA,CR,CR-P,Corredores,no,MRCC,OTR,MRCC,,America/Costa_Rica
4804,MRGF,medium_airport,Golfito Airport,8.65401,-83.182198,49,NA,CR,CR-P,Golfito,yes,MRGF,GLF,MRGF,,America/Costa_Rica
4805,MRGP,medium_airport,Guapiles Airport,10.2172002792,-83.79699707030001,883,NA,CR,CR-L,Pococi,no,MRGP,GPL,MRGP,,America/Costa_Rica
4806,MRLB,large_airport,Daniel Oduber Quirós International Airport,10.5933,-85.544403,270,NA,CR,CR-G,Liberia,yes,MRLB,LIR,MRLB,,America/Costa_Rica
4807,MRLC,medium_airport,Los Chiles Airport,11.0353,-84.7061,131,NA,CR,CR-A,Los Chiles,no,MRLC,LSL,MRLC,,America/Costa_Rica
4808,MRLM,medium_airport,Limón International Airport,9.95796,-83.022003,7,NA,CR,CR-L,Limón,yes,MRLM,LIO,MRLM,,America/Costa_Rica
4809,MRNS,medium_airport,Nosara Airport,9.976490020750001,-85.65299987790002,33,NA,CR,CR-G,Nicoya,yes,MRNS,NOB,MRNS,,America/Costa_Rica
4810,MROC,large_airport,Juan Santamaría International Airport,9.99386,-84.208801,3021,NA,CR,CR-A,San José (Alajuela),yes,MROC,SJO,MROC,,America/Costa_Rica
32160,MRPJ,medium_airport,Puerto Jimenez Airport,8.533329963684082,-83.30000305175781,7,NA,CR,CR-P,Puerto Jimenez,yes,MRPJ,PJM,MRPJ,,America/Costa_Rica
4812,MRPM,medium_airport,Palmar Sur Airport,8.95103,-83.468597,49,NA,CR,CR-P,Palmar Sur,no,MRPM,PMZ,MRPM,,America/Costa_Rica
4813,MRPV,medium_airport,Tobías Bolaños International Airport,9.95705,-84.139801,3287,NA,CR,CR-SJ,San Jose,yes,MRPV,SYQ,MRPV,,America/Costa_Rica
4814,MRQP,medium_airport,Quepos Managua Airport,9.44316,-84.129799,85,NA,CR,CR-P,Quepos,yes,MRQP,XQP,MRQP,,America/Costa_Rica
4817,MRUP,medium_airport,Upala Airport,10.8922,-85.016197,184,NA,CR,CR-A,Upala,no,MRUP,UPL,MRUP,,America/Costa_Rica
4820,MSLP,large_airport,El Salvador International Airport Saint Óscar Arnulfo Romero y Galdámez,13.44447,-89.055784,101,NA,SV,SV-PA,San Salvador (San Luis Talpa),yes,MSLP,SAL,MSLP,,America/El_Salvador
4821,MSSS,medium_airport,Ilopango International Airport,13.6995,-89.119904,2027,NA,SV,SV-SS,San Salvador,yes,MSSS,ILS,MSSS,,America/El_Salvador
4822,MTCA,medium_airport,Antoine-Simon International Airport,18.271099,-73.7883,203,NA,HT,HT-SD,Les Cayes,yes,MTCA,CYA,MTCA,,America/Port-au-Prince
4823,MTCH,large_airport,Cap Haitien International Airport,19.725547,-72.20071,10,NA,HT,HT-ND,Cap Haitien,yes,MTCH,CAP,MTCH,,America/Port-au-Prince
4824,MTJA,medium_airport,Jacmel Airport,18.2411,-72.518501,167,NA,HT,HT-SE,Jacmel,no,MTJA,JAK,MTJA,,America/Port-au-Prince
31696,MTJE,medium_airport,Jérémie Airport,18.663099,-74.170303,147,NA,HT,HT-GA,Carrefour Sanon,yes,MTJE,JEE,MTJE,,America/Port-au-Prince
4825,MTPP,large_airport,Toussaint Louverture International Airport,18.580023,-72.292596,122,NA,HT,HT-OU,Port-au-Prince,yes,MTPP,PAP,MTPP,,America/Port-au-Prince
32146,MTPX,medium_airport,Port-de-Paix Airport,19.934045,-72.84801,9,NA,HT,HT-NO,Port-de-Paix,no,MTPX,PAX,MTPX,,America/Port-au-Prince
557052,MU-0004,medium_airport,IAF Agalega,-10.372483,56.603537,,AF,MU,MU-AG,Vingt Cinq,no,,,,,
4826,MUBA,medium_airport,Gustavo Rizo Airport,20.365299224853516,-74.5062026977539,26,NA,CU,CU-14,Baracoa,yes,MUBA,BCA,MUBA,,America/Havana
4828,MUBY,medium_airport,Carlos Manuel de Cespedes Airport,20.3964,-76.621399,203,NA,CU,CU-12,Bayamo,yes,MUBY,BYM,MUBY,,America/Havana
4829,MUCA,medium_airport,Máximo Gómez Airport,22.0271,-78.789597,335,NA,CU,CU-08,Ciro Redondo,no,MUCA,AVI,MUCA,,America/Havana
4831,MUCC,medium_airport,Jardines Del Rey Airport,22.461000442499998,-78.32839965820001,13,NA,CU,CU-08,Cayo Coco,yes,MUCC,CCC,MUCC,,America/Havana
4832,MUCF,medium_airport,Jaime Gonzalez Airport,22.149999618530273,-80.41419982910156,102,NA,CU,CU-06,Cienfuegos,yes,MUCF,CFG,MUCF,,America/Havana
4833,MUCL,medium_airport,Vilo Acuña International Airport,21.6165008545,-81.5459976196,10,NA,CU,CU-99,Cayo Largo del Sur,yes,MUCL,CYO,MUCL,,America/Havana
4834,MUCM,large_airport,Ignacio Agramonte International Airport,21.419909,-77.848039,413,NA,CU,CU-09,Camaguey,yes,MUCM,CMW,MUCM,,America/Havana
4835,MUCU,large_airport,Antonio Maceo International Airport,19.97474,-75.835504,249,NA,CU,CU-13,Santiago,yes,MUCU,SCU,MUCU,,America/Havana
4837,MUGM,medium_airport,Leeward Point Field,19.9065,-75.2071,56,NA,CU,CU-14,Guantanamo Bay Naval Station,no,MUGM,NBW,MUGM,,America/Havana
4838,MUGT,medium_airport,Mariana Grajales Airport,20.0853,-75.158302,56,NA,CU,CU-14,Guantánamo,no,MUGT,GAO,MUGT,,America/Havana
4839,MUHA,large_airport,José Martí International Airport,22.989200592041016,-82.40910339355469,210,NA,CU,CU-03,Havana,yes,MUHA,HAV,MUHA,,America/Havana
4840,MUHG,large_airport,Frank Pais International Airport,20.785148,-76.315526,361,NA,CU,CU-11,Holguin,yes,MUHG,HOG,MUHG,,America/Havana
4841,MUKW,medium_airport,Kawama Airport,23.124001,-81.301598,16,NA,CU,CU-04,Santa Marta,no,MUKW,VRO,MUKW,,America/Havana
4846,MUMO,medium_airport,Orestes Acosta Airport,20.653900146484375,-74.92220306396484,16,NA,CU,CU-11,Moa,no,MUMO,MOA,MUMO,,America/Havana
4847,MUMZ,medium_airport,Sierra Maestra International Airport,20.288605,-77.087545,112,NA,CU,CU-12,Manzanillo,yes,MUMZ,MZO,MUMZ,,America/Havana
4848,MUNB,medium_airport,San Nicolás de Bari Airport,22.756514,-81.920743,49,NA,CU,CU-16,San Nicolás de Bari,no,,,MUNB,,America/Havana
4849,MUNG,medium_airport,Rafael Cabrera Airport,21.834699630737305,-82.78379821777344,79,NA,CU,CU-99,Nueva Gerona,yes,MUNG,GER,MUNG,,America/Havana
4851,MUPB,medium_airport,Playa Baracoa Airport,23.032801,-82.579399,102,NA,CU,CU-15,Havana,no,MUPB,UPB,MUPB,,America/Havana
4854,MUSC,large_airport,Abel Santamaria International Airport,22.492215,-79.943119,338,NA,CU,CU-05,Santa Clara,yes,MUSC,SNU,MUSC,,America/Havana
32336,MUSJ,medium_airport,San Julián Air Base,22.100525,-84.157376,98,NA,CU,CU-01,Sandino,no,MUSJ,SNJ,MUSJ,,America/Havana
4856,MUSN,medium_airport,Siguanea Airport,21.6425,-82.955101,39,NA,CU,CU-99,Isla de la Juventud,no,MUSN,SZJ,MUSN,,America/Havana
4858,MUTD,medium_airport,Alberto Delgado Airport,21.7883,-79.9972,125,NA,CU,CU-07,Trinidad,yes,MUTD,TND,MUTD,,America/Havana
4859,MUVR,large_airport,Juan Gualberto Gomez International Airport,23.034401,-81.435303,210,NA,CU,CU-04,Matanzas,yes,MUVR,VRA,MUVR,,America/Havana
4860,MUVT,medium_airport,Hermanos Ameijeiras Airport,20.9876,-76.935799,328,NA,CU,CU-10,Las Tunas,yes,MUVT,VTU,MUVT,,America/Havana
509454,MV-0012,small_airport,Faresmaathoda Airport,0.192647,73.196755,,AS,MV,MV-28,Faresmaathodaa,yes,VRQF,FMT,VRQF,,
4861,MWCB,medium_airport,Charles Kirkconnell International Airport,19.687,-79.882797,8,NA,KY,KY-CB,West End,yes,MWCB,CYB,MWCB,,America/Cayman
31977,MWCL,medium_airport,Edward Bodden Little Cayman Airfield,19.660161,-80.088826,3,NA,KY,KY-LC,Blossom Village,no,MWCL,LYB,MWCL,,America/Cayman
4862,MWCR,large_airport,Owen Roberts International Airport,19.292801,-81.357697,8,NA,KY,KY-GC,George Town,yes,MWCR,GCM,MWCR,,America/Cayman
319370,MX-0203,small_airport,Cedros Airport,24.6353,-101.79655,5551,NA,MX,MX-ZAC,Mazapil,yes,,,,CED,
323400,MX-0424,medium_airport,Creel International Airport / Barrancas del Cobre Regional Airport,27.725133,-107.652015,8132,NA,MX,MX-CHH,Bocoyna,no,,,MMGA,MX31,
327974,MX-0685,heliport,Cantarell II Platform Helipad,18.501817,-93.520564,66,NA,MX,MX-TAB,Villahermosa,yes,,,,HRS,
327976,MX-0687,small_airport,Agricola La Tuxcana Airport,19.729351,-103.977854,2858,NA,MX,MX-JAL,Tuxcacuesco,yes,,,,TUX,
328846,MX-0779,heliport,Helipuerto El Universal,19.434329,-99.149613,7461,NA,MX,MX-DIF,Cuauhtémoc,yes,,,,HEU,
333519,MX-1167,heliport,Helipuerto VZ Flights,19.428128,-99.20628,7595,NA,MX,MX-DIF,Miguel Hidalgo,yes,,,,HVZ,
348942,MX-1745,heliport,Unitec Guadalajara Helipad,20.678111,-103.456194,5568,NA,MX,MX-JAL,Guadalajara,yes,,,,HTG,
505553,MX-2020,heliport,Helipuerto Ciudad de México,19.432307,-99.064917,7000,NA,MX,MX-DIF,Helipuerto de la Ciudad de México,yes,,,,ME1,
514408,MX-2118,medium_airport,Base N°1 de la Fuerza Aérea Mexicana (General Alfredo Lezama Álvarez),19.735231,-98.988153,7365,NA,MX,MX-MEX,Zumpango,no,,,,NLU,
35208,MY-LBP,small_airport,Long Banga Airport,3.202138,115.401811,750,AS,MY,MY-13,Long Banga,yes,,LBP,,,
4924,MYAB,medium_airport,Clarence A. Bain Airport,24.287701,-77.684601,19,NA,BS,BS-SA,Mangrove Cay,no,MYAB,MAY,MYAB,,America/Nassau
4925,MYAF,medium_airport,Andros Town Airport,24.697901,-77.795601,5,NA,BS,BS-NS,Andros Town,yes,MYAF,ASD,MYAF,,America/Nassau
4926,MYAK,medium_airport,Congo Town Airport,24.158701,-77.589798,15,NA,BS,BS-SA,Andros,yes,MYAK,TZN,MYAK,COX,America/Nassau
4927,MYAM,medium_airport,Leonard M. Thompson International Airport,26.510711,-77.084262,6,NA,BS,BS-CO,Marsh Harbour,yes,MYAM,MHH,MYAM,,America/Nassau
4928,MYAN,medium_airport,San Andros Airport,25.053800582885742,-78.04900360107422,5,NA,BS,BS-NS,Andros Island,yes,MYAN,SAQ,MYAN,,America/Nassau
4929,MYAP,medium_airport,Spring Point Airport,22.441799,-73.970901,11,NA,BS,BS-AK,Spring Point,yes,MYAP,AXP,MYAP,,America/Nassau
4931,MYAT,medium_airport,Treasure Cay Airport,26.745300293,-77.3912963867,8,NA,BS,BS-CO,Treasure Cay,yes,MYAT,TCB,MYAT,,America/Nassau
4933,MYBC,medium_airport,Chub Cay Airport,25.417101,-77.880898,5,NA,BS,BS-NS,Chub Cay,yes,MYBC,CCZ,MYBC,,America/Nassau
4934,MYBG,medium_airport,Great Harbour Cay Airport,25.7383,-77.840103,18,NA,BS,BS-BY,Bullocks Harbour,no,MYBG,GHC,MYBG,,America/Nassau
4935,MYBS,medium_airport,South Bimini Airport,25.6998996735,-79.2647018433,10,NA,BS,BS-BI,South Bimini,yes,MYBS,BIM,MYBS,,America/Nassau
4936,MYCA,medium_airport,Arthur's Town Airport,24.6294,-75.673797,18,NA,BS,BS-CI,Arthur's Town,yes,MYCA,ATC,MYCA,,America/Nassau
4937,MYCB,medium_airport,New Bight Airport,24.3153,-75.452301,5,NA,BS,BS-CI,Cat Island,yes,MYCB,TBI,MYCB,,America/Nassau
4938,MYCI,medium_airport,Colonel Hill Airport,22.7456,-74.182404,5,NA,BS,BS-CK,Colonel Hill,yes,MYCI,CRI,MYCI,,America/Nassau
4939,MYEF,medium_airport,Exuma International Airport,23.562599,-75.877998,9,NA,BS,BS-EX,Moss Town,yes,MYEF,GGT,MYEF,,America/Nassau
4941,MYEH,medium_airport,North Eleuthera Airport,25.475823,-76.680784,13,NA,BS,BS-HI,North Eleuthera,yes,MYEH,ELH,MYEH,,America/Nassau
4942,MYEM,medium_airport,Governor's Harbour Airport,25.2847,-76.331001,26,NA,BS,BS-CE,Governor's Harbour,yes,MYEM,GHB,MYEM,,America/Nassau
4943,MYEN,medium_airport,Normans Cay Airport,24.594299,-76.820198,8,NA,BS,BS-EX,Normans Cay,no,MYEN,NMC,MYEN,,America/Nassau
4944,MYER,medium_airport,Rock Sound International Airport,24.89165,-76.177602,10,NA,BS,BS-SE,Rock Sound,yes,MYER,RSD,MYER,,America/Nassau
4945,MYES,medium_airport,Staniel Cay Airport,24.1691,-76.439102,5,NA,BS,BS-EX,Staniel Cay,no,MYES,TYM,MYES,,America/Nassau
4946,MYGF,large_airport,Grand Bahama International Airport,26.557996,-78.695583,7,NA,BS,BS-FP,Freeport,yes,MYGF,FPO,MYGF,,America/Nassau
4947,MYIG,medium_airport,Inagua Airport,20.975,-73.666901,8,NA,BS,BS-IN,Matthew Town,yes,MYIG,IGA,MYIG,,America/Nassau
22655,MYK,small_airport,May Creek Airport,61.335701,-142.686996,1650,NA,US,US-AK,May Creek,yes,,MYK,KMYK,MYK,
4948,MYLD,medium_airport,Deadman's Cay Airport,23.1790008545,-75.09359741210001,9,NA,BS,BS-LI,Deadman's Cay,yes,MYLD,LGI,MYLD,,America/Nassau
326433,MYLR,medium_airport,Hard Bargain Airport,23.009934,-74.904851,11,NA,BS,BS-LI,,no,,,MYLR,,
4949,MYLS,medium_airport,Stella Maris Airport,23.582317,-75.268621,10,NA,BS,BS-LI,Stella Maris,yes,MYLS,SML,MYLS,,America/Nassau
4950,MYMM,medium_airport,Mayaguana Airport,22.379499,-73.013494,11,NA,BS,BS-MG,Abraham Bay Settlement,yes,MYMM,MYG,MYMM,,America/Nassau
4951,MYNN,large_airport,Lynden Pindling International Airport,25.039,-77.466202,16,NA,BS,BS-NP,Nassau,yes,MYNN,NAS,MYNN,,America/Nassau
4952,MYRD,medium_airport,Duncan Town Airport,22.181801,-75.7295,6,NA,BS,BS-RI,Duncan Town,no,MYRD,DCT,MYRD,,America/Nassau
4954,MYSM,large_airport,San Salvador International Airport,24.063041,-74.523233,24,NA,BS,BS-SS,San Salvador,yes,MYSM,ZSA,MYSM,,America/Nassau
4956,MZBZ,large_airport,Philip S. W. Goldson International Airport,17.539951,-88.303556,15,NA,BZ,BZ-BZ,Belize City,yes,MZBZ,BZE,MZBZ,,America/Belize
42217,MZPL,medium_airport,Placencia Airport,16.536957,-88.361511,3,NA,BZ,BZ-SC,Placencia,yes,MZPL,PLJ,MZPL,PLJ,
4957,NCAI,small_airport,Aitutaki Airport,-18.8309,-159.764008,14,OC,CK,CK-U-A,Aitutaki,yes,NCAI,AIT,NCAI,,Pacific/Rarotonga
30629,NCAT,small_airport,Enua Airport,-19.96780014038086,-158.11900329589844,36,OC,CK,CK-U-A,Atiu Island,yes,NCAT,AIU,NCAT,,Pacific/Rarotonga
31907,NCMH,small_airport,Manihiki Island Airport,-10.38091,-160.999424,11,OC,CK,CK-U-A,Manihiki Island,yes,NCMH,MHX,NCMH,,Pacific/Rarotonga
31968,NCMK,small_airport,Mauke Airport,-20.13610076904297,-157.34500122070312,26,OC,CK,CK-U-A,Mauke Island,yes,NCMK,MUK,NCMK,,Pacific/Rarotonga
31933,NCMR,small_airport,Mitiaro Island Airport,-19.842501,-157.703003,25,OC,CK,CK-U-A,Mitiaro Island,yes,NCMR,MOI,NCMR,,Pacific/Rarotonga
4958,NCRG,large_airport,Rarotonga International Airport,-21.2027,-159.806,19,OC,CK,CK-U-A,Avarua,yes,NCRG,RAR,NCRG,,Pacific/Rarotonga
349430,NE-0001,medium_airport,Niger Air Base 201,16.95575,8.01861,1667,AF,NE,NE-1,Agadez,no,,,,,
31662,NFCI,small_airport,Cicia Airport,-17.7432994843,-179.341995239,13,OC,FJ,FJ-E,Cicia,yes,NFCI,ICI,NFCI,,Pacific/Fiji
4959,NFFN,large_airport,Nadi International Airport,-17.761822,177.437843,59,OC,FJ,FJ-W,Nadi,yes,NFFN,NAN,NFFN,,Pacific/Fiji
32176,NFFO,small_airport,Malolo Lailai Island Airport,-17.778448,177.196996,10,OC,FJ,FJ-W,Malolo Lailai Island,yes,NFFO,PTF,NFFO,,Pacific/Fiji
31738,NFKD,small_airport,Vunisea Airport,-19.058099746699998,178.156997681,6,OC,FJ,FJ-E,Vunisea,yes,NFKD,KDV,NFKD,,Pacific/Fiji
31926,NFMA,small_airport,Mana Island Airport,-17.672844,177.0985,,OC,FJ,FJ-W,Mana Island,yes,NFMA,MNF,NFMA,,Pacific/Fiji
31895,NFMO,small_airport,Moala Airport,-18.566699981699998,179.951004028,13,OC,FJ,FJ-E,Moala,yes,NFMO,MFJ,NFMO,,Pacific/Fiji
4960,NFNA,large_airport,Nausori International Airport,-18.044226,178.561486,17,OC,FJ,FJ-C,Nausori,yes,NFNA,SUV,NFNA,,Pacific/Fiji
31810,NFNB,small_airport,Levuka Airfield,-17.7110996246,178.759002686,11,OC,FJ,FJ-E,Bureta,yes,NFNB,LEV,NFNB,,Pacific/Fiji
32026,NFNG,small_airport,Ngau Airport,-18.115600585899998,179.339996338,50,OC,FJ,FJ-E,Ngau,yes,NFNG,NGI,NFNG,,Pacific/Fiji
31829,NFNK,small_airport,Lakeba Island Airport,-18.1991996765,-178.817001343,280,OC,FJ,FJ-E,Lakeba Island,yes,NFNK,LKB,NFNK,,Pacific/Fiji
4961,NFNL,medium_airport,Labasa Airport,-16.4667,179.339996,44,OC,FJ,FJ-N,Labasa,yes,NFNL,LBS,NFNL,,Pacific/Fiji
32485,NFNM,small_airport,Matei Airport,-16.690599,-179.876999,60,OC,FJ,FJ-N,Matei,yes,NFNM,TVU,NFNM,,Pacific/Fiji
31789,NFNO,small_airport,Koro Island Airport,-17.3458003998,179.42199707,358,OC,FJ,FJ-E,Koro Island,yes,NFNO,KXF,NFNO,,Pacific/Fiji
32233,NFNR,small_airport,Rotuma Airport,-12.482500076293945,177.0709991455078,22,OC,FJ,FJ-R,Rotuma,yes,NFNR,RTA,NFNR,,Pacific/Fiji
32397,NFNS,small_airport,Savusavu Airport,-16.803394,179.340587,17,OC,FJ,FJ-N,Savusavu,yes,NFNS,SVU,NFNS,,Pacific/Fiji
32717,NFSW,small_airport,Yasawa Island Airport,-16.7589,177.544998,29,OC,FJ,FJ-W,Yasawa Island,yes,NFSW,YAS,NFSW,,Pacific/Fiji
31024,NFTE,small_airport,Kaufana Airport,-21.378299713100002,-174.957992554,325,OC,TO,TO-01,Eua Island,yes,NFTE,EUA,NFTE,,Pacific/Tongatapu
4962,NFTF,large_airport,Fua'amotu International Airport,-21.241438,-175.149164,126,OC,TO,TO-04,Nuku'alofa,yes,NFTF,TBU,NFTF,,Pacific/Tongatapu
4963,NFTL,medium_airport,Lifuka Island Airport,-19.777000427246094,-174.34100341796875,31,OC,TO,TO-02,Lifuka,yes,NFTL,HPA,NFTL,,Pacific/Tongatapu
32052,NFTP,small_airport,Kuini Lavenia Airport,-15.977297,-173.791089,30,OC,TO,TO-03,Niuatoputapu,yes,NFTP,NTT,NFTP,,Pacific/Tongatapu
4964,NFTV,large_airport,Vava'u International Airport,-18.5853,-173.962006,236,OC,TO,TO-05,Vava'u Island,yes,NFTV,VAV,NFTV,,Pacific/Tongatapu
35321,NFVB,small_airport,Vanua Balavu Airport,-17.268999099731445,-178.9759979248047,76,OC,FJ,FJ-E,Vanua Balavu,yes,NFVB,VBV,NFVB,,Pacific/Fiji
300565,NG-0004,medium_airport,Port Harcourt City Airport / Port Harcourt Air Force Base,4.846111,7.021389,57,AF,NG,NG-RI,Port Harcourt,yes,DNPM,PHG,DNPM,,
313797,NG-0005,large_airport,Sir Ahmadu Bello International Airport,12.479048,4.369132,775,AF,NG,NG-KE,Birinin Kebbi,yes,DNBK,,DNBK,,
44571,NGFU,medium_airport,Funafuti International Airport,-8.523885,179.196976,9,OC,TV,TV-FUN,Funafuti,yes,NGFU,FUN,NGFU,,Pacific/Funafuti
4972,NGTA,large_airport,Bonriki International Airport,1.38164,173.147003,9,OC,KI,KI-G,South Tarawa,yes,NGTA,TRW,NGTA,,Pacific/Tarawa
4973,NGTE,medium_airport,Tabiteuea North Airport,-1.22447,174.776001,7,OC,KI,KI-G,,no,NGTE,TBF,NGTE,,Pacific/Tarawa
30681,NGTU,small_airport,Butaritari Airport,3.08583,172.811005,5,OC,KI,KI-G,Butaritari,yes,NGTU,BBG,NGTU,,Pacific/Tarawa
30607,NGUK,small_airport,Aranuka Airport,0.185278,173.636993,6,OC,KI,KI-G,Buariki,yes,NGUK,AAK,NGUK,,Pacific/Tarawa
4974,NIUE,medium_airport,Niue International Airport,-19.080109,-169.923493,209,OC,NU,NU-U-A,Alofi,yes,NIUE,IUE,NIUE,,Pacific/Niue
316547,NLH,medium_airport,Ninglang Luguhu Airport,27.5403,100.7593,10804,AS,CN,CN-53,Ninglang,yes,ZPNL,NLH,ZPNL,,
31215,NLWF,small_airport,Pointe Vele Airport,-14.311565,-178.066492,20,OC,WF,WF-U-A,Futuna Island,yes,NLWF,FUT,NLWF,,Pacific/Wallis
4975,NLWW,large_airport,Hihifo Airport,-13.239445,-176.19865,79,OC,WF,WF-U-A,Wallis Island,yes,NLWW,WLS,NLWW,,Pacific/Wallis
342097,NP-0003,large_airport,Pokhara International Airport,28.1838,84.0147,2595,AS,NP,NP-P4,Pokhara,yes,VNPR,PHH,VNPR,,Asia/Kathmandu
32097,NSAS,small_airport,Ofu Airport,-14.1844,-169.669998,9,OC,AS,AS-MA,Ofu,yes,NSAS,OFU,NSAS,Z08,Pacific/Pago_Pago
4976,NSFA,large_airport,Faleolo International Airport,-13.83,-172.007996,58,OC,WS,WS-AA,Apia,yes,NSFA,APW,NSFA,,Pacific/Apia
4977,NSFQ,small_airport,Fitiuta Airport,-14.216131,-169.423771,110,OC,AS,AS-MA,Fitiuta Village,yes,NSFQ,FTI,NSFQ,FAQ,Pacific/Pago_Pago
4978,NSTU,large_airport,Pago Pago International Airport,-14.331,-170.710007,32,OC,AS,AS-WT,Pago Pago,yes,NSTU,PPG,NSTU,PPG,Pacific/Pago_Pago
4979,NTAA,large_airport,Fa'a'ā International Airport,-17.553472,-149.606936,5,OC,PF,PF-U-A,Papeete,yes,NTAA,PPT,NTAA,,Pacific/Tahiti
309518,NTAM,small_airport,Rimatara Airport,-22.63725,-152.8059,60,OC,PF,PF-U-A,Rimatara Island,yes,NTAM,RMT,NTAM,,
4980,NTAR,medium_airport,Rurutu Airport,-22.434099197387695,-151.36099243164062,18,OC,PF,PF-U-A,,yes,NTAR,RUR,NTAR,,Pacific/Tahiti
4981,NTAT,medium_airport,Tubuai Airport,-23.365400314331055,-149.5240020751953,7,OC,PF,PF-U-A,,yes,NTAT,TUB,NTAT,,Pacific/Tahiti
4982,NTAV,small_airport,Raivavae Airport,-23.885201,-147.662003,7,OC,PF,PF-U-A,,yes,NTAV,RVV,NTAV,,Pacific/Tahiti
4983,NTGA,medium_airport,Anaa Airport,-17.3526,-145.509995,10,OC,PF,PF-U-A,Anaa,yes,NTGA,AAA,NTGA,,Pacific/Tahiti
4984,NTGB,medium_airport,Fangatau Airport,-15.820044,-140.888071,9,OC,PF,PF-U-A,Fangatau,yes,NTGB,FGU,NTGB,,Pacific/Tahiti
4985,NTGC,medium_airport,Tikehau Airport,-15.1196,-148.231003,6,OC,PF,PF-U-A,Tuherahera,yes,NTGC,TIH,NTGC,,Pacific/Tahiti
30648,NTGD,small_airport,Apataki Airport,-15.5736,-146.414993,8,OC,PF,PF-U-A,Apataki,yes,NTGD,APK,NTGD,,Pacific/Tahiti
4986,NTGE,medium_airport,Reao Airport,-18.46652,-136.43855,12,OC,PF,PF-U-A,Reao,no,NTGE,REA,NTGE,,Pacific/Tahiti
4987,NTGF,medium_airport,Fakarava Airport,-16.054100036621094,-145.65699768066406,13,OC,PF,PF-U-A,,yes,NTGF,FAV,NTGF,,Pacific/Tahiti
31577,NTGH,small_airport,Hikueru Airport,-17.548297,-142.612037,12,OC,PF,PF-U-A,Hikueru,yes,NTGH,HHZ,NTGH,,Pacific/Tahiti
4988,NTGI,medium_airport,Manihi Airport,-14.436800003051758,-146.07000732421875,14,OC,PF,PF-U-A,,yes,NTGI,XMH,NTGI,,Pacific/Tahiti
4989,NTGJ,medium_airport,Totegegie Airport,-23.07990074157715,-134.88999938964844,7,OC,PF,PF-U-A,,yes,NTGJ,GMR,NTGJ,,Pacific/Gambier
4990,NTGK,medium_airport,Kaukura Airport,-15.6633,-146.884995,11,OC,PF,PF-U-A,Raitahiti,yes,NTGK,KKR,NTGK,,Pacific/Tahiti
4991,NTGM,medium_airport,Makemo Airport,-16.5839,-143.658005,3,OC,PF,PF-U-A,Makemo,yes,NTGM,MKP,NTGM,,Pacific/Tahiti
32005,NTGN,small_airport,Napuka Island Airport,-14.177397,-141.266112,7,OC,PF,PF-U-A,Napuka Island,yes,NTGN,NAU,NTGN,,Pacific/Tahiti
32456,NTGO,small_airport,Tatakoto Airport,-17.355226,-138.44734,12,OC,PF,PF-U-A,Tatakoto,yes,NTGO,TKV,NTGO,,Pacific/Tahiti
4992,NTGP,small_airport,Puka Puka Airport,-14.80955,-138.812621,5,OC,PF,PF-U-A,,yes,NTGP,PKP,NTGP,,Pacific/Tahiti
4993,NTGT,medium_airport,Takapoto Airport,-14.709500312805176,-145.24600219726562,12,OC,PF,PF-U-A,,yes,NTGT,TKP,NTGT,,Pacific/Tahiti
4994,NTGU,medium_airport,Arutua Airport,-15.248299598693848,-146.61700439453125,9,OC,PF,PF-U-A,,yes,NTGU,AXR,NTGU,,Pacific/Tahiti
4995,NTGV,medium_airport,Mataiva Airport,-14.8681001663208,-148.7169952392578,11,OC,PF,PF-U-A,,yes,NTGV,MVT,NTGV,,Pacific/Tahiti
4997,NTHE,medium_airport,Ahe Airport,-14.428099632263184,-146.2570037841797,11,OC,PF,PF-U-A,Ahe Atoll,yes,NTHE,AHE,NTHE,,Pacific/Tahiti
31752,NTKA,small_airport,Kauehi Airport,-15.780622,-145.128443,13,OC,PF,PF-U-A,Kauehi,yes,NTKA,KHZ,NTKA,,Pacific/Tahiti
31128,NTKH,small_airport,Fakahina Airport,-15.992259,-140.164246,3,OC,PF,PF-U-A,Fakahina,yes,NTKH,FHZ,NTKH,,Pacific/Tahiti
313344,NTKN,small_airport,Naiu Airport,-16.119296,-146.368768,50,OC,PF,PF-U-A,Naiu Atoll,yes,NTKN,NIU,NTKN,,
302302,NTKO,small_airport,Raroia Airport,-16.050485,-142.476568,18,OC,PF,PF-U-A,Raroia,yes,NTKO,RRR,NTKO,,Pacific/Tahiti
5000,NTKR,medium_airport,Takaroa Airport,-14.45580005645752,-145.02499389648438,13,OC,PF,PF-U-A,,yes,NTKR,TKX,NTKR,,Pacific/Tahiti
5001,NTMD,medium_airport,Nuku Hiva Airport,-8.7956,-140.229004,220,OC,PF,PF-U-A,Nuku Hiva,yes,NTMD,NHV,NTMD,,Pacific/Marquesas
5002,NTMN,medium_airport,Hiva Oa-Atuona Airport,-9.76879024506,-139.011001587,1481,OC,PF,PF-U-A,Hiva Oa Island,yes,NTMN,AUQ,NTMN,,Pacific/Marquesas
32499,NTMP,small_airport,Ua Pou Airport,-9.35167,-140.078003,16,OC,PF,PF-U-A,Ua Pou,yes,NTMP,UAP,NTMP,,Pacific/Marquesas
32497,NTMU,small_airport,Ua Huka Airport,-8.936228,-139.554062,160,OC,PF,PF-U-A,Ua Huka,yes,NTMU,UAH,NTMU,,Pacific/Marquesas
5003,NTTB,medium_airport,Bora Bora Airport,-16.444400787353516,-151.75100708007812,10,OC,PF,PF-U-A,Motu Mute,yes,NTTB,BOB,NTTB,,Pacific/Tahiti
5004,NTTG,medium_airport,Rangiroa Airport,-14.954299926757812,-147.66099548339844,10,OC,PF,PF-U-A,,yes,NTTG,RGI,NTTG,,Pacific/Tahiti
5005,NTTH,medium_airport,Huahine-Fare Airport,-16.687084,-151.021593,7,OC,PF,PF-U-A,Fare,yes,NTTH,HUH,NTTH,,Pacific/Tahiti
5006,NTTM,medium_airport,Moorea Temae Airport,-17.48979,-149.761777,9,OC,PF,PF-U-A,Moorea-Maiao,yes,NTTM,MOZ,NTTM,,Pacific/Tahiti
5007,NTTO,medium_airport,Hao Airport,-18.0748,-140.945999,10,OC,PF,PF-U-A,Otepa,yes,NTTO,HOI,NTTO,,Pacific/Tahiti
5008,NTTP,medium_airport,Maupiti Airport,-16.42650032043457,-152.24400329589844,15,OC,PF,PF-U-A,,yes,NTTP,MAU,NTTP,,Pacific/Tahiti
5009,NTTR,medium_airport,Raiatea Airport,-16.7229,-151.466003,3,OC,PF,PF-U-A,Uturoa,yes,NTTR,RFP,NTTR,,Pacific/Tahiti
32323,NVSC,small_airport,Sola Airport,-13.8516998291,167.537002563,7,OC,VU,VU-TOB,Sola,yes,NVSC,SLH,NVSC,,Pacific/Efate
30817,NVSF,small_airport,Craig Cove Airport,-16.264999,167.923996,69,OC,VU,VU-MAP,Craig Cove,yes,NVSF,CCV,NVSF,,Pacific/Efate
31841,NVSG,small_airport,Longana Airport,-15.3066997528,167.966995239,167,OC,VU,VU-PAM,Longana,yes,NVSG,LOD,NVSG,,Pacific/Efate
35161,NVSH,small_airport,Sara Airport,-15.4708003998,168.151992798,493,OC,VU,VU-PAM,Pentecost Island,yes,NVSH,SSR,NVSH,,Pacific/Efate
35163,NVSI,small_airport,Tavie Airport,-16.431955,168.235511,69,OC,VU,VU-MAP,Paama Island,yes,NVSI,PBJ,NVSI,,Pacific/Efate
31847,NVSL,small_airport,Lamap Airport,-16.4611228,167.829253,7,OC,VU,VU-MAP,Lamap,yes,NVSL,LPM,NVSL,,Pacific/Efate
31835,NVSM,small_airport,Lamen Bay Airport,-16.584199905400002,168.158996582,7,OC,VU,VU-SEE,Lamen Bay,yes,NVSM,LNB,NVSM,,Pacific/Efate
31836,NVSO,small_airport,Lonorore Airport,-15.865599632299999,168.17199707,43,OC,VU,VU-PAM,Lonorore,yes,NVSO,LNE,NVSO,,Pacific/Efate
32056,NVSP,small_airport,Norsup Airport,-16.0797,167.401001,23,OC,VU,VU-MAP,Norsup,yes,NVSP,NUS,NVSP,,Pacific/Efate
35158,NVSQ,medium_airport,Gaua Island Airport,-14.2181,167.587006,100,OC,VU,VU-TOB,Gaua Island,no,NVSQ,ZGU,NVSQ,,Pacific/Efate
5010,NVSS,medium_airport,Santo Pekoa International Airport,-15.505000114399998,167.220001221,184,OC,VU,VU-SAM,Luganville,yes,NVSS,SON,NVSS,,Pacific/Efate
32437,NVST,small_airport,Tongoa Airport,-16.8910999298,168.550994873,443,OC,VU,VU-SEE,Tongoa Island,yes,NVST,TGH,NVST,,Pacific/Efate
32583,NVSV,small_airport,Valesdir Airport,-16.796100616500002,168.177001953,10,OC,VU,VU-SEE,Epi Island,yes,NVSV,VLS,NVSV,,Pacific/Efate
32658,NVSW,small_airport,Walaha Airport,-15.412,167.690994,151,OC,VU,VU-PAM,Walaha,yes,NVSW,WLH,NVSW,,Pacific/Efate
35160,NVSZ,small_airport,North West Santo Airport,-14.881699562099998,166.557998657,50,OC,VU,VU-SAM,Olpoi,yes,NVSZ,OLJ,NVSZ,,Pacific/Efate
31209,NVVF,small_airport,Futuna Airport,-19.516399383499998,170.231994629,95,OC,VU,VU-TAE,Futuna Island,yes,NVVF,FTA,NVVF,,Pacific/Efate
5011,NVVV,large_airport,Bauerfield International Airport,-17.699301,168.320007,70,OC,VU,VU-SEE,Port Vila,yes,NVVV,VLI,NVVV,,Pacific/Efate
5012,NVVW,medium_airport,Whitegrass Airport,-19.455099,169.223999,19,OC,VU,VU-TAE,Tanna Island,yes,NVVW,TAH,NVVW,,Pacific/Efate
32439,NWWA,medium_airport,Tiga Airport,-21.096407,167.80379,128,OC,NC,NC-01,Tiga,yes,NWWA,TGJ,NWWA,,Pacific/Noumea
30778,NWWC,small_airport,Île Art - Waala Airport,-19.720521,163.661077,306,OC,NC,NC-02,Waala,yes,NWWC,BMY,NWWC,,Pacific/Noumea
5013,NWWD,medium_airport,Koné Airport,-21.053551,164.838768,23,OC,NC,NC-02,Koné,yes,NWWD,KNQ,NWWD,,Pacific/Noumea
5014,NWWE,medium_airport,Île des Pins Airport,-22.5889,167.455994,315,OC,NC,NC-03,Île des Pins,yes,NWWE,ILP,NWWE,,Pacific/Noumea
5015,NWWK,small_airport,Koumac Airport,-20.546323,164.255648,42,OC,NC,NC-02,Koumac,yes,NWWK,KOC,NWWK,,Pacific/Noumea
5016,NWWL,medium_airport,Lifou Airport,-20.774563,167.239328,92,OC,NC,NC-01,Lifou,yes,NWWL,LIF,NWWL,,Pacific/Noumea
5017,NWWM,medium_airport,Nouméa Magenta Airport,-22.257706,166.472822,10,OC,NC,NC-03,Nouméa,yes,NWWM,GEA,NWWM,,Pacific/Noumea
5018,NWWR,medium_airport,Maré Airport,-21.482438,168.038465,141,OC,NC,NC-01,Maré,yes,NWWR,MEE,NWWR,,Pacific/Noumea
5019,NWWU,medium_airport,Touho Airport,-20.790127,165.259524,10,OC,NC,NC-02,Touho,yes,NWWU,TOU,NWWU,,Pacific/Noumea
5020,NWWV,medium_airport,Ouvéa Airport,-20.640932,166.573024,23,OC,NC,NC-01,Ouvéa,yes,NWWV,UVE,NWWV,,Pacific/Noumea
5021,NWWW,large_airport,La Tontouta International Airport,-22.014601,166.212997,52,OC,NC,NC-03,Nouméa (La Tontouta),yes,NWWW,NOU,NWWW,,Pacific/Noumea
326631,NZ-0026,small_airport,Pitt Island Aerodrome,-44.293167,-176.203476,,OC,NZ,NZ-WGN,Pitt Island,yes,NZPT,,NZPT,,
5023,NZAA,large_airport,Auckland International Airport,-37.01199,174.786331,23,OC,NZ,NZ-AUK,Auckland,yes,NZAA,AKL,NZAA,,Pacific/Auckland
5024,NZAP,medium_airport,Taupo Airport,-38.73970031738281,176.08399963378906,1335,OC,NZ,NZ-WKO,Taupo,yes,NZAP,TUO,NZAP,,Pacific/Auckland
5025,NZAR,medium_airport,Ardmore Airport,-37.029701232910156,174.97300720214844,111,OC,NZ,NZ-AUK,Manurewa,no,NZAR,AMZ,NZAR,,Pacific/Auckland
5026,NZCH,large_airport,Christchurch International Airport,-43.489029,172.532065,123,OC,NZ,NZ-CAN,Christchurch,yes,NZCH,CHC,NZCH,,Pacific/Auckland
5027,NZCI,medium_airport,Inia William Tuuta Memorial Airport,-43.81189,-176.46514,43,OC,NZ,NZ-WGN,Te One,yes,NZCI,CHT,NZCI,,Pacific/Chatham
5028,NZDN,medium_airport,Dunedin International Airport,-45.929017,170.197758,4,OC,NZ,NZ-OTA,Dunedin,yes,NZDN,DUD,NZDN,,Pacific/Auckland
29913,NZGB,small_airport,Great Barrier Aerodrome,-36.241402,175.472,20,OC,NZ,NZ-AUK,Claris,yes,NZGB,GBZ,NZGB,,Pacific/Auckland
5030,NZGS,medium_airport,Gisborne Airport,-38.6633,177.977997,15,OC,NZ,NZ-GIS,Gisborne,yes,NZGS,GIS,NZGS,,Pacific/Auckland
5031,NZGT,medium_airport,Glentanner Airport,-43.906700134277344,170.1280059814453,1824,OC,NZ,NZ-CAN,Glentanner Station,no,NZGT,GTN,NZGT,,Pacific/Auckland
5032,NZHK,medium_airport,Hokitika Airfield,-42.713600158691406,170.98500061035156,146,OC,NZ,NZ-WTC,,yes,NZHK,HKK,NZHK,,Pacific/Auckland
5033,NZHN,medium_airport,Hamilton International Airport,-37.866961,175.331952,172,OC,NZ,NZ-WKO,Hamilton,yes,NZHN,HLZ,NZHN,,Pacific/Auckland
5036,NZKK,medium_airport,Kerikeri Airport,-35.259148,173.913317,492,OC,NZ,NZ-NTL,Kerikeri,yes,NZKK,KKE,NZKK,,Pacific/Auckland
5037,NZKT,medium_airport,Kaitaia Airport,-35.069837,173.287053,270,OC,NZ,NZ-NTL,Awanui,yes,NZKT,KAT,NZKT,,Pacific/Auckland
5038,NZLX,medium_airport,Alexandra Aerodrome,-45.210495,169.371113,752,OC,NZ,NZ-OTA,Alexandra,no,NZLX,ALR,NZLX,,Pacific/Auckland
5039,NZMC,medium_airport,Mount Cook Airport,-43.764999,170.132996,2153,OC,NZ,NZ-CAN,,no,NZMC,MON,NZMC,,Pacific/Auckland
5040,NZMO,medium_airport,Manapouri Airport,-45.5331,167.649994,687,OC,NZ,NZ-STL,,no,NZMO,TEU,NZMO,,Pacific/Auckland
5041,NZMS,medium_airport,Hood Airport,-40.974634,175.63454,364,OC,NZ,NZ-WGN,Masterton,no,NZMS,MRO,NZMS,,Pacific/Auckland
5042,NZNP,medium_airport,New Plymouth Airport,-39.00859832763672,174.1790008544922,97,OC,NZ,NZ-TKI,New Plymouth,yes,NZNP,NPL,NZNP,,Pacific/Auckland
5043,NZNR,medium_airport,Hawke's Bay Airport,-39.465801,176.869995,6,OC,NZ,NZ-HKB,Napier,yes,NZNR,NPE,NZNR,,Pacific/Auckland
5044,NZNS,medium_airport,Nelson Airport,-41.296709,173.224323,17,OC,NZ,NZ-NSN,Nelson,yes,NZNS,NSN,NZNS,,Pacific/Auckland
5045,NZNV,medium_airport,Invercargill Airport,-46.41239929199219,168.31300354003906,5,OC,NZ,NZ-STL,Invercargill,yes,NZNV,IVC,NZNV,,Pacific/Auckland
5046,NZOH,medium_airport,RNZAF Base Ohakea,-40.20600128173828,175.38800048828125,164,OC,NZ,NZ-MWT,,no,NZOH,OHA,NZOH,,Pacific/Auckland
329325,NZOT,small_airport,Otaki Airport,-40.785582,175.1513,114,OC,NZ,NZ-WGN,Otaki,yes,NZOT,,NZOT,,
5047,NZOU,medium_airport,Oamaru Airport,-44.970001,171.082001,99,OC,NZ,NZ-OTA,,no,NZOU,OAM,NZOU,,Pacific/Auckland
5049,NZPM,medium_airport,Palmerston North Airport,-40.320599,175.617004,151,OC,NZ,NZ-MWT,Palmerston North,yes,NZPM,PMR,NZPM,,Pacific/Auckland
30267,NZPN,small_airport,Picton Aerodrome,-41.346099853516,173.95599365234,161,OC,NZ,NZ-MBH,Koromiko,yes,NZPN,PCN,NZPN,,Pacific/Auckland
5050,NZPP,medium_airport,Paraparaumu Airport,-40.904701232910156,174.98899841308594,22,OC,NZ,NZ-WGN,,no,NZPP,PPQ,NZPP,,Pacific/Auckland
5051,NZQN,large_airport,Queenstown Airport,-45.019205,168.746379,1171,OC,NZ,NZ-OTA,Queenstown,yes,NZQN,ZQN,NZQN,,Pacific/Auckland
5052,NZRO,medium_airport,Rotorua Regional Airport,-38.1092,176.317001,935,OC,NZ,NZ-BOP,Rotorua,yes,NZRO,ROT,NZRO,,Pacific/Auckland
5054,NZSP,medium_airport,Amundsen–Scott South Pole Station Airport,-90,-1,9300,AN,AQ,AQ-U-A,Amundsen-Scott South Pole Station,no,NZSP,,NZSP,,Antarctica/McMurdo
5055,NZTG,medium_airport,Tauranga Airport,-37.67190170288086,176.1959991455078,13,OC,NZ,NZ-BOP,Tauranga,yes,NZTG,TRG,NZTG,,Pacific/Auckland
5056,NZTU,medium_airport,Timaru Airport,-44.302799224853516,171.22500610351562,89,OC,NZ,NZ-CAN,,yes,NZTU,TIU,NZTU,,Pacific/Auckland
5057,NZUK,medium_airport,Pukaki Airport,-44.2350006104,170.117996216,1575,OC,NZ,NZ-CAN,Twitzel,no,NZUK,TWZ,NZUK,,Pacific/Auckland
5058,NZWB,medium_airport,Woodbourne Airport,-41.5182991027832,173.8699951171875,109,OC,NZ,NZ-MBH,Blenheim,yes,NZWB,BHE,NZWB,,Pacific/Auckland
5059,NZWD,medium_airport,Williams Field Skiway,-77.867401,167.057007,68,AN,AQ,AQ-U-A,McMurdo Station,no,,,NZWD,,Antarctica/McMurdo
5060,NZWF,medium_airport,Wanaka Airport,-44.722091,169.246287,1142,OC,NZ,NZ-OTA,Wanaka,yes,NZWF,WKA,NZWF,,Pacific/Auckland
5062,NZWK,medium_airport,Whakatāne Airport,-37.922224,176.91696,20,OC,NZ,NZ-BOP,Whakatāne,yes,NZWK,WHK,NZWK,,Pacific/Auckland
5063,NZWN,large_airport,Wellington International Airport,-41.326839,174.806862,41,OC,NZ,NZ-WGN,Wellington,yes,NZWN,WLG,NZWN,,Pacific/Auckland
5064,NZWO,medium_airport,Wairoa Airport,-39.011862,177.404401,42,OC,NZ,NZ-HKB,Wairoa,no,NZWO,WIR,NZWO,,Pacific/Auckland
5065,NZWP,medium_airport,RNZAF Base Auckland-Whenuapai,-36.7878,174.630005,103,OC,NZ,NZ-AUK,,no,NZWP,,NZWP,,Pacific/Auckland
5066,NZWR,medium_airport,Whangarei Airport,-35.769253,174.363713,133,OC,NZ,NZ-NTL,Whangarei,yes,NZWR,WRE,NZWR,,Pacific/Auckland
5067,NZWS,medium_airport,Westport Airport,-41.737111,171.579033,13,OC,NZ,NZ-WTC,Westport,yes,NZWS,WSZ,NZWS,,Pacific/Auckland
5068,NZWU,medium_airport,Wanganui Airport,-39.963467,175.02444,27,OC,NZ,NZ-MWT,Wanganui,yes,NZWU,WAG,NZWU,,Pacific/Auckland
31065,OAFZ,small_airport,Fayzabad Airport,37.122148,70.5201,3872,AS,AF,AF-BDS,Fayzabad,yes,OAFZ,FBD,OAFZ,,Asia/Kabul
5069,OAHR,large_airport,Herat - Khwaja Abdullah Ansari International Airport,34.209999,62.228298,3206,AS,AF,AF-HER,Guzara,yes,OAHR,HEA,OAHR,,Asia/Kabul
5070,OAIX,medium_airport,Bagram Airfield,34.946098,69.264999,4895,AS,AF,AF-PAR,Bagram,no,OAIX,OAI,OAIX,,Asia/Kabul
5071,OAJL,medium_airport,Jalalabad Airport,34.399799,70.498596,1814,AS,AF,AF-NAN,Jalalabad,no,OAJL,JAA,OAJL,,Asia/Kabul
5072,OAKB,large_airport,Kabul International Airport,34.565899,69.212303,5877,AS,AF,AF-KAB,Kabul,yes,OAKB,KBL,OAKB,,Asia/Kabul
5073,OAKN,large_airport,Ahmad Shah Baba International Airport,31.505769,65.847963,3337,AS,AF,AF-KAN,Kandahar,yes,OAKN,KDH,OAKN,,Asia/Kabul
332240,OAKS,medium_airport,Khost International Airport,33.284605,69.80734,4204,AS,AF,AF-KHO,Khost,yes,OAKS,KHT,OAKS,,Asia/Kabul
5074,OAMN,medium_airport,Maymana Zahiraddin Faryabi Airport,35.930801,64.760902,2743,AS,AF,AF-FYB,Maymana,no,OAMN,MMZ,OAMN,,Asia/Kabul
5075,OAMS,large_airport,Mazar-i-Sharif International Airport,36.70412,67.210459,1284,AS,AF,AF-BAL,Mazar-i-Sharif,yes,OAMS,MZR,OAMS,,Asia/Kabul
5078,OAUZ,medium_airport,Kunduz Airport,36.6651,68.910797,1457,AS,AF,AF-KDZ,Kunduz,no,OAUZ,UND,OAUZ,,Asia/Kabul
5079,OBBI,large_airport,Bahrain International Airport,26.267295,50.63764,6,AS,BH,BH-15,Manama,yes,OBBI,BAH,OBBI,,Asia/Bahrain
5080,OBBS,medium_airport,Sheik Isa Air Base,25.9184,50.590599,136,AS,BH,BH-14,Sitrah,no,OBBS,,OBBS,,Asia/Bahrain
316826,OCS,large_airport,Corisco International Airport,0.910937,9.33027,55,AF,GQ,GQ-LI,Corisco Island,yes,FGCO,OCS,FGCO,,
5756,OE49,medium_airport,Mecca East Airport,21.4375,39.994202,1210,AS,SA,SA-02,Mecca,no,,,OE49,OE49,Asia/Riyadh
5762,OE55,medium_airport,Aradah Airport,21.226999,55.2673,699,AS,SA,SA-04,Ardah,no,OEAD,,OEAD,,Asia/Riyadh
5082,OEAB,large_airport,Abha International Airport,18.2404,42.656601,6858,AS,SA,SA-14,Abha,yes,OEAB,AHB,OEAB,,Asia/Riyadh
5083,OEAH,large_airport,Al-Ahsa International Airport,25.285299,49.485199,588,AS,SA,SA-04,Hofuf,yes,OEAH,HOF,OEAH,,Asia/Riyadh
300611,OEAO,large_airport,Al-Ula International Airport,26.483634,38.117048,2050,AS,SA,SA-03,Al-Ula,yes,OEAO,ULH,OEAO,,Asia/Riyadh
5084,OEBA,medium_airport,King Saud Bin Abdulaziz (Al Baha) Airport,20.298506,41.636153,5486,AS,SA,SA-11,Al-Baha,yes,OEBA,ABT,OEBA,,Asia/Riyadh
5085,OEBH,medium_airport,Bisha Airport,19.9844,42.620899,3887,AS,SA,SA-14,Bisha,yes,OEBH,BHH,OEBH,,Asia/Riyadh
5087,OEDF,large_airport,King Fahd International Airport,26.4691,49.798209,72,AS,SA,SA-04,Ad Dammam,yes,OEDF,DMM,OEDF,,Asia/Riyadh
5088,OEDM,medium_airport,Dawadmi Domestic Airport,24.4499,44.121201,3026,AS,SA,SA-01,Dawadmi,yes,OEDM,DWD,OEDM,,Asia/Riyadh
5089,OEDR,large_airport,King Abdulaziz Air Base,26.2654,50.152,84,AS,SA,SA-04,Dhahran,no,OEDR,DHA,OEDR,,Asia/Riyadh
5090,OEGN,medium_airport,Jizan Regional Airport / King Abdullah bin Abdulaziz Airport,16.9011,42.5858,20,AS,SA,SA-09,Jizan,yes,OEGN,GIZ,OEGN,,Asia/Riyadh
5091,OEGS,large_airport,Prince Naif bin Abdulaziz International Airport,26.302799,43.774399,2126,AS,SA,SA-05,Qassim,yes,OEGS,ELQ,OEGS,,Asia/Riyadh
5092,OEGT,medium_airport,Gurayat Domestic Airport,31.412413,37.278898,1672,AS,SA,SA-12,Gurayat,yes,OEGT,URY,OEGT,,Asia/Riyadh
5093,OEHL,large_airport,Hail International Airport,27.437901,41.686298,3331,AS,SA,SA-06,Hail,yes,OEHL,HAS,OEHL,,Asia/Riyadh
5095,OEJB,medium_airport,Jubail Airport,27.039,49.405102,26,AS,SA,SA-04,Jubail,no,,,OEJB,,Asia/Riyadh
5096,OEJF,medium_airport,King Faisal Naval Base,21.348101,39.173,7,AS,SA,SA-02,Jeddah,no,OEJF,,OEJF,,Asia/Riyadh
5097,OEJN,large_airport,King Abdulaziz International Airport,21.680241,39.157436,48,AS,SA,SA-02,Jeddah,yes,OEJN,JED,OEJN,,Asia/Riyadh
5098,OEKK,medium_airport,King Khaled Military City Airport,27.9009,45.528198,1352,AS,SA,SA-04,King Khaled Military City,yes,OEKK,KMC,OEKK,,Asia/Riyadh
5099,OEKM,medium_airport,King Khalid Air Base,18.2973,42.803501,6778,AS,SA,SA-14,Khamis Mushait,no,OEKM,KMX,OEKM,,Asia/Riyadh
5101,OEMA,large_airport,Prince Mohammad Bin Abdulaziz Airport,24.5534,39.705101,2151,AS,SA,SA-03,Medina,yes,OEMA,MED,OEMA,,Asia/Riyadh
5102,OENG,medium_airport,Najran Domestic Airport,17.611401,44.419201,3982,AS,SA,SA-10,Najran,yes,OENG,EAM,OENG,,Asia/Riyadh
332512,OENN,large_airport,Neom Bay Airport,27.924261,35.29358,29,AS,SA,SA-07,Sharma,yes,OENN,NUM,OENN,,Asia/Riyadh
5103,OEPA,large_airport,Qaisumah–Hafar Al-Batin International Airport,28.335726,46.127108,1174,AS,SA,SA-04,Qaisumah,yes,OEPA,AQI,OEPA,,Asia/Riyadh
5109,OEPS,medium_airport,Prince Sultan Air Base,24.0627,47.580502,1651,AS,SA,SA-01,Al Kharj,no,OEPS,AKH,OEPS,,Asia/Riyadh
5111,OERF,medium_airport,Rafha Domestic Airport,29.626399993896484,43.4906005859375,1474,AS,SA,SA-08,Rafha,yes,OERF,RAH,OERF,,Asia/Riyadh
5112,OERK,large_airport,King Khalid International Airport,24.9576,46.698799,2049,AS,SA,SA-01,Riyadh,yes,OERK,RUH,OERK,,Asia/Riyadh
5113,OERM,medium_airport,Ras Mishab Airport,28.079599,48.611,13,AS,SA,SA-04,Al Mishab,no,OERM,,OERM,,Asia/Riyadh
5114,OERR,medium_airport,Arar Domestic Airport,30.906600952148438,41.13819885253906,1813,AS,SA,SA-08,Arar,yes,OERR,RAE,OERR,,Asia/Riyadh
5115,OERT,medium_airport,Ras Tanura Airport,26.723101,50.0308,6,AS,SA,SA-04,Ras Tanura,no,OERT,,OERT,,Asia/Riyadh
5118,OESH,medium_airport,Sharurah Domestic Airport,17.4669,47.121399,2363,AS,SA,SA-10,Sharurah,yes,OESH,SHW,OESH,,Asia/Riyadh
5119,OESK,large_airport,Al-Jawf International Airport,29.783301,40.100905,2261,AS,SA,SA-12,Al-Jawf,yes,OESK,AJF,OESK,,Asia/Riyadh
5121,OETB,large_airport,Prince Sultan bin Abdulaziz International Airport,28.3711,36.624865,2551,AS,SA,SA-07,Tabuk,yes,OETB,TUU,OETB,,Asia/Riyadh
5122,OETF,large_airport,Taif International Airport,21.484739,40.544074,4848,AS,SA,SA-02,Taif,yes,OETF,TIF,OETF,,Asia/Riyadh
5124,OETN,medium_airport,Ras Tanajib Airport,27.8678,48.7691,30,AS,SA,SA-04,As Saffaniyah,no,OETN,,OETN,,Asia/Riyadh
5125,OETR,medium_airport,Turaif Domestic Airport,31.692188,38.731544,2803,AS,SA,SA-08,Turaif,yes,OETR,TUI,OETR,,Asia/Riyadh
5127,OEWD,medium_airport,Wadi Al Dawasir Domestic Airport,20.504299,45.1996,2062,AS,SA,SA-01,Wadi Al Dawasir,yes,OEWD,WAE,OEWD,,Asia/Riyadh
5128,OEWJ,medium_airport,Al Wajh Domestic Airport,26.198601,36.476398,66,AS,SA,SA-07,Al Wajh,yes,OEWJ,EJH,OEWJ,,Asia/Riyadh
5129,OEYN,large_airport,Prince Abdulmohsen Bin Abdulaziz International Airport,24.144199,38.0634,26,AS,SA,SA-03,Yanbu,yes,OEYN,YNB,OEYN,,Asia/Riyadh
5130,OIAA,large_airport,Abadan Ayatollah Jami International Airport,30.367887,48.230075,10,AS,IR,IR-06,Abadan,yes,OIAA,ABD,OIAA,,Asia/Tehran
5131,OIAD,medium_airport,Dezful Airport,32.434399,48.397598,474,AS,IR,IR-06,Dezful,yes,OIAD,DEF,OIAD,,Asia/Tehran
5132,OIAG,medium_airport,Aghajari Airport,30.7444,49.6772,88,AS,IR,IR-06,Omidiyeh,no,OIAG,AKW,OIAG,,Asia/Tehran
5133,OIAH,medium_airport,Gachsaran Airport,30.333869,50.833796,2414,AS,IR,IR-17,Gachsaran,yes,OIAH,GCH,OIAH,,Asia/Tehran
5134,OIAI,medium_airport,Shahid Asiyaee Airport,32.001719,49.268599,1206,AS,IR,IR-06,Masjed Soleyman,no,,QMJ,OIAI,,Asia/Tehran
5136,OIAM,medium_airport,Mahshahr Airport,30.5562,49.151901,8,AS,IR,IR-06,Mahshahr,yes,OIAM,MRX,OIAM,,Asia/Tehran
5137,OIAW,large_airport,Qasem Soleimani International Airport,31.3364,48.763789,66,AS,IR,IR-06,Ahvaz,yes,OIAW,AWZ,OIAW,,Asia/Tehran
5138,OIBA,medium_airport,Abu Musa Island Airport,25.8757,55.033001,23,AS,IR,IR-22,Abu Musa,yes,OIBA,AEU,OIBA,,Asia/Tehran
5139,OIBB,medium_airport,Bushehr Airport,28.9447994232,50.8345985413,68,AS,IR,IR-18,Bushehr,yes,OIBB,BUZ,OIBB,,Asia/Tehran
5142,OIBJ,medium_airport,Jam Airport,27.820499,52.3522,2173,AS,IR,IR-18,Jam,no,OIBJ,KNR,OIBJ,,Asia/Tehran
5143,OIBK,large_airport,Kish International Airport,26.525427,53.980462,101,AS,IR,IR-22,Kish Island,yes,OIBK,KIH,OIBK,,Asia/Tehran
5144,OIBL,medium_airport,Bandar Lengeh International Airport,26.532283,54.82484,67,AS,IR,IR-22,Bandar Lengeh,yes,OIBL,BDH,OIBL,,Asia/Tehran
5145,OIBP,medium_airport,Persian Gulf International Airport,27.379601,52.737701,27,AS,IR,IR-18,Khiyaroo,yes,OIBP,PGU,OIBP,,Asia/Tehran
5146,OIBQ,medium_airport,Khark Airport,29.260503,50.322193,17,AS,IR,IR-18,Khark,yes,OIBQ,KHK,OIBQ,,Asia/Tehran
5147,OIBS,medium_airport,Siri Airport,25.908899,54.539398,43,AS,IR,IR-22,Siri,no,OIBS,SXI,OIBS,,Asia/Tehran
5148,OIBV,medium_airport,Lavan Airport,26.810742,53.354302,76,AS,IR,IR-22,Lavan Airport,no,OIBV,LVP,OIBV,,Asia/Tehran
5149,OICC,medium_airport,Shahid Ashrafi Esfahani Airport,34.3459014893,47.1581001282,4307,AS,IR,IR-05,Kermanshah,yes,OICC,KSH,OICC,,Asia/Tehran
5150,OICI,medium_airport,Ilam Airport,33.58660125732422,46.40480041503906,4404,AS,IR,IR-16,Ilam,no,OICI,IIL,OICI,,Asia/Tehran
5151,OICK,medium_airport,Khoram Abad Airport,33.43539810180664,48.282901763916016,3782,AS,IR,IR-15,,yes,OICK,KHD,OICK,,Asia/Tehran
5152,OICS,medium_airport,Sanandaj Airport,35.24589920043945,47.00920104980469,4522,AS,IR,IR-12,,yes,OICS,SDG,OICS,,Asia/Tehran
5155,OIFK,medium_airport,Kashan Airport,33.895302,51.577,3465,AS,IR,IR-10,Kashan,yes,OIFK,KKS,OIFK,,Asia/Tehran
5156,OIFM,large_airport,Isfahan Shahid Beheshti International Airport,32.755142,51.883877,5059,AS,IR,IR-10,Isfahan,yes,OIFM,IFN,OIFM,,Asia/Tehran
5157,OIFP,medium_airport,Badr Air Base,32.621101,51.696999,5242,AS,IR,IR-10,Esfahan,no,,,OIFP,,Asia/Tehran
5158,OIFS,medium_airport,Shahrekord Airport,32.2971992493,50.842201232899995,6723,AS,IR,IR-14,Shahrekord,no,OIFS,CQD,OIFS,,Asia/Tehran
5159,OIGG,medium_airport,Sardar-e-Jangal Airport,37.323333,49.617778,-40,AS,IR,IR-01,Rasht,yes,OIGG,RAS,OIGG,,Asia/Tehran
5160,OIHH,medium_airport,Hamadan Airport,34.866416,48.56069,5755,AS,IR,IR-13,Hamadan,yes,OIHH,HDM,OIHH,,Asia/Tehran
5162,OIHS,medium_airport,Nojeh Air Base,35.211601,48.6534,5609,AS,IR,IR-13,Amirabad,no,OIHS,NUJ,OIHS,,Asia/Tehran
5166,OIIE,large_airport,Imam Khomeini International Airport,35.416099548339844,51.152198791503906,3305,AS,IR,IR-23,Tehran,yes,OIIE,IKA,OIIE,,Asia/Tehran
5168,OIII,large_airport,Mehrabad International Airport,35.689175,51.314392,3962,AS,IR,IR-23,Tehran,yes,OIII,THR,OIII,,Asia/Tehran
5169,OIIK,medium_airport,Qazvin Airport,36.240101,50.0471,4184,AS,IR,IR-26,Qazvin,no,OIIK,GZW,OIIK,,Asia/Tehran
5171,OIIP,large_airport,Payam International Airport,35.7761,50.826698,4170,AS,IR,IR-32,Karaj,yes,OIIP,PYK,OIIP,,Asia/Tehran
32103,OIIS,small_airport,Semnan Municipal Airport,35.591099,53.495098,3665,AS,IR,IR-20,Semnan,yes,OIIS,SNX,OIIS,,Asia/Tehran
5172,OIKB,large_airport,Bandar Abbas International Airport,27.2183,56.3778,22,AS,IR,IR-22,Bandar Abbas,yes,OIKB,BND,OIKB,,Asia/Tehran
5173,OIKJ,medium_airport,Jiroft Airport,28.723519,57.675037,2663,AS,IR,IR-08,Jiroft,no,OIKJ,JYR,OIKJ,,Asia/Tehran
5174,OIKK,large_airport,Ayatollah Hashemi Rafsanjani International Airport,30.271276,56.949692,5741,AS,IR,IR-08,Kerman,yes,OIKK,KER,OIKK,,Asia/Tehran
5175,OIKM,medium_airport,Bam Airport,29.0842,58.450001,3231,AS,IR,IR-08,Bam,yes,OIKM,BXR,OIKM,,Asia/Tehran
35276,OIKQ,large_airport,Qeshm International Airport,26.754639,55.902353,45,AS,IR,IR-22,Qeshm(Dayrestan),yes,OIKQ,GSM,OIKQ,,Asia/Tehran
5178,OIKR,medium_airport,Rafsanjan Airport,30.298345,56.048979,5298,AS,IR,IR-08,Rafsanjan,yes,OIKR,RJN,OIKR,,Asia/Tehran
5179,OIKY,medium_airport,Sirjan Airport,29.5509,55.672699,5846,AS,IR,IR-08,Sirjan,no,OIKY,SYJ,OIKY,,Asia/Tehran
5180,OIMB,large_airport,Birjand International Airport,32.896525,59.281258,4952,AS,IR,IR-29,Birjand,yes,OIMB,XBJ,OIMB,,Asia/Tehran
5181,OIMC,medium_airport,Sarakhs Airport,36.501202,61.064899,945,AS,IR,IR-09,Sarakhs,no,OIMC,CKT,OIMC,,Asia/Tehran
5183,OIMM,large_airport,Mashhad International Airport,36.234821,59.642949,3263,AS,IR,IR-09,Mashhad,yes,OIMM,MHD,OIMM,,Asia/Tehran
5184,OIMN,medium_airport,Bojnord Airport,37.49300003051758,57.30820083618164,3499,AS,IR,IR-28,Bojnord,yes,OIMN,BJB,OIMN,,Asia/Tehran
5185,OIMS,medium_airport,Sabzevar National Airport,36.16809844970703,57.59519958496094,3010,AS,IR,IR-09,Sabzevar,yes,OIMS,AFZ,OIMS,,Asia/Tehran
5186,OIMT,medium_airport,Tabas Airport,33.667801,56.8927,2312,AS,IR,IR-21,Tabas,no,OIMT,TCX,OIMT,,Asia/Tehran
5188,OING,medium_airport,Gorgan Airport,36.909400939899996,54.4012985229,-24,AS,IR,IR-27,Gorgan,no,OING,GBT,OING,,Asia/Tehran
5190,OINN,medium_airport,Nowshahr Airport,36.664286,51.46273,-61,AS,IR,IR-02,Nowshahr,yes,OINN,NSH,OINN,,Asia/Tehran
5191,OINR,medium_airport,Ramsar Airport,36.90701,50.687316,-70,AS,IR,IR-02,Ramsar,yes,OINR,RZR,OINR,,Asia/Tehran
5192,OINZ,medium_airport,Sari Dasht-e Naz International Airport,36.644408,53.188761,35,AS,IR,IR-02,Sari,yes,OINZ,SRY,OINZ,,Asia/Tehran
5193,OISF,medium_airport,Fasa Airport,28.8918,53.723301,4261,AS,IR,IR-07,Fasa,no,OISF,FAZ,OISF,,Asia/Tehran
5195,OISL,medium_airport,Lar Airport,27.6747,54.383301,2641,AS,IR,IR-07,Lar,yes,OISL,LRR,OISL,,Asia/Tehran
5196,OISR,medium_airport,Lamerd Airport,27.3727,53.188801,1337,AS,IR,IR-07,Lamerd,yes,OISR,LFM,OISR,,Asia/Tehran
5197,OISS,large_airport,Shiraz Shahid Dastghaib International Airport,29.5392,52.589802,4927,AS,IR,IR-07,Shiraz,yes,OISS,SYZ,OISS,,Asia/Tehran
5198,OISY,medium_airport,Yasuj Airport,30.702238,51.542988,5939,AS,IR,IR-17,Yasuj,no,OISY,YES,OISY,,Asia/Tehran
5200,OITL,medium_airport,Ardabil Airport,38.3256988525,48.4244003296,4315,AS,IR,IR-24,Ardabil,yes,OITL,ADU,OITL,,Asia/Tehran
5202,OITP,small_airport,Parsabad-Moghan Airport,39.6036,47.8815,251,AS,IR,IR-24,Parsabad,yes,OITP,PFQ,OITP,,Asia/Tehran
5203,OITR,medium_airport,Urmia Airport,37.6680984497,45.0686988831,4343,AS,IR,IR-04,Urmia,yes,OITR,OMH,OITR,,Asia/Tehran
5204,OITT,large_airport,Tabriz International Airport,38.1339,46.235001,4459,AS,IR,IR-03,Tabriz,yes,OITT,TBZ,OITT,,Asia/Tehran
42526,OITU,medium_airport,Maku National Airport,39.191293,44.928505,3136,AS,IR,IR-04,Showt,no,OITU,IMQ,OITU,,Asia/Tehran
5205,OITZ,medium_airport,Zanjan Airport,36.7737007141,48.3594017029,5382,AS,IR,IR-19,Zanjan,no,OITZ,JWN,OITZ,,Asia/Tehran
5206,OIYY,medium_airport,Shahid Sadooghi Airport,31.9048995972,54.2765007019,4054,AS,IR,IR-21,Yazd,yes,OIYY,AZD,OIYY,,Asia/Tehran
5207,OIZB,medium_airport,Zabol Airport,31.098301,61.5439,1628,AS,IR,IR-11,Zabol,no,OIZB,ACZ,OIZB,,Asia/Tehran
5208,OIZC,medium_airport,Chabahar Konarak International Airport,25.44319,60.382167,13,AS,IR,IR-11,Konarak,yes,OIZC,ZBR,OIZC,ZBR,Asia/Tehran
5209,OIZH,large_airport,Zahedan International Airport,29.4757,60.9062,4564,AS,IR,IR-11,Zahedan,yes,OIZH,ZAH,OIZH,,Asia/Tehran
5210,OIZI,medium_airport,Iranshahr Airport,27.236099,60.720001,2040,AS,IR,IR-11,Iranshahr,no,OIZI,IHR,OIZI,,Asia/Tehran
32107,OIZJ,small_airport,Jask Airport,25.654757,57.801718,19,AS,IR,IR-22,Bandar-e-Jask,yes,OIZJ,JSK,OIZJ,,Asia/Tehran
5212,OJAI,large_airport,Queen Alia International Airport,31.7226009369,35.9931983948,2395,AS,JO,JO-AM,Amman,yes,OJAI,AMM,OJAI,,Asia/Amman
5213,OJAM,large_airport,Marka International (Amman Civil) Airport,31.9727,35.9916,2555,AS,JO,JO-AM,Amman,yes,OJAM,ADJ,OJAM,,Asia/Amman
5214,OJAQ,large_airport,King Hussein International Airport,29.611601,35.018101,175,AS,JO,JO-AQ,Aqaba,yes,OJAQ,AQJ,OJAQ,,Asia/Amman
3354,OJMS,medium_airport,Muwaffaq Salti Air Base,31.8256,36.782001,1706,AS,JO,JO-AZ,Al Azraq,no,OJMS,,OJMS,,
32108,OKAJ,medium_airport,Ahmed Al Jaber Air Base,28.9347991943,47.791900634799994,409,AS,KW,KW-AH,Ahmed Al Jaber AB,no,OKAJ,XIJ,OKAJ,,Asia/Kuwait
5219,OKAS,medium_airport,Ali Al Salem Air Base,29.346905,47.520118,472,AS,KW,KW-JA,Al Damaikhi,no,OKAS,,OKAS,,Asia/Kuwait
5220,OKKK,large_airport,Kuwait International Airport,29.224487,47.969813,206,AS,KW,KW-FA,Kuwait City,yes,OKKK,KWI,OKKK,,Asia/Kuwait
5222,OLBA,large_airport,Beirut Rafic Hariri International Airport,33.819833,35.487443,87,AS,LB,LB-JL,Beirut,yes,OLBA,BEY,OLBA,,Asia/Beirut
13527,OLH,small_airport,Old Harbor Airport,57.218102,-153.270004,55,NA,US,US-AK,Old Harbor,yes,,OLH,,6R7,
5223,OLKA,medium_airport,Rene Mouawad Air Base,34.589298,36.011299,75,AS,LB,LB-AS,Tripoli,no,OLKA,KYE,OLKA,,Asia/Beirut
5224,OLRA,medium_airport,Rayak Air Base,33.850799560546875,35.987701416015625,3018,AS,LB,LB-BI,Rayak,no,,,OLRA,,Asia/Beirut
299738,OM-0003,large_airport,Duqm International Airport,19.501944,57.634167,364,AS,OM,OM-WU,Duqm,yes,OODQ,DQM,OODQ,,Asia/Muscat
299747,OM-0004,medium_airport,Mussanah Airport,23.640556,57.4875,372,AS,OM,OM-BA,Al Masna'ah,no,,MNH,OOMN,,Asia/Muscat
340196,OM-0007,medium_airport,Ras al Hadd Airport,22.25691,59.74067,,AS,OM,OM-SH,Ras ar Ruays,no,,,OORH,,
5226,OMAA,large_airport,Zayed International Airport,24.440966,54.649237,88,AS,AE,AE-AZ,Abu Dhabi,yes,OMAA,AUH,OMAA,,Asia/Dubai
5227,OMAD,large_airport,Al Bateen Executive Airport,24.427062,54.459866,16,AS,AE,AE-AZ,Abu Dhabi,no,OMAD,AZI,OMAD,,Asia/Dubai
5230,OMAL,large_airport,Al Ain International Airport,24.2617,55.6092,869,AS,AE,AE-AZ,Al Ain,yes,OMAL,AAN,OMAL,,Asia/Dubai
5231,OMAM,medium_airport,Al Dhafra Air Base,24.248199462900004,54.547698974599996,77,AS,AE,AE-AZ,,no,OMAM,DHF,OMAM,,Asia/Dubai
315653,OMBY,medium_airport,Sir Bani Yas Airport,24.283611,52.580278,25,AS,AE,AE-AZ,Sir Bani Yas,no,OMBY,XSB,OMBY,OMBY,Asia/Dubai
5235,OMDB,large_airport,Dubai International Airport,25.24979,55.370992,62,AS,AE,AE-DU,Dubai,yes,OMDB,DXB,OMDB,,Asia/Dubai
315507,OMDL,small_airport,Delma Airport,24.51,52.3352,30,AS,AE,AE-AZ,Delma Island,yes,OMDL,ZDY,OMDL,,
5236,OMDM,medium_airport,Al Minhad Air Base,25.0268001556,55.3661994934,165,AS,AE,AE-DU,Dubai,no,OMDM,NHD,OMDM,,Asia/Dubai
300320,OMDW,large_airport,Al Maktoum International Airport,24.896171,55.16235,114,AS,AE,AE-DU,Dubai(Jebel Ali),yes,OMDW,DWC,OMDW,,Asia/Dubai
5237,OMFJ,large_airport,Fujairah International Airport,25.108411,56.328061,152,AS,AE,AE-FU,Fujairah,yes,OMFJ,FJR,OMFJ,,Asia/Dubai
5238,OMRK,large_airport,Ras Al Khaimah International Airport,25.613501,55.938801,102,AS,AE,AE-RK,Ras Al Khaimah,yes,OMRK,RKT,OMRK,,Asia/Dubai
5239,OMSJ,large_airport,Sharjah International Airport,25.3286,55.5172,111,AS,AE,AE-SH,Sharjah,yes,OMSJ,SHJ,OMSJ,,Asia/Dubai
5240,OOKB,medium_airport,Khasab Airport,26.171,56.240601,100,AS,OM,OM-MU,Khasab,yes,OOKB,KHS,OOKB,,Asia/Muscat
5241,OOMA,medium_airport,RAFO Masirah,20.6754,58.890499,64,AS,OM,OM-SH,Masirah,no,OOMA,MSH,OOMA,,Asia/Muscat
5242,OOMS,large_airport,Muscat International Airport,23.600218,58.285268,48,AS,OM,OM-MA,Muscat/Seeb,yes,OOMS,MCT,OOMS,,Asia/Muscat
5244,OOSA,large_airport,Salalah International Airport,17.0387,54.091301,73,AS,OM,OM-ZU,Salalah,yes,OOSA,SLL,OOSA,,Asia/Muscat
299742,OOSH,large_airport,Suhar International Airport,24.38604,56.62541,20,AS,OM,OM-BA,Suhar,yes,OOSH,OHS,OOSH,,Asia/Muscat
5245,OOTH,medium_airport,Thumrait Air Base,17.666,54.024601,1570,AS,OM,OM-ZU,Thumrait,no,OOTH,TTH,OOTH,,Asia/Muscat
5461,OP12,medium_airport,Shamsi Airfield,27.8465,65.160004,2524,AS,PK,PK-BA,Washuk,no,,,,,
5247,OPBW,medium_airport,Bahawalpur Airport,29.348100662231445,71.71800231933594,392,AS,PK,PK-PB,Bahawalpur,yes,OPBW,BHV,OPBW,,Asia/Karachi
5248,OPCH,medium_airport,Chitral Airport,35.886213,71.799922,4920,AS,PK,PK-KP,Chitral,yes,OPCH,CJL,OPCH,,Asia/Karachi
30878,OPDB,small_airport,Dalbandin Airport,28.878299713100002,64.3998031616,2800,AS,PK,PK-BA,Dalbandin,yes,OPDB,DBA,OPDB,,Asia/Karachi
5249,OPDG,medium_airport,Dera Ghazi Khan Airport,29.961000442504883,70.48590087890625,492,AS,PK,PK-PB,Dera Ghazi Khan,yes,OPDG,DEA,OPDG,,Asia/Karachi
5250,OPDI,medium_airport,Dera Ismael Khan Airport [IN-ACTIVE],31.909401,70.896599,594,AS,PK,PK-KP,Dera Ismael Khan,no,OPDI,DSK,OPDI,,Asia/Karachi
5251,OPFA,large_airport,Faisalabad International Airport,31.364923,72.995319,591,AS,PK,PK-PB,Faisalabad,yes,OPFA,LYP,OPFA,,Asia/Karachi
342092,OPGD,large_airport,New Gwadar International Airport,25.296733,62.498822,61,AS,PK,PK-BA,Gurandani,yes,OPGW,GWD,OPGW,,Asia/Karachi
5253,OPGT,medium_airport,Gilgit Airport,35.918800354003906,74.33360290527344,4796,AS,PK,PK-GB,Gilgit,yes,OPGT,GIL,OPGT,,Asia/Karachi
333692,OPIS,large_airport,Islamabad International Airport,33.549,72.82566,1761,AS,PK,PK-PB,Attock,yes,OPIS,ISB,OPIS,,Asia/Karachi
5254,OPJA,medium_airport,Shahbaz Air Base,28.28420066833496,68.44969940185547,185,AS,PK,PK-SD,Jacobabad,no,OPJA,JAG,OPJA,,Asia/Karachi
5255,OPKC,large_airport,Jinnah International Airport,24.9065,67.160797,100,AS,PK,PK-SD,Karachi,yes,OPKC,KHI,OPKC,,Asia/Karachi
31575,OPKD,small_airport,Hyderabad Airport,25.3181,68.366096,130,AS,PK,PK-SD,Hyderabad,yes,OPKD,HDD,OPKD,,Asia/Karachi
31735,OPKH,small_airport,Khuzdar Airport,27.790599823,66.6473007202,4012,AS,PK,PK-BA,Khuzdar,yes,OPKH,KDD,OPKH,,Asia/Karachi
5257,OPLA,large_airport,Allama Iqbal International Airport,31.521601,74.403603,712,AS,PK,PK-PB,Lahore,yes,OPLA,LHE,OPLA,,Asia/Karachi
5259,OPMA,medium_airport,Mangla Airport,33.05009841918945,73.63839721679688,902,AS,PK,PK-PB,Mangla,no,OPMA,XJM,OPMA,,Asia/Karachi
5260,OPMF,small_airport,Muzaffarabad Airport,34.338835,73.508886,2691,AS,PK,PK-JK,Muzaffarabad,yes,OPMF,MFG,OPMF,,Asia/Karachi
5261,OPMI,medium_airport,Mianwali Air Base,32.5630989074707,71.5707015991211,690,AS,PK,PK-PB,Mianwali,no,OPMI,MWD,OPMI,,Asia/Karachi
5262,OPMJ,medium_airport,Moenjodaro Airport,27.335199,68.143097,154,AS,PK,PK-SD,Moenjodaro,no,OPMJ,MJD,OPMJ,,Asia/Karachi
5263,OPMR,medium_airport,Masroor Air Base,24.893600463867188,66.93879699707031,35,AS,PK,PK-SD,Karachi,no,,,OPMR,,Asia/Karachi
32124,OPMS,medium_airport,Minhas Air Base,33.8690986633,72.4009017944,1023,AS,PK,PK-PB,Kamra,no,,ATG,OPMS,,Asia/Karachi
5264,OPMT,large_airport,Multan International Airport,30.203199,71.419098,403,AS,PK,PK-PB,Multan,yes,OPMT,MUX,OPMT,,Asia/Karachi
5265,OPNH,medium_airport,Shaheed Benazirabad Airport,26.2194,68.390099,95,AS,PK,PK-SD,Nawabashah,yes,OPNH,WNS,OPNH,,Asia/Karachi
5268,OPPG,medium_airport,Panjgur Airport,26.9545,64.1325,3289,AS,PK,PK-BA,Panjgur,no,OPPG,PJG,OPPG,,Asia/Karachi
5269,OPPI,medium_airport,Pasni Airport,25.290501,63.3451,33,AS,PK,PK-BA,Pasni,no,OPPI,PSI,OPPI,,Asia/Karachi
5270,OPPS,large_airport,Bacha Khan International Airport,33.9939,71.514603,1158,AS,PK,PK-KP,Peshawar,yes,OPPS,PEW,OPPS,,Asia/Karachi
5272,OPQT,large_airport,Quetta International Airport,30.2514,66.937798,5267,AS,PK,PK-BA,Quetta,yes,OPQT,UET,OPQT,,Asia/Karachi
5273,OPRK,medium_airport,Shaikh Zaid Airport,28.383899688720703,70.27960205078125,271,AS,PK,PK-PB,Rahim Yar Khan,yes,OPRK,RYK,OPRK,,Asia/Karachi
5274,OPRN,medium_airport,PAF Base Nur Khan (Benazir Bhutto International Airport),33.616699,73.099197,1668,AS,PK,PK-PB,Rawalpindi,no,,,OPRN,,Asia/Karachi
32125,OPRQ,medium_airport,Rafiqui Air Base,30.758100509643555,72.28250122070312,492,AS,PK,PK-PB,Shorkot,no,,,OPRQ,,Asia/Karachi
5275,OPRS,medium_airport,Risalpur Air Base,34.08110046386719,71.97260284423828,1050,AS,PK,PK-KP,Risalpur,no,,,OPRS,,Asia/Karachi
5276,OPRT,medium_airport,Rawalakot Airport,33.849701,73.798103,5479,AS,PK,PK-JK,Rawalakot,no,OPRT,RAZ,OPRT,,Asia/Karachi
5277,OPSD,large_airport,Skardu International Airport,35.33866,75.538648,7316,AS,PK,PK-GB,Skardu,yes,OPSD,KDU,OPSD,,Asia/Karachi
5278,OPSF,medium_airport,Faisal Air Base,24.87420082092285,67.11849975585938,29,AS,PK,PK-SD,Karachi,no,,,OPSF,,Asia/Karachi
5279,OPSK,medium_airport,Begum Nusrat Bhutto International Airport Sukkur,27.722,68.791702,196,AS,PK,PK-SD,Sukkur,yes,OPSK,SKZ,OPSK,,Asia/Karachi
30590,OPSN,medium_airport,Sehwan Sharif Airport,26.473101,67.717201,121,AS,PK,PK-SD,Sehwan Sharif,no,OPSN,SYW,OPSN,,Asia/Karachi
32290,OPSR,medium_airport,Mushaf Air Base,32.04859924316406,72.66500091552734,614,AS,PK,PK-PB,Sargodha,no,OPSR,SGI,OPSR,,Asia/Karachi
5280,OPSS,medium_airport,Saidu Sharif Airport,34.813599,72.352798,3183,AS,PK,PK-KP,Saidu Sharif,no,OPSS,SDT,OPSS,,Asia/Karachi
41624,OPST,large_airport,Sialkot International Airport,32.535941,74.364623,837,AS,PK,PK-PB,Sialkot,yes,OPST,SKT,OPST,,Asia/Karachi
5281,OPSU,medium_airport,Sui Airport,28.645099639892578,69.1769027709961,763,AS,PK,PK-BA,Sui,no,OPSU,SUL,OPSU,,Asia/Karachi
5283,OPTU,large_airport,Turbat International Airport,25.984767,63.028856,498,AS,PK,PK-BA,Turbat,yes,OPTU,TUK,OPTU,,Asia/Karachi
5285,OPZB,medium_airport,Zhob Airport,31.358400344848633,69.4636001586914,4728,AS,PK,PK-BA,Fort Sandeman,yes,OPZB,PZH,OPZB,,Asia/Karachi
5286,ORAA,medium_airport,Al Asad Air Base,33.7855987549,42.4412002563,618,AS,IQ,IQ-AN,Hīt,no,ORAA,IQA,ORAA,,Asia/Baghdad
5287,ORAT,medium_airport,Al Taqaddum Air Base,33.33810043335,43.597099304199,275,AS,IQ,IQ-AN,Al Habbaniyah,no,ORAT,TQD,ORAT,,Asia/Baghdad
5288,ORBD,medium_airport,Balad Southeast Airport / Joint Base Balad,33.940201,44.361599,161,AS,IQ,IQ-SD,Al Bakr,no,,,ORBD,OR9,Asia/Baghdad
5289,ORBI,large_airport,Baghdad International Airport / New Al Muthana Air Base,33.262501,44.2346,114,AS,IQ,IQ-BG,Baghdad,yes,ORBI,BGW,ORBI,,Asia/Baghdad
5290,ORBM,large_airport,Mosul International Airport,36.305801,43.1474,719,AS,IQ,IQ-NI,Mosul,no,ORBM,OSM,ORBM,,Asia/Baghdad
5292,ORER,large_airport,Erbil International Airport,36.236047,43.946615,1341,AS,IQ,IQ-AR,Arbil,yes,ORER,EBL,ORER,,Asia/Baghdad
23950,ORI,small_airport,Port Lions Airport,57.884905,-152.847719,52,NA,US,US-AK,Port Lions,yes,,ORI,,ORI,
5293,ORKK,large_airport,Kirkuk International Airport,35.469501,44.3489,1061,AS,IQ,IQ-TS,Kirkuk,yes,ORKK,KIK,ORKK,,Asia/Baghdad
5294,ORMM,large_airport,Basra International Airport,30.549101,47.662102,11,AS,IQ,IQ-BA,Basra,yes,ORMM,BSR,ORMM,,Asia/Baghdad
311028,ORNI,large_airport,Al Najaf International Airport,31.991116,44.405019,103,AS,IQ,IQ-NA,Najaf,yes,ORNI,NJF,ORNI,,Asia/Baghdad
5295,ORQW,medium_airport,Qayyarah West Airport,35.7672,43.125099,749,AS,IQ,IQ-NI,Qayyarah,no,,RQW,ORQW,,Asia/Baghdad
5296,ORSH,medium_airport,Al Sahra Army Air Field,34.673199,43.542999,451,AS,IQ,IQ-SD,Tikrit,no,,,ORSH,,Asia/Baghdad
5297,ORSU,medium_airport,Jalal Talabani International Airport,35.560487,45.315137,2494,AS,IQ,IQ-SW,Sulaymaniyah,yes,ORSJ,ISU,ORSJ,,Asia/Baghdad
5298,ORTF,medium_airport,Tall Afar Army Air Field,36.2831,42.403,996,AS,IQ,IQ-NI,Tall Afar,no,ORTF,,ORTF,,Asia/Baghdad
5299,ORTI,medium_airport,Al Taji Army Air Field,33.523899,44.256699,121,AS,IQ,IQ-BG,Taji,no,ORTI,,ORTI,,Asia/Baghdad
5300,ORTL,medium_airport,Ali Air Base,30.935801,46.090099,20,AS,IQ,IQ-DQ,Nasiriyah,no,,XNH,ORTL,,Asia/Baghdad
5301,ORUB,medium_airport,Ubaydah Bin Al Jarrah Airport,32.481998,45.757099,68,AS,IQ,IQ-WA,Al Kut,no,ORUB,,ORUB,,Asia/Baghdad
6339,OS57,medium_airport,Abu ad Duhur Air Base,35.732200622558594,37.10419845581055,846,AS,SY,SY-HL,Abu ad Duhur,no,,,,,
6346,OS64,medium_airport,An Nasiriyah Air Base,33.91899871826172,36.866600036621094,2727,AS,SY,SY-DI,,no,,,,,
6351,OS69,medium_airport,Khalkhalah Air Base,33.077301025390625,36.55820846557617,2310,AS,SY,SY-SU,Buraq,no,,,,,
6352,OS70,medium_airport,Al Qusayr Air Base,34.56909942626953,36.57279968261719,1768,AS,SY,SY-HI,Al-Qusayr,no,,,,,
5302,OSAP,large_airport,Aleppo International Airport,36.181262,37.226869,1276,AS,SY,SY-HL,Aleppo,yes,OSAP,ALP,OSAP,,Asia/Damascus
5303,OSDI,large_airport,Damascus International Airport,33.4114990234375,36.51559829711914,2020,AS,SY,SY-DI,Damascus,yes,OSDI,DAM,OSDI,,Asia/Damascus
5304,OSDZ,medium_airport,Deir ez-Zor Airport,35.2854,40.175999,700,AS,SY,SY-DY,Deir ez-Zor,no,OSDZ,DEZ,OSDZ,,Asia/Damascus
5305,OSKL,medium_airport,Qamishli International Airport,37.020599,41.191399,1480,AS,SY,SY-HA,Qamishli,yes,OSKL,KAC,OSKL,,Asia/Damascus
5306,OSLK,medium_airport,Latakia International Airport,35.4011,35.9487,157,AS,SY,SY-LA,Latakia,yes,OSLK,LTK,OSLK,,Asia/Damascus
5307,OSPR,medium_airport,Palmyra Airport,34.5574,38.316898,1322,AS,SY,SY-HI,Tadmur,no,OSPR,PMS,OSPR,,Asia/Damascus
5308,OTBD,large_airport,Doha International Airport,25.259431,51.565528,35,AS,QA,QA-DA,Doha,yes,OTBD,DIA,OTBD,,Asia/Qatar
5309,OTBH,medium_airport,Al Udeid Air Base,25.1173000336,51.3149986267,130,AS,QA,QA-RA,Ar Rayyan,no,OTBH,XJD,OTBH,,Asia/Qatar
44686,OTHH,large_airport,Hamad International Airport,25.273056,51.608056,13,AS,QA,QA-DA,Doha,yes,OTHH,DOH,OTHH,,Asia/Qatar
26977,OY74,medium_airport,Al Anad Air Base,13.1747,44.765099,900,AS,YE,YE-LA,Al Anad,no,,,,,
5311,OYAA,large_airport,Aden International Airport,12.829564,45.029976,7,AS,YE,YE-AD,Aden,yes,OYAA,ADE,OYAA,,Asia/Aden
5312,OYAT,medium_airport,Ataq Airport,14.5513,46.826199,3735,AS,YE,YE-SH,Ataq,no,OYAT,AXK,OYAT,,Asia/Aden
5315,OYGD,medium_airport,Al Ghaydah International Airport,16.193341,52.174186,134,AS,YE,YE-MR,Al Ghaydah,yes,OYGD,AAY,OYGD,,Asia/Aden
5316,OYHD,medium_airport,Hodeida International Airport,14.752039,42.975969,41,AS,YE,YE-HU,Hodeida,no,,,,,Asia/Aden
5317,OYRN,large_airport,Riyan International Airport,14.662241,49.375289,54,AS,YE,YE-HD,Mukalla(Riyan),yes,OYRN,RIY,OYRN,,Asia/Aden
5318,OYSN,large_airport,Sanaa International Airport,15.4763,44.2197,7216,AS,YE,YE-SA,Sanaa,yes,OYSN,SAH,OYSN,,Asia/Aden
5319,OYSQ,medium_airport,Socotra Airport,12.632093,53.906173,146,AS,YE,YE-SU,Mori,yes,OYSQ,SCT,OYSQ,,Asia/Aden
5320,OYSY,large_airport,Seiyun Hadhramaut International Airport,15.965887,48.788146,2097,AS,YE,YE-HD,Seiyun,yes,OYSY,GXF,OYSY,,Asia/Aden
5321,OYTZ,medium_airport,Taiz International Airport,13.686,44.139099,4838,AS,YE,YE-TA,Taiz,yes,OYTZ,TAI,OYTZ,,Asia/Aden
506052,PA-0038,small_airport,Pixvae Airstrip,7.841248,-81.567301,56,NA,PA,PA-9,Pixvae,yes,,,MPPX,,
35194,PA-BFQ,small_airport,Bahia Piña Airport,7.58737,-78.179939,14,NA,PA,PA-5,Puerto Piña,yes,MPPI,BFQ,MPPI,,
35195,PA-OTD,small_airport,Raul Arias Espinoza Airport,8.62876,-79.034698,43,NA,PA,PA-8,Contadora Island,yes,MPRA,OTD,MPRA,,
16190,PAAK,small_airport,Atka Airport,52.220299,-174.205994,57,NA,US,US-AK,Atka,yes,PAAK,AKB,PAAK,AKA,America/Adak
16094,PAAP,seaplane_base,Port Alexander Seaplane Base,56.246799,-134.647995,,NA,US,US-AK,Port Alexander,yes,PAAP,PTD,PAAP,AHP,
5336,PAAQ,medium_airport,"Warren ""Bud"" Woods Palmer Municipal Airport",61.594898,-149.08901,242,NA,US,US-AK,Palmer,no,PAAQ,PAQ,PAAQ,PAQ,America/Anchorage
5337,PABA,medium_airport,Barter Island Long Range Radar Station Airport,70.134003,-143.582001,2,NA,US,US-AK,Barter Island,yes,PABA,BTI,PABA,BTI,America/Anchorage
5338,PABE,medium_airport,Bethel Airport,60.77980042,-161.8379974,126,NA,US,US-AK,Bethel,yes,PABE,BET,PABE,BET,America/Anchorage
5339,PABI,medium_airport,Allen Army Airfield,63.994499,-145.722,1291,NA,US,US-AK,Delta Junction Ft Greely,no,PABI,BIG,PABI,BIG,America/Anchorage
5340,PABL,small_airport,Buckland Airport,65.981598,-161.149002,31,NA,US,US-AK,Buckland,yes,PABL,BKC,PABL,BVK,America/Anchorage
5342,PABR,medium_airport,Wiley Post Will Rogers Memorial Airport,71.285402,-156.766008,44,NA,US,US-AK,Utqiaġvik,yes,PABR,BRW,PABR,BRW,America/Anchorage
5343,PABT,small_airport,Bettles Airport,66.913902,-151.529007,647,NA,US,US-AK,Bettles,yes,PABT,BTT,PABT,BTT,America/Anchorage
5344,PABV,medium_airport,Birchwood Airport,61.4165,-149.507004,83,NA,US,US-AK,Birchwood,no,PABV,,PABV,BCV,America/Anchorage
5345,PACD,medium_airport,Cold Bay Airport,55.207871,-162.725029,96,NA,US,US-AK,Cold Bay,yes,PACD,CDB,PACD,CDB,America/Nome
16709,PACE,small_airport,Central Airport,65.573815,-144.780707,937,NA,US,US-AK,Central,yes,PACE,CEM,PACE,CEM,America/Anchorage
16714,PACI,small_airport,Chalkyitsik Airport,66.644997,-143.740005,544,NA,US,US-AK,Chalkyitsik,yes,PACI,CIK,PACI,CIK,America/Anchorage
16711,PACK,small_airport,Chefornak Airport,60.136667,-164.279167,49,NA,US,US-AK,Chefornak,yes,PACK,CYF,PACK,CFK,America/Nome
5346,PACL,medium_airport,Clear Airport,64.299738,-149.117432,552,NA,US,US-AK,Clear,no,PACL,,PACL,Z84,America/Anchorage
5347,PACM,small_airport,Scammon Bay Airport,61.84471,-165.575209,14,NA,US,US-AK,Scammon Bay,yes,PACM,SCM,PACM,SCM,America/Nome
16954,PACR,small_airport,Circle City (New) Airport,65.827673,-144.076195,613,NA,US,US-AK,Circle,yes,PACR,IRC,PACR,CRC,America/Anchorage
5348,PACV,medium_airport,Merle K (Mudhole) Smith Airport,60.491798,-145.477997,54,NA,US,US-AK,Cordova,yes,PACV,CDV,PACV,CDV,America/Anchorage
17058,PACY,small_airport,Yakataga Airport,60.080974,-142.494541,12,NA,US,US-AK,Yakataga,yes,PACY,CYT,PACY,0AA1,America/Anchorage
5349,PACZ,medium_airport,Cape Romanzof LRRS Airport,61.78030014,-166.0390015,464,NA,US,US-AK,Cape Romanzof,no,PACZ,CZF,PACZ,CZF,America/Nome
5350,PADE,medium_airport,Deering Airport,66.068901,-162.766914,21,NA,US,US-AK,Deering,yes,PADE,DRG,PADE,DEE,America/Nome
16092,PADK,medium_airport,Adak Airport,51.883564,-176.642783,18,NA,US,US-AK,Adak,yes,PADK,ADK,PADK,ADK,America/Adak
5351,PADL,medium_airport,Dillingham Airport,59.04470062,-158.5050049,81,NA,US,US-AK,Dillingham,yes,PADL,DLG,PADL,DLG,America/Anchorage
5352,PADM,small_airport,Marshall Don Hunter Sr Airport,61.8643,-162.026001,103,NA,US,US-AK,Marshall,yes,PADM,MLL,PADM,MDM,America/Anchorage
5353,PADQ,medium_airport,Kodiak Airport,57.75,-152.4940033,78,NA,US,US-AK,Kodiak,yes,PADQ,ADQ,PADQ,ADQ,America/Anchorage
5354,PADU,medium_airport,Tom Madsen (Dutch Harbor) Airport,53.89881,-166.544996,22,NA,US,US-AK,Unalaska,yes,PADU,DUT,PADU,DUT,America/Nome
17155,PADY,small_airport,Kongiganak Airport,59.9608,-162.880997,30,NA,US,US-AK,Kongiganak,yes,PADY,KKH,PADY,DUY,America/Nome
5355,PAED,medium_airport,Elmendorf Air Force Base,61.251709,-149.807097,212,NA,US,US-AK,Anchorage,no,PAED,EDF,PAED,EDF,America/Anchorage
17176,PAEE,small_airport,Eek Airport,60.213173,-162.044048,12,NA,US,US-AK,Eek,yes,PAEE,EEK,PAEE,EEK,America/Nome
17174,PAEG,small_airport,Eagle Airport,64.778003,-141.150455,908,NA,US,US-AK,Eagle,yes,PAEG,EAA,PAEG,EAA,America/Anchorage
5356,PAEH,medium_airport,Cape Newenham LRRS Airport,58.646400451699996,-162.06300354,541,NA,US,US-AK,Cape Newenham,no,PAEH,EHM,PAEH,EHM,America/Nome
5357,PAEI,medium_airport,Eielson Air Force Base,64.66570282,-147.102005,547,NA,US,US-AK,Fairbanks,no,PAEI,EIL,PAEI,EIL,America/Anchorage
17178,PAEL,seaplane_base,Elfin Cove Seaplane Base,58.195201873799995,-136.347000122,0,NA,US,US-AK,Elfin Cove,yes,PAEL,ELV,PAEL,ELV,
5358,PAEM,medium_airport,Emmonak Airport,62.78609848,-164.4909973,13,NA,US,US-AK,Emmonak,yes,PAEM,EMK,PAEM,ENM,America/Nome
5359,PAEN,medium_airport,Kenai Municipal Airport,60.570946,-151.245174,99,NA,US,US-AK,Kenai,yes,PAEN,ENA,PAEN,ENA,America/Anchorage
506827,PAEW,small_airport,Mertarvik Airport,60.81037,-164.499511,346,NA,US,US-AK,Mertarvik,yes,PAEW,WWT,PAEW,EWU,America/Nome
5360,PAFA,medium_airport,Fairbanks International Airport,64.815102,-147.856003,439,NA,US,US-AK,Fairbanks,yes,PAFA,FAI,PAFA,FAI,America/Anchorage
5361,PAFB,medium_airport,Ladd Army Airfield,64.837502,-147.613998,454,NA,US,US-AK,Fairbanks,no,PAFB,FBK,PAFB,FBK,America/Anchorage
5362,PAFE,medium_airport,Kake Airport,56.961312,-133.910202,172,NA,US,US-AK,Kake,no,PAFE,,PAFE,AFE,America/Sitka
5363,PAFM,medium_airport,Ambler Airport,67.105529,-157.855339,334,NA,US,US-AK,Ambler,yes,PAFM,ABL,PAFM,AFM,America/Anchorage
17469,PAFS,small_airport,Nikolai Airport,63.017949,-154.360399,441,NA,US,US-AK,Nikolai,yes,PAFS,NIB,PAFS,FSP,America/Anchorage
5365,PAGA,medium_airport,Edward G. Pitka Sr Airport,64.736198,-156.936997,153,NA,US,US-AK,Galena,yes,PAGA,GAL,PAGA,GAL,America/Anchorage
17595,PAGG,small_airport,Kwigillingok Airport,59.876499,-163.169005,18,NA,US,US-AK,Kwigillingok,yes,PAGG,KWK,PAGG,GGV,America/Nome
5366,PAGH,small_airport,Shungnak Airport,66.88809967041,-157.16200256348,197,NA,US,US-AK,Shungnak,yes,PAGH,SHG,PAGH,SHG,America/Anchorage
5367,PAGK,medium_airport,Gulkana Airport,62.155859,-145.454662,1586,NA,US,US-AK,Gulkana,yes,PAGK,GKN,PAGK,GKN,America/Anchorage
22694,PAGL,small_airport,Golovin Airport,64.550499,-163.007004,59,NA,US,US-AK,Golovin,yes,PAGL,GLV,PAGL,GLV,America/Nome
5368,PAGM,medium_airport,Gambell Airport,63.767694,-171.733303,27,NA,US,US-AK,Gambell,yes,PAGM,GAM,PAGM,GAM,America/Nome
16093,PAGN,seaplane_base,Angoon Seaplane Base,57.497097,-134.56722,,NA,US,US-AK,Angoon,yes,PAGN,AGN,PAGN,AGN,America/Juneau
5369,PAGS,medium_airport,Gustavus Airport,58.4253006,-135.7070007,35,NA,US,US-AK,Gustavus,yes,PAGS,GST,PAGS,GST,America/Juneau
17885,PAGT,small_airport,Nightmute Airport,60.469129,-164.70407,4,NA,US,US-AK,Nightmute,yes,PAGT,NME,PAGT,IGT,America/Nome
24574,PAGY,small_airport,Skagway Airport,59.460343,-135.316651,44,NA,US,US-AK,Skagway,yes,PAGY,SGY,PAGY,SGY,America/Juneau
17619,PAHC,medium_airport,Holy Cross Airport,62.18830108642578,-159.77499389648438,70,NA,US,US-AK,Holy Cross,yes,PAHC,HCR,PAHC,HCA,America/Anchorage
5370,PAHL,medium_airport,Huslia Airport,65.697899,-156.350998,220,NA,US,US-AK,Huslia,yes,PAHL,HSL,PAHL,HLA,America/Anchorage
5372,PAHN,medium_airport,Haines Airport,59.243921,-135.523925,15,NA,US,US-AK,Haines,yes,PAHN,HNS,PAHN,HNS,America/Juneau
5373,PAHO,medium_airport,Homer Airport,59.644456,-151.479235,84,NA,US,US-AK,Homer,yes,PAHO,HOM,PAHO,HOM,America/Anchorage
5374,PAHP,small_airport,Hooper Bay Airport,61.523899,-166.147003,13,NA,US,US-AK,Hooper Bay,yes,PAHP,HPB,PAHP,HPB,America/Nome
17656,PAHU,small_airport,Hughes Airport,66.04109955,-154.2630005,299,NA,US,US-AK,Hughes,yes,PAHU,HUS,PAHU,HUS,America/Anchorage
17658,PAHY,seaplane_base,Hydaburg Seaplane Base,55.205227,-132.830286,,NA,US,US-AK,Hydaburg,yes,PAHY,HYG,PAHY,HYG,
17884,PAIG,small_airport,Igiugig Airport,59.324001,-155.901993,90,NA,US,US-AK,Igiugig,yes,PAIG,IGG,PAIG,IGG,America/Anchorage
5375,PAII,medium_airport,Egegik Airport,58.184386,-157.374873,92,NA,US,US-AK,Egegik,yes,PAII,EGX,PAII,EII,America/Anchorage
5376,PAIK,medium_airport,Bob Baker Memorial Airport,66.976128,-160.439014,166,NA,US,US-AK,Kiana,yes,PAIK,IAN,PAIK,IAN,America/Anchorage
5377,PAIL,medium_airport,Iliamna Airport,59.754398,-154.910996,192,NA,US,US-AK,Iliamna,yes,PAIL,ILI,PAIL,ILI,America/Anchorage
5378,PAIM,medium_airport,Indian Mountain LRRS Airport,65.992798,-153.703995,1273,NA,US,US-AK,Utopia Creek,yes,PAIM,UTO,PAIM,UTO,America/Anchorage
18251,PAIW,small_airport,Wales Airport,65.622593,-168.095,22,NA,US,US-AK,Wales,yes,PAIW,WAA,PAIW,IWK,America/Nome
16095,PAJC,small_airport,Chignik Airport,56.311501,-158.373001,18,NA,US,US-AK,Chignik,yes,PAJC,KCG,PAJC,AJC,America/Anchorage
5379,PAJN,medium_airport,Juneau International Airport,58.354935,-134.574416,21,NA,US,US-AK,Juneau,yes,PAJN,JNU,PAJN,JNU,America/Juneau
18300,PAJZ,small_airport,Koliganek Airport,59.726600647,-157.259002686,269,NA,US,US-AK,Koliganek,yes,PAJZ,KGK,PAJZ,JZZ,America/Anchorage
19891,PAKF,small_airport,False Pass Airport,54.84751,-163.407168,20,NA,US,US-AK,False Pass,yes,PAKF,KFP,PAKF,KFP,America/Nome
16192,PAKH,small_airport,Akhiok Airport,56.938702,-154.182999,44,NA,US,US-AK,Akhiok,yes,PAKH,AKK,PAKH,AKK,America/Anchorage
17979,PAKI,small_airport,Kipnuk Airport,59.931796,-164.028196,11,NA,US,US-AK,Kipnuk,yes,PAKI,KPN,PAKI,IIK,America/Nome
20272,PAKK,small_airport,Koyuk Alfred Adams Airport,64.939499,-161.154007,154,NA,US,US-AK,Koyuk,yes,PAKK,KKA,PAKK,KKA,America/Anchorage
5380,PAKN,medium_airport,King Salmon Airport,58.677845,-156.651965,73,NA,US,US-AK,King Salmon,yes,PAKN,AKN,PAKN,AKN,America/Anchorage
17980,PAKO,small_airport,Nikolski Air Station,52.941552,-168.849478,77,NA,US,US-AK,Nikolski,yes,PAKO,IKO,PAKO,IKO,America/Nome
5381,PAKP,medium_airport,Anaktuvuk Pass Airport,68.133598,-151.742996,2102,NA,US,US-AK,Anaktuvuk Pass,yes,PAKP,AKP,PAKP,AKP,America/Anchorage
5382,PAKT,medium_airport,Ketchikan International Airport,55.35559845,-131.7140045,89,NA,US,US-AK,Ketchikan,yes,PAKT,KTN,PAKT,KTN,America/Sitka
19274,PAKV,small_airport,Kaltag Airport,64.31864,-158.74197,181,NA,US,US-AK,Kaltag,yes,PAKV,KAL,PAKV,KAL,America/Anchorage
5383,PAKW,medium_airport,Klawock Airport,55.579201,-133.076004,80,NA,US,US-AK,Klawock,yes,PAKW,KLW,PAKW,AKW,America/Sitka
21434,PAKY,small_airport,Karluk Airport,57.565919,-154.453762,137,NA,US,US-AK,Karluk,yes,PAKY,KYK,PAKY,KYK,America/Anchorage
9282,PALB,small_airport,Larsen Bay Airport,57.53516,-153.976455,87,NA,US,US-AK,Larsen Bay,yes,PALB,KLN,PALB,2A3,America/Anchorage
20333,PALG,small_airport,Kalskag Airport,61.53630065917969,-160.34100341796875,55,NA,US,US-AK,Kalskag,yes,PALG,KLG,PALG,KLG,America/Anchorage
25016,PALJ,small_airport,Port Alsworth Airport,60.201681,-154.325863,280,NA,US,US-AK,Port Alsworth,yes,PALJ,PTA,PALJ,TPO,America/Anchorage
5385,PALU,medium_airport,Cape Lisburne LRRS Airport,68.875099,-166.110001,16,NA,US,US-AK,Cape Lisburne,yes,PALU,LUR,PALU,LUR,America/Nome
21843,PAMB,small_airport,Manokotak Airport,58.932056,-158.901886,107,NA,US,US-AK,Manokotak,yes,PAMB,KMO,PAMB,MBA,America/Anchorage
21844,PAMC,medium_airport,McGrath Airport,62.95289993,-155.6060028,341,NA,US,US-AK,McGrath,yes,PAMC,MCG,PAMC,MCG,America/Anchorage
5371,PAMH,small_airport,Minchumina Airport,63.886002,-152.302002,678,NA,US,US-AK,Minchumina,yes,PAMH,LMA,PAMH,MHM,America/Anchorage
24578,PAMK,small_airport,St Michael Airport,63.49010086,-162.1100006,98,NA,US,US-AK,St Michael,yes,PAMK,SMK,PAMK,SMK,America/Nome
22107,PAML,small_airport,Manley Hot Springs Airport,64.99188,-150.644102,270,NA,US,US-AK,Manley Hot Springs,yes,PAML,MLY,PAML,MLY,America/Anchorage
22496,PAMM,seaplane_base,Metlakatla Seaplane Base,55.131001,-131.578003,,NA,US,US-AK,Metlakatla,yes,PAMM,MTM,PAMM,MTM,
22305,PAMO,small_airport,Mountain Village Airport,62.095401763916016,-163.6820068359375,337,NA,US,US-AK,Mountain Village,yes,PAMO,MOU,PAMO,MOU,America/Nome
5386,PAMR,medium_airport,Merrill Field,61.212792,-149.843988,137,NA,US,US-AK,Anchorage,yes,PAMR,MRI,PAMR,MRI,America/Anchorage
5387,PAMY,medium_airport,Mekoryuk Airport,60.372338,-166.269751,48,NA,US,US-AK,Mekoryuk,yes,PAMY,MYU,PAMY,MYU,America/Nome
25894,PANA,small_airport,Napakiak Airport,60.6903,-161.979004,17,NA,US,US-AK,Napakiak,yes,PANA,WNA,PANA,WNA,America/Anchorage
5388,PANC,large_airport,Ted Stevens Anchorage International Airport,61.179004,-149.992561,152,NA,US,US-AK,Anchorage,yes,PANC,ANC,PANC,ANC,America/Anchorage
16291,PANI,medium_airport,Aniak Airport,61.581600189208984,-159.54299926757812,88,NA,US,US-AK,Aniak,yes,PANI,ANI,PANI,ANI,America/Anchorage
5390,PANN,medium_airport,Nenana Municipal Airport,64.548772,-149.074516,362,NA,US,US-AK,Nenana,no,PANN,ENN,PANN,ENN,America/Anchorage
17468,PANR,seaplane_base,Funter Bay Seaplane Base,58.2543983459,-134.897994995,0,NA,US,US-AK,Funter Bay,yes,PANR,FNR,PANR,FNR,
5391,PANT,medium_airport,Annette Island Airport,55.037663,-131.572609,119,NA,US,US-AK,Metlakatla,no,PANT,ANN,PANT,ANN,America/Metlakatla
5417,PANU,small_airport,Nulato Airport,64.729301,-158.074005,399,NA,US,US-AK,Nulato,yes,PANU,NUL,PANU,NUL,America/Anchorage
5392,PANV,medium_airport,Anvik Airport,62.646702,-160.190994,291,NA,US,US-AK,Anvik,yes,PANV,ANV,PANV,ANV,America/Anchorage
20664,PANW,small_airport,New Stuyahok Airport,59.451838,-157.373829,364,NA,US,US-AK,New Stuyahok,yes,PANW,KNW,PANW,KNW,America/Anchorage
23513,PAOB,small_airport,Kobuk Airport,66.9123,-156.897003,137,NA,US,US-AK,Kobuk,yes,PAOB,OBU,PAOB,OBU,America/Anchorage
17654,PAOH,small_airport,Hoonah Airport,58.0961,-135.410111,19,NA,US,US-AK,Hoonah,yes,PAOH,HNH,PAOH,HNH,America/Juneau
5393,PAOM,medium_airport,Nome Airport,64.51219940185547,-165.44500732421875,37,NA,US,US-AK,Nome,yes,PAOM,OME,PAOM,OME,America/Nome
24199,PAOO,small_airport,Toksook Bay Airport,60.541401,-165.087006,59,NA,US,US-AK,Toksook Bay,yes,PAOO,OOK,PAOO,OOK,America/Nome
5394,PAOR,medium_airport,Northway Airport,62.9613,-141.929001,1715,NA,US,US-AK,Northway,yes,PAOR,ORT,PAOR,ORT,America/Anchorage
5395,PAOT,medium_airport,Ralph Wien Memorial Airport,66.88469696,-162.598999,14,NA,US,US-AK,Kotzebue,yes,PAOT,OTZ,PAOT,OTZ,America/Nome
23953,PAOU,small_airport,Nelson Lagoon Airport,56.0075,-161.160004,14,NA,US,US-AK,Nelson Lagoon,yes,PAOU,NLG,PAOU,OUL,America/Anchorage
5396,PAPB,medium_airport,St George Airport,56.577345,-169.663823,125,NA,US,US-AK,St George,yes,PAPB,STG,PAPB,PBV,America/Nome
5397,PAPC,medium_airport,Port Clarence Coast Guard Station,65.2537002563,-166.85899353,10,NA,US,US-AK,Port Clarence,no,PAPC,KPC,PAPC,KPC,America/Nome
24081,PAPE,small_airport,Perryville Airport,55.9065,-159.16091,29,NA,US,US-AK,Perryville,yes,PAPE,KPV,PAPE,PEV,America/Anchorage
5398,PAPG,medium_airport,Petersburg James A Johnson Airport,56.80170059,-132.9450073,111,NA,US,US-AK,Petersburg,yes,PAPG,PSG,PAPG,PSG,America/Sitka
5399,PAPH,medium_airport,Port Heiden Airport,56.957893,-158.630219,95,NA,US,US-AK,Port Heiden,yes,PAPH,PTH,PAPH,PTH,America/Anchorage
24205,PAPK,small_airport,Napaskiak Airport,60.7029,-161.778,24,NA,US,US-AK,Napaskiak,yes,PAPK,PKA,PAPK,PKA,America/Anchorage
5400,PAPM,medium_airport,Platinum Airport,59.017675,-161.827927,15,NA,US,US-AK,Platinum,yes,PAPM,PTU,PAPM,PTU,America/Anchorage
24197,PAPN,small_airport,Pilot Point Airport,57.580399,-157.572006,57,NA,US,US-AK,Pilot Point,yes,PAPN,PIP,PAPN,PNP,America/Anchorage
24089,PAPO,small_airport,Point Hope Airport,68.348801,-166.798996,12,NA,US,US-AK,Point Hope,yes,PAPO,PHO,PAPO,PHO,America/Nome
16293,PAQH,small_airport,Quinhagak Airport,59.7551,-161.845,42,NA,US,US-AK,Quinhagak,yes,PAQH,KWN,PAQH,AQH,America/Anchorage
5401,PAQT,medium_airport,Nuiqsut Airport,70.209999,-151.005998,38,NA,US,US-AK,Nuiqsut,yes,PAQT,NUI,PAQT,AQT,America/Anchorage
5402,PARC,medium_airport,Arctic Village Airport,68.1147,-145.578995,2092,NA,US,US-AK,Arctic Village,yes,PARC,ARC,PARC,ARC,America/Anchorage
24365,PARS,small_airport,Russian Mission Airport,61.775071,-161.319466,51,NA,US,US-AK,Russian Mission,yes,PARS,RSH,PARS,RSH,America/Anchorage
5403,PARY,medium_airport,Ruby Airport,64.727203,-155.470001,658,NA,US,US-AK,Ruby,yes,PARY,RBY,PARY,RBY,America/Anchorage
5404,PASA,medium_airport,Savoonga Airport,63.686401,-170.492996,53,NA,US,US-AK,Savoonga,yes,PASA,SVA,PASA,SVA,America/Nome
5405,PASC,medium_airport,Deadhorse Airport,70.19470215,-148.4649963,65,NA,US,US-AK,Deadhorse,yes,PASC,SCC,PASC,SCC,America/Anchorage
5406,PASD,medium_airport,Sand Point Airport,55.313908,-160.522099,21,NA,US,US-AK,Sand Point,yes,PASD,SDP,PASD,SDP,America/Anchorage
5407,PASH,small_airport,Shishmaref Airport,66.249604,-166.089112,12,NA,US,US-AK,Shishmaref,yes,PASH,SHH,PASH,SHH,America/Nome
5408,PASI,medium_airport,Sitka Rocky Gutierrez Airport,57.04710006713867,-135.36199951171875,21,NA,US,US-AK,Sitka,yes,PASI,SIT,PASI,SIT,America/Sitka
5384,PASK,small_airport,Selawik Airport,66.600098,-159.985992,17,NA,US,US-AK,Selawik,yes,PASK,WLK,PASK,WLK,America/Anchorage
24577,PASL,small_airport,Sleetmute Airport,61.7005,-157.166,190,NA,US,US-AK,Sleetmute,yes,PASL,SLQ,PASL,SLQ,America/Anchorage
5409,PASM,small_airport,St Mary's Airport,62.060501,-163.302002,312,NA,US,US-AK,St Mary's,yes,PASM,KSM,PASM,KSM,America/Nome
5410,PASN,medium_airport,St Paul Island Airport,57.166311,-170.222555,63,NA,US,US-AK,St Paul Island,yes,PASN,SNP,PASN,SNP,America/Nome
24675,PASO,small_airport,Seldovia Airport,59.442981,-151.705227,29,NA,US,US-AK,Seldovia,yes,PASO,SOV,PASO,SOV,America/Anchorage
5411,PASV,medium_airport,Sparrevohn LRRS Airport,61.09740067,-155.5740051,1585,NA,US,US-AK,Sparrevohn,no,PASV,SVW,PASV,SVW,America/Anchorage
5412,PASX,medium_airport,Soldotna Airport,60.474935,-151.038471,113,NA,US,US-AK,Soldotna,no,PASX,SXQ,PASX,SXQ,America/Anchorage
5413,PASY,medium_airport,Eareckson Air Station,52.71229935,174.1139984,95,NA,US,US-AK,Shemya,no,PASY,SYA,PASY,SYA,America/Adak
24807,PATA,small_airport,Ralph M Calhoun Memorial Airport,65.1744,-152.108994,236,NA,US,US-AK,Tanana,yes,PATA,TAL,PATA,TAL,America/Anchorage
25014,PATC,small_airport,Tin City Long Range Radar Station Airport,65.563103,-167.921997,271,NA,US,US-AK,Tin City,yes,PATC,TNC,PATC,TNC,America/Nome
24908,PATE,small_airport,Teller Airport,65.240402,-166.339005,294,NA,US,US-AK,Teller,yes,PATE,TLA,PATE,TER,America/Nome
5414,PATG,small_airport,Togiak Airport,59.052799,-160.397003,21,NA,US,US-AK,Togiak Village,yes,PATG,TOG,PATG,TOG,America/Anchorage
24910,PATK,medium_airport,Talkeetna Airport,62.320499420166,-150.09399414062,358,NA,US,US-AK,Talkeetna,no,PATK,TKA,PATK,TKA,America/Anchorage
5415,PATL,medium_airport,Tatalina LRRS Airport,62.894401550299996,-155.977005005,964,NA,US,US-AK,Takotna,no,PATL,TLJ,PATL,TLJ,America/Anchorage
5416,PATQ,medium_airport,Atqasuk Edward Burnell Sr Memorial Airport,70.46704,-157.436013,96,NA,US,US-AK,Atqasuk,yes,PATQ,ATK,PATQ,ATK,America/Anchorage
16387,PAUK,small_airport,Alakanuk Airport,62.682653,-164.722481,10,NA,US,US-AK,Alakanuk,yes,PAUK,AUK,PAUK,AUK,America/Nome
5389,PAUN,medium_airport,Unalakleet Airport,63.888401,-160.798996,27,NA,US,US-AK,Unalakleet,yes,PAUN,UNK,PAUN,UNK,America/Anchorage
308030,PAUT,small_airport,Akutan Airport,54.14459,-165.604332,133,NA,US,US-AK,Akutan,yes,PAUT,KQA,PAUT,7AK,America/Nome
25432,PAVA,small_airport,Chevak Airport,61.5409,-165.6005,75,NA,US,US-AK,Chevak,yes,PAVA,VAK,PAVA,VAK,America/Nome
21313,PAVC,small_airport,King Cove Airport,55.116299,-162.266006,155,NA,US,US-AK,King Cove,yes,PAVC,KVC,PAVC,KVC,America/Nome
5418,PAVD,medium_airport,Valdez Pioneer Field,61.132712,-146.246567,121,NA,US,US-AK,Valdez,yes,PAVD,VDZ,PAVD,VDZ,America/Anchorage
25434,PAVE,small_airport,Venetie Airport,67.008698,-146.365997,574,NA,US,US-AK,Venetie,yes,PAVE,VEE,PAVE,VEE,America/Anchorage
5419,PAVL,small_airport,Kivalina Airport,67.734565,-164.559917,13,NA,US,US-AK,Kivalina,yes,PAVL,KVL,PAVL,KVL,America/Nome
25693,PAWB,small_airport,Beaver Airport,66.362198,-147.406998,359,NA,US,US-AK,Beaver,yes,PAWB,WBQ,PAWB,WBQ,America/Anchorage
5420,PAWD,medium_airport,Seward Airport,60.130478,-149.418612,22,NA,US,US-AK,Seward,no,PAWD,SWD,PAWD,SWD,America/Anchorage
5421,PAWG,medium_airport,Wrangell Airport,56.48429871,-132.3699951,49,NA,US,US-AK,Wrangell,yes,PAWG,WRG,PAWG,WRG,America/Sitka
5422,PAWI,medium_airport,Wainwright Airport,70.638,-159.994995,41,NA,US,US-AK,Wainwright,yes,PAWI,AIN,PAWI,AWI,America/Anchorage
25794,PAWM,small_airport,White Mountain Airport,64.689201,-163.412994,267,NA,US,US-AK,White Mountain,yes,PAWM,WMO,PAWM,WMO,America/Nome
5423,PAWN,small_airport,Noatak Airport,67.561241,-162.980461,88,NA,US,US-AK,Noatak,yes,PAWN,WTK,PAWN,WTK,America/Nome
5424,PAWS,medium_airport,Wasilla Airport,61.571701,-149.539993,354,NA,US,US-AK,Wasilla,no,PAWS,WWA,PAWS,IYS,America/Anchorage
26343,PAYA,medium_airport,Yakutat Airport,59.508717,-139.660435,33,NA,US,US-AK,Yakutat,yes,PAYA,YAK,PAYA,YAK,America/Yakutat
5426,PCIS,medium_airport,Canton Island Airport,-2.7681200504300003,-171.710006714,9,OC,KI,KI-P,Abariringa,no,PCIS,CIS,PCIS,,Pacific/Kanton
24080,PEC,seaplane_base,Pelican Seaplane Base,57.9552,-136.235992,,NA,US,US-AK,Pelican,yes,,PEC,PEC,PEC,
610756,PF-0004,heliport,PAGO HELIPAD,-16.51825,-151.734939,10,OC,PF,PF-LI,Pago,yes,NTHB,,,,
16191,PFAK,small_airport,Akiak Airport,60.902646,-161.23106,30,NA,US,US-AK,Akiak,yes,PFAK,AKI,PFAK,AKI,America/Anchorage
13176,PFAL,small_airport,Allakaket Airport,66.551804,-152.621994,441,NA,US,US-AK,Allakaket,yes,PFAL,AET,PFAL,6A8,America/Anchorage
16509,PFCB,small_airport,Chenega Bay Airport,60.077602,-147.99468,72,NA,US,US-AK,Chenega,yes,PFCB,NCN,PFCB,C05,America/Anchorage
16820,PFCL,small_airport,Clarks Point Airport,58.833698,-158.529007,80,NA,US,US-AK,Clarks Point,yes,PFCL,CLP,PFCL,CLP,America/Anchorage
17177,PFEL,small_airport,Elim Airport,64.6147,-162.272003,162,NA,US,US-AK,Elim,yes,PFEL,ELI,PFEL,ELI,America/Nome
26344,PFKA,small_airport,Kasigluk Airport,60.872747,-162.5247,48,NA,US,US-AK,Kasigluk,yes,PFKA,KUK,PFKA,Z09,America/Nome
15766,PFKK,small_airport,Kokhanok Airport,59.433248,-154.80217,115,NA,US,US-AK,Kokhanok,yes,PFKK,KNK,PFKK,9K2,America/Anchorage
9286,PFKO,small_airport,Kotlik Airport,63.030602,-163.533005,15,NA,US,US-AK,Kotlik,yes,PFKO,KOT,PFKO,2A9,America/Nome
21224,PFKT,small_airport,Brevig Mission Airport,65.331826,-166.467848,38,NA,US,US-AK,Brevig Mission,yes,PFKT,KTS,PFKT,KTS,America/Nome
21435,PFKU,small_airport,Koyukuk Airport,64.876099,-157.727005,149,NA,US,US-AK,Koyukuk,yes,PFKU,KYU,PFKU,KYU,America/Anchorage
21383,PFKW,small_airport,Kwethluk Airport,60.790298,-161.444,25,NA,US,US-AK,Kwethluk,yes,PFKW,KWT,PFKW,KWT,America/Anchorage
17087,PFNO,small_airport,Robert (Bob) Curtis Memorial Airport,66.817902,-161.018997,55,NA,US,US-AK,Noorvik,yes,PFNO,ORV,PFNO,D76,America/Anchorage
9334,PFSH,small_airport,Shaktoolik Airport,64.371101,-161.223999,24,NA,US,US-AK,Shaktoolik,yes,PFSH,SKK,PFSH,2C7,America/Anchorage
13322,PFTO,small_airport,Tok Junction Airport,63.32949829,-142.9539948,1639,NA,US,US-AK,Tok,yes,PFTO,TKJ,PFTO,6K8,America/Anchorage
25982,PFWS,small_airport,South Naknek Number 2 Airport,58.702362,-157.005444,162,NA,US,US-AK,South Naknek,yes,PFWS,WSN,PFWS,WSN,America/Anchorage
5429,PFYU,medium_airport,Fort Yukon Airport,66.571651,-145.249987,433,NA,US,US-AK,Fort Yukon,yes,PFYU,FYU,PFYU,FYU,America/Anchorage
35187,PG-LMY,small_airport,Lake Murray Airport,-7.00992,141.494003,52,OC,PG,PG-WPD,Lake Murray,yes,AYLM,LMY,AYLM,LKM,Pacific/Port_Moresby
24085,PGM,small_airport,Port Graham Airport,59.348355,-151.830025,93,NA,US,US-AK,Port Graham,yes,,PGM,PGM,PGM,
5430,PGRO,large_airport,Rota International Airport,14.173267,145.241103,607,OC,MP,MP-U-A,Rota Island,yes,PGRO,ROP,PGRO,GRO,Pacific/Saipan
5431,PGSN,medium_airport,Saipan International Airport,15.119384,145.728848,215,OC,MP,MP-U-A,"I Fadang, Saipan",yes,PGSN,SPN,PGSN,GSN,Pacific/Saipan
5432,PGUA,medium_airport,Andersen Air Force Base,13.584,144.929998,627,OC,GU,GU-U-A,Yigo,no,PGUA,UAM,PGUA,UAM,Pacific/Guam
5433,PGUM,large_airport,Antonio B. Won Pat International Airport,13.485,144.797282,298,OC,GU,GU-U-A,Hagåtña,yes,PGUM,GUM,PGUM,GUM,Pacific/Guam
5434,PGWT,medium_airport,Francisco Manglona Borja / Tinian International Airport,14.999207,145.619355,271,OC,MP,MP-U-A,Tinian Island,yes,PGWT,TIQ,PGWT,TNI,Pacific/Saipan
351520,PH-0462,medium_airport,Central Mindanao Airport,6.91229,124.92446,164,AS,PH,PH-NCO,M'lang,no,,,,,
5441,PHBK,medium_airport,Barking Sands Airport,22.0228,-159.785004,23,OC,US,US-HI,Kekaha,no,PHBK,BKH,PHBK,BKH,Pacific/Honolulu
5444,PHHN,medium_airport,Hana Airport,20.795601,-156.014008,78,OC,US,US-HI,Hana,yes,PHHN,HNM,PHHN,HNM,Pacific/Honolulu
335883,PHIK,medium_airport,Hickam Air Force Base,21.335278,-157.948333,13,OC,US,US-HI,Honolulu,no,PHIK,,PHIK,HIK,
5446,PHJH,medium_airport,Kapalua Airport,20.9629,-156.673004,256,OC,US,US-HI,Lahaina,yes,PHJH,JHM,PHJH,JHM,Pacific/Honolulu
5447,PHJR,medium_airport,Kalaeloa Airport,21.3074,-158.070009,30,OC,US,US-HI,Kapolei,no,PHJR,JRF,PHJR,JRF,Pacific/Honolulu
5448,PHKO,large_airport,Ellison Onizuka Kona International Airport at Keāhole,19.738783,-156.045603,47,OC,US,US-HI,Kailua-Kona,yes,PHKO,KOA,PHKO,KOA,Pacific/Honolulu
5449,PHLI,large_airport,Lihue Airport,21.974393,-159.337146,153,OC,US,US-HI,"Lihue, Kauai",yes,PHLI,LIH,PHLI,LIH,Pacific/Honolulu
21732,PHLU,small_airport,Kalaupapa Airport,21.211,-156.973999,24,OC,US,US-HI,Kalaupapa,yes,PHLU,LUP,PHLU,LUP,Pacific/Honolulu
5450,PHMK,medium_airport,Molokai Airport,21.152901,-157.095993,454,OC,US,US-HI,Kaunakakai,yes,PHMK,MKK,PHMK,MKK,Pacific/Honolulu
5451,PHMU,medium_airport,Waimea Kohala Airport,20.001301,-155.667999,2671,OC,US,US-HI,Waimea (Kamuela),yes,PHMU,MUE,PHMU,MUE,Pacific/Honolulu
5452,PHNG,medium_airport,Kaneohe Bay MCAS (Marion E. Carl Field) Airport,21.4505,-157.768005,24,OC,US,US-HI,Kaneohe,no,PHNG,NGF,PHNG,NGF,Pacific/Honolulu
5453,PHNL,large_airport,Daniel K. Inouye International Airport,21.318387,-157.92567,13,OC,US,US-HI,"Honolulu, Oahu",yes,PHNL,HNL,PHNL,HNL,Pacific/Honolulu
5454,PHNY,medium_airport,Lanai Airport,20.785675,-156.951324,1308,OC,US,US-HI,Lanai City,yes,PHNY,LNY,PHNY,LNY,Pacific/Honolulu
5455,PHOG,large_airport,Kahului International Airport,20.896263,-156.431837,54,OC,US,US-HI,Kahului,yes,PHOG,OGG,PHOG,OGG,Pacific/Honolulu
5457,PHTO,medium_airport,Hilo International Airport,19.72135,-155.045428,38,OC,US,US-HI,Hilo,yes,PHTO,ITO,PHTO,ITO,Pacific/Honolulu
31704,PK-0083,closed,Jiwani Airport,25.067801,61.805401,186,AS,PK,PK-BA,Jiwani,yes,,,,,
601075,PK-0092,medium_airport,Mai Bakhtawar International Airport,24.846862,70.096109,182,AS,PK,PK-SD,Islamkot,no,,,,,
5487,PKMA,small_airport,Eniwetok Airport,11.340700149536133,162.3280029296875,13,OC,MH,MH-ENI,Eniwetok Atoll,yes,PKMA,ENT,PKMA,,Pacific/Majuro
5488,PKMJ,large_airport,Marshall Islands International Airport,7.06511,171.271656,6,OC,MH,MH-MAJ,Majuro Atoll,yes,PKMJ,MAJ,PKMJ,MAJ,Pacific/Majuro
5490,PKWA,medium_airport,Bucholz Army Air Field,8.720120429992676,167.73199462890625,9,OC,MH,MH-KWA,Kwajalein,yes,PKWA,KWA,PKWA,KWA,Pacific/Kwajalein
5493,PLCH,large_airport,Cassidy International Airport,1.986278,-157.350011,5,OC,KI,KI-L,Kiritimati,yes,PLCH,CXI,PLCH,,Pacific/Kiritimati
5494,PMDY,medium_airport,Henderson Field,28.2017,-177.380997,13,OC,UM,UM-71,Sand Island,no,PMDY,MDY,PMDY,MDY,Pacific/Midway
5495,PPIZ,medium_airport,Point Lay LRRS Airport,69.732903,-163.005005,22,NA,US,US-AK,Point Lay,yes,PPIZ,PIZ,PPIZ,PIZ,America/Nome
24236,PR34,seaplane_base,San Juan Seaplane Base,18.457799911499997,-66.1211013794,10,NA,PR,PR-U-A,San Juan,yes,,,PR34,PR34,
542379,PT-0156,heliport,Estremoz Municipal Heliport,38.824284,-7.60993,1049,EU,PT,PT-07,Estremoz,yes,,,,,
5499,PTKK,large_airport,Chuuk International Airport,7.46187,151.843002,11,OC,FM,FM-TRK,Weno Island,yes,PTKK,TKK,PTKK,TKK,Pacific/Chuuk
5500,PTPN,medium_airport,Pohnpei International Airport,6.985082,158.20992,10,OC,FM,FM-PNI,Pohnpei Island,yes,PTPN,PNI,PTPN,PNI,Pacific/Pohnpei
5501,PTRO,large_airport,Roman Tmetuchl International Airport,7.366965,134.544085,176,OC,PW,PW-004,Babelthuap Island,yes,PTRO,ROR,PTRO,ROR,Pacific/Palau
5502,PTSA,large_airport,Kosrae International Airport,5.35698,162.957993,11,OC,FM,FM-KSA,Okat,yes,PTSA,KSA,PTSA,TTK,Pacific/Kosrae
5503,PTYA,large_airport,Yap International Airport,9.49891,138.082993,91,OC,FM,FM-YAP,Yap Island,yes,PTYA,YAP,PTYA,T11,Pacific/Chuuk
5506,PWAK,medium_airport,Wake Island Airfield,19.282437,166.636637,14,OC,UM,UM-79,Wake Island,yes,PWAK,AWK,PWAK,AWK,Pacific/Wake
39563,PY-0002,medium_airport,Aeropuerto Nacional de Coronel Oviedo,-25.517347,-56.406555,487,SA,PY,PY-5,Coronel Oviedo,no,,,SGOV,,America/Asuncion
327566,PY-0043,medium_airport,"Base de la Fuerza Aérea Paraguaya ""Mayor Infante Rivarola""",-21.680442,-62.3964,908,SA,PY,PY-19,Mayor Infante Rivarola,no,,,,,
4659,Q51,small_airport,Kili Airport,5.64386,169.124586,5,OC,MH,MH-KIL,Kili Island,yes,,KIO,C51,C51,
299106,QFX,heliport,Igaliku Heliport,60.99229,-45.431428,,NA,GL,GL-KU,Igaliku,yes,,QFX,BGIO,,
5509,RCAY,medium_airport,Gangshan Air Force Base,22.782499,120.263,34,AS,TW,TW-KHH,Kaohsiung (Gangshan),no,RCAY,,RCAY,,Asia/Taipei
5510,RCBS,medium_airport,Kinmen Airport,24.4279,118.359001,93,AS,TW,TW-X-KM,Shang-I,yes,RCBS,KNH,RCBS,,Asia/Taipei
5511,RCDC,medium_airport,Pingtung Air Force Base,22.672579,120.461712,78,AS,TW,TW-PIF,Pingtung,no,RCDC,,RCDC,,Asia/Taipei
5513,RCFG,medium_airport,Matsu Nangan Airport,26.159656,119.958376,232,AS,TW,TW-LIE,Matsu (Nangan),yes,RCFG,LZN,RCFG,,Asia/Taipei
5514,RCFN,medium_airport,Taitung Airport,22.754856,121.101794,143,AS,TW,TW-TTT,Taitung City,yes,RCFN,TTT,RCFN,,Asia/Taipei
5516,RCKH,large_airport,Kaohsiung International Airport,22.577101,120.349998,31,AS,TW,TW-KHH,Kaohsiung (Xiaogang),yes,RCKH,KHH,RCKH,,Asia/Taipei
5517,RCKU,medium_airport,Chiayi Airport,23.462577,120.390544,85,AS,TW,TW-CYQ,Shuishang,yes,RCKU,CYI,RCKU,,Asia/Taipei
5518,RCKW,medium_airport,Hengchun Airport,22.0411,120.730003,46,AS,TW,TW-PIF,Hengchun,no,RCKW,HCN,RCKW,,Asia/Taipei
5519,RCLY,medium_airport,Lanyu Airport,22.027000427246094,121.53500366210938,44,AS,TW,TW-TTT,Orchid Island,yes,RCLY,KYD,RCLY,,Asia/Taipei
5520,RCMQ,large_airport,Taichung International Airport / Ching Chuang Kang Air Base,24.2647,120.621002,663,AS,TW,TW-TXG,Taichung (Qingshui),yes,RCMQ,RMQ,RCMQ,,Asia/Taipei
5521,RCMT,medium_airport,Matsu Beigan Airport,26.22414,120.002679,41,AS,TW,TW-LIE,Matsu (Beigan),yes,RCMT,MFK,RCMT,,Asia/Taipei
5522,RCNN,large_airport,Tainan International Airport / Tainan Air Base,22.950399,120.206001,63,AS,TW,TW-TNN,Tainan (Rende),yes,RCNN,TNN,RCNN,,Asia/Taipei
5523,RCPO,medium_airport,Hsinchu Air Base,24.8180007935,120.939002991,26,AS,TW,TW-HSZ,Hsinchu City,no,RCPO,HSZ,RCPO,,Asia/Taipei
5524,RCQC,large_airport,Penghu Magong Airport,23.568701,119.627998,103,AS,TW,TW-PEN,Huxi,yes,RCQC,MZG,RCQC,,Asia/Taipei
5525,RCQS,medium_airport,Chihhang Air Base,22.7931,121.181999,121,AS,TW,TW-TTT,Taitung City,no,RCQS,,RCQS,,Asia/Taipei
5526,RCSQ,medium_airport,Pingtung Air Force Base North,22.700199,120.482002,97,AS,TW,TW-PIF,Pingtung,yes,RCSQ,,RCSQ,,Asia/Taipei
5527,RCSS,large_airport,Taipei Songshan International Airport,25.067244,121.552822,18,AS,TW,TW-TPE,Taipei (Songshan),yes,RCSS,TSA,RCSS,,Asia/Taipei
5528,RCTP,large_airport,Taiwan Taoyuan International Airport,25.0777,121.233002,106,AS,TW,TW-TAO,Taoyuan,yes,RCTP,TPE,RCTP,,Asia/Taipei
5530,RCYU,large_airport,Hualien Chiashan Airport,24.023163,121.617991,52,AS,TW,TW-HUA,Hualien City,yes,RCYU,HUN,RCYU,,Asia/Taipei
24340,RDV,small_airport,Red Devil Airport,61.788101,-157.350006,174,NA,US,US-AK,Red Devil,yes,,RDV,RDV,RDV,
314557,RHT,small_airport,Alxa Right Banner Badanjilin Airport,39.225,101.546,4659,AS,CN,CN-15,Badanjilin,yes,ZBAR,RHT,ZBAR,,Asia/Shanghai
5531,RJAA,large_airport,Narita International Airport,35.76858,140.388714,141,AS,JP,JP-12,Narita,yes,RJAA,NRT,RJAA,,Asia/Tokyo
5532,RJAF,medium_airport,Shinshu-Matsumoto Airport,36.166801,137.923004,2182,AS,JP,JP-20,Matsumoto,yes,RJAF,MMJ,RJAF,,Asia/Tokyo
5533,RJAH,large_airport,Ibaraki Airport,36.181456,140.414434,105,AS,JP,JP-08,Omitama,yes,RJAH,IBR,RJAH,,Asia/Tokyo
30186,RJAN,small_airport,Niijima Airport,34.3694,139.268997,92,AS,JP,JP-13,Niijima Village,yes,RJAN,,RJAN,,Asia/Tokyo
5535,RJAW,medium_airport,Ioto (Iwo Jima) Airbase,24.784153,141.32261,384,AS,JP,JP-13,Ogasawara,no,RJAW,IWO,RJAW,,Asia/Tokyo
5536,RJBB,large_airport,Kansai International Airport,34.427299,135.244003,26,AS,JP,JP-27,Osaka,yes,RJBB,KIX,RJBB,,Asia/Tokyo
5537,RJBD,medium_airport,Nanki Shirahama Airport,33.6622009277,135.363998413,298,AS,JP,JP-30,Shirahama,yes,RJBD,SHM,RJBD,,Asia/Tokyo
5538,RJBE,large_airport,Kobe Airport,34.632801,135.223999,22,AS,JP,JP-28,Kobe,yes,RJBE,UKB,RJBE,,Asia/Tokyo
5541,RJBT,medium_airport,Konotori Tajima Airport,35.512798,134.787003,584,AS,JP,JP-28,Toyooka,yes,RJBT,TJH,RJBT,,Asia/Tokyo
5543,RJCB,medium_airport,Tokachi-Obihiro Airport,42.7332992554,143.216995239,505,AS,JP,JP-01,Obihiro,yes,RJCB,OBO,RJCB,,Asia/Tokyo
5544,RJCC,large_airport,New Chitose Airport,42.774753,141.690414,82,AS,JP,JP-01,Sapporo,yes,RJCC,CTS,RJCC,,Asia/Tokyo
5545,RJCH,large_airport,Hakodate Airport,41.77,140.822006,151,AS,JP,JP-01,Hakodate,yes,RJCH,HKD,RJCH,,Asia/Tokyo
5546,RJCJ,medium_airport,JASDF Chitose Air Base,42.794498,141.666,87,AS,JP,JP-01,Chitose,no,,,RJCJ,,Asia/Tokyo
5547,RJCK,medium_airport,Kushiro Airport,43.041,144.192993,327,AS,JP,JP-01,Kushiro,yes,RJCK,KUH,RJCK,,Asia/Tokyo
5548,RJCM,medium_airport,Memanbetsu Airport,43.8805999756,144.164001465,135,AS,JP,JP-01,Ōzora,yes,RJCM,MMB,RJCM,,Asia/Tokyo
5549,RJCN,medium_airport,Nakashibetsu Airport,43.5774993896,144.960006714,234,AS,JP,JP-01,Nakashibetsu,yes,RJCN,SHB,RJCN,,Asia/Tokyo
5550,RJCO,medium_airport,Sapporo Okadama Airport,43.117447,141.38134,25,AS,JP,JP-01,Sapporo,yes,RJCO,OKD,RJCO,,Asia/Tokyo
323825,RJCS,medium_airport,JASDF Kenebetsu Airfield,43.425154,144.741354,,AS,JP,JP-01,Betsukai,no,,,RJCS,,
5551,RJCT,medium_airport,Tokachi Airport,42.890499,143.158005,281,AS,JP,JP-01,Obihiro,no,,,RJCT,,Asia/Tokyo
5552,RJCW,medium_airport,Wakkanai Airport,45.4042015076,141.800994873,30,AS,JP,JP-01,Wakkanai,yes,RJCW,WKJ,RJCW,,Asia/Tokyo
5553,RJDA,medium_airport,Amakusa Airport,32.482498,130.158997,340,AS,JP,JP-43,Amakusa,yes,RJDA,AXJ,RJDA,,Asia/Tokyo
5554,RJDB,medium_airport,Iki Airport,33.7490005493,129.785003662,41,AS,JP,JP-42,Iki,yes,RJDB,IKI,RJDB,,Asia/Tokyo
5555,RJDC,medium_airport,Yamaguchi Ube Airport,33.93,131.279007,23,AS,JP,JP-35,Ube,yes,RJDC,UBJ,RJDC,,Asia/Tokyo
5556,RJDT,medium_airport,Tsushima Airport,34.2849006653,129.330993652,213,AS,JP,JP-42,Tsushima,yes,RJDT,TSJ,RJDT,,Asia/Tokyo
5557,RJEB,medium_airport,Monbetsu Airport,44.303901672399995,143.404006958,80,AS,JP,JP-01,Monbetsu,yes,RJEB,MBE,RJEB,,Asia/Tokyo
5558,RJEC,medium_airport,Asahikawa Airport,43.670799,142.447006,721,AS,JP,JP-01,Higashikagura,yes,RJEC,AKJ,RJEC,,Asia/Tokyo
5559,RJEO,medium_airport,Okushiri Airport,42.0717010498,139.432998657,161,AS,JP,JP-01,Okushiri Island,yes,RJEO,OIR,RJEO,,Asia/Tokyo
5560,RJER,medium_airport,Rishiri Airport,45.2420005798,141.186004639,112,AS,JP,JP-01,Rishiri,yes,RJER,RIS,RJER,,Asia/Tokyo
5561,RJFA,medium_airport,JASDF Ashiya Air Base,33.883099,130.653,98,AS,JP,JP-40,Ashiya,no,,,RJFA,,Asia/Tokyo
5562,RJFC,medium_airport,Yakushima Airport,30.385599,130.658997,124,AS,JP,JP-46,Yakushima,yes,RJFC,KUM,RJFC,,Asia/Tokyo
5563,RJFE,medium_airport,Fukue Airport,32.666302,128.832993,273,AS,JP,JP-42,Goto,yes,RJFE,FUJ,RJFE,,Asia/Tokyo
5564,RJFF,large_airport,Fukuoka Airport,33.585899353027344,130.4510040283203,32,AS,JP,JP-40,Fukuoka,yes,RJFF,FUK,RJFF,,Asia/Tokyo
5565,RJFG,medium_airport,New Tanegashima Airport,30.605100631699997,130.990997314,768,AS,JP,JP-46,Tanegashima,yes,RJFG,TNE,RJFG,,Asia/Tokyo
5566,RJFK,large_airport,Kagoshima Airport,31.8034,130.718994,906,AS,JP,JP-46,Kagoshima,yes,RJFK,KOJ,RJFK,,Asia/Tokyo
5567,RJFM,large_airport,Miyazaki Airport,31.877199,131.449005,20,AS,JP,JP-45,Miyazaki,yes,RJFM,KMI,RJFM,,Asia/Tokyo
5569,RJFO,medium_airport,Oita Airport,33.479400634799994,131.736999512,19,AS,JP,JP-44,Oita,yes,RJFO,OIT,RJFO,,Asia/Tokyo
5570,RJFR,large_airport,Kitakyushu Airport,33.845901,131.035004,21,AS,JP,JP-40,Kitakyushu,yes,RJFR,KKJ,RJFR,,Asia/Tokyo
5571,RJFS,large_airport,Kyushu Saga International Airport,33.1497,130.302002,6,AS,JP,JP-41,Saga,yes,RJFS,HSG,RJFS,,Asia/Tokyo
5572,RJFT,large_airport,Kumamoto Airport,32.837299,130.854996,642,AS,JP,JP-43,Kumamoto,yes,RJFT,KMJ,RJFT,,Asia/Tokyo
5573,RJFU,large_airport,Nagasaki Airport,32.916901,129.914001,15,AS,JP,JP-42,Nagasaki,yes,RJFU,NGS,RJFU,,Asia/Tokyo
5574,RJFY,medium_airport,JMSDF Kanoya Air Base,31.36672,130.838805,214,AS,JP,JP-46,Kanoya,no,,,RJFY,,Asia/Tokyo
5575,RJFZ,medium_airport,JASDF Tsuiki Air Base,33.685001,131.039993,55,AS,JP,JP-40,Tsuiki,no,,,RJFZ,,Asia/Tokyo
5576,RJGG,large_airport,Chubu Centrair International Airport,34.858398,136.804993,15,AS,JP,JP-23,Tokoname,yes,RJGG,NGO,RJGG,,Asia/Tokyo
5577,RJKA,medium_airport,Amami Airport,28.430599212646484,129.71299743652344,27,AS,JP,JP-46,Amami,yes,RJKA,ASJ,RJKA,,Asia/Tokyo
5578,RJKB,medium_airport,Okinoerabu Airport,27.431604,128.705564,101,AS,JP,JP-46,Wadomari,yes,RJKB,OKE,RJKB,,Asia/Tokyo
5579,RJKI,medium_airport,Kikai Airport,28.321300506599997,129.927993774,21,AS,JP,JP-46,Kikai,yes,RJKI,KKX,RJKI,,Asia/Tokyo
5580,RJKN,medium_airport,Tokunoshima Airport,27.836382,128.881356,17,AS,JP,JP-46,Amagi,yes,RJKN,TKN,RJKN,,Asia/Tokyo
5581,RJNA,medium_airport,Nagoya Airport / JASDF Komaki Air Base,35.255759,136.924095,52,AS,JP,JP-23,Nagoya,yes,RJNA,NKM,RJNA,,Asia/Tokyo
5582,RJNF,medium_airport,Fukui Airport,36.142799,136.223999,19,AS,JP,JP-18,Fukui,no,RJNF,FKJ,RJNF,,Asia/Tokyo
5583,RJNG,medium_airport,Gifu Airport,35.3941,136.869995,128,AS,JP,JP-21,Gifu,no,,QGU,RJNG,,Asia/Tokyo
5584,RJNH,medium_airport,JASDF Hamamatsu Air Base,34.750198,137.703003,150,AS,JP,JP-22,Hamamatsu,no,,,RJNH,,Asia/Tokyo
5585,RJNK,large_airport,Komatsu Airport / JASDF Komatsu Air Base,36.393407,136.406895,36,AS,JP,JP-17,Kanazawa,yes,RJNK,KMQ,RJNK,,Asia/Tokyo
5586,RJNO,medium_airport,Oki Global Geopark Airport,36.178388,133.323566,311,AS,JP,JP-32,Okinoshima,yes,RJNO,OKI,RJNO,,Asia/Tokyo
299238,RJNS,large_airport,Mount Fuji Shizuoka Airport,34.795022,138.190976,433,AS,JP,JP-22,Makinohara / Shimada,yes,RJNS,FSZ,RJNS,,Asia/Tokyo
5587,RJNT,medium_airport,Toyama Kitokito Airport,36.648416,137.187359,95,AS,JP,JP-16,Toyama,yes,RJNT,TOY,RJNT,,Asia/Tokyo
5588,RJNW,medium_airport,Noto Satoyama Airport,37.293098,136.962006,718,AS,JP,JP-17,Wajima,yes,RJNW,NTQ,RJNW,,Asia/Tokyo
5589,RJNY,medium_airport,JASDF Shizuhama Air Base,34.812801,138.298004,23,AS,JP,JP-22,Yaizu,no,,,RJNY,,Asia/Tokyo
5590,RJOA,large_airport,Hiroshima Airport,34.4361,132.919006,1088,AS,JP,JP-34,Hiroshima,yes,RJOA,HIJ,RJOA,,Asia/Tokyo
5591,RJOB,large_airport,Okayama Momotaro Airport,34.756901,133.854996,806,AS,JP,JP-33,Okayama,yes,RJOB,OKJ,RJOB,,Asia/Tokyo
5592,RJOC,medium_airport,Izumo Enmusubi Airport,35.413601,132.889999,15,AS,JP,JP-32,Izumo,yes,RJOC,IZO,RJOC,,Asia/Tokyo
5593,RJOF,medium_airport,JASDF Hofu Airfield,34.034746,131.548716,7,AS,JP,JP-35,Hofu,no,,,RJOF,,Asia/Tokyo
5594,RJOH,medium_airport,Yonago Kitaro Airport / JASDF Miho Air Base,35.492199,133.235992,20,AS,JP,JP-31,Yonago,yes,RJOH,YGJ,RJOH,,Asia/Tokyo
5595,RJOI,medium_airport,Iwakuni Kintaikyo Airport,34.146333,132.247238,7,AS,JP,JP-35,Iwakuni,yes,RJOI,IWK,RJOI,,Asia/Tokyo
5596,RJOK,large_airport,Kochi Ryoma Airport,33.545217,133.670166,42,AS,JP,JP-39,Nankoku,yes,RJOK,KCZ,RJOK,,Asia/Tokyo
5597,RJOM,large_airport,Matsuyama Airport,33.826893,132.700114,25,AS,JP,JP-38,Matsuyama,yes,RJOM,MYJ,RJOM,,Asia/Tokyo
5598,RJOO,large_airport,Osaka Itami International Airport,34.780853,135.440829,50,AS,JP,JP-27,Osaka,yes,RJOO,ITM,RJOO,,Asia/Tokyo
5599,RJOR,medium_airport,Tottori Sand Dunes Conan Airport,35.530058,134.165023,65,AS,JP,JP-31,Tottori,yes,RJOR,TTJ,RJOR,,Asia/Tokyo
5600,RJOS,large_airport,Tokushima Awaodori Airport / JMSDF Tokushima Air Base,34.132559,134.607816,26,AS,JP,JP-36,Tokushima,yes,RJOS,TKS,RJOS,,Asia/Tokyo
5601,RJOT,large_airport,Takamatsu Airport,34.214963,134.015454,607,AS,JP,JP-37,Takamatsu,yes,RJOT,TAK,RJOT,,Asia/Tokyo
5602,RJOW,medium_airport,Iwami Airport,34.676399231,131.789993286,184,AS,JP,JP-32,Masuda,yes,RJOW,IWJ,RJOW,,Asia/Tokyo
5603,RJOY,medium_airport,Yao Airport,34.59629821777344,135.60299682617188,39,AS,JP,JP-27,Yao,no,,,RJOY,,Asia/Tokyo
5605,RJSA,large_airport,Aomori Airport,40.733777,140.689477,664,AS,JP,JP-02,Aomori,yes,RJSA,AOJ,RJSA,,Asia/Tokyo
5606,RJSC,medium_airport,Yamagata Airport,38.4119,140.371002,353,AS,JP,JP-06,Higashine,yes,RJSC,GAJ,RJSC,,Asia/Tokyo
5607,RJSD,medium_airport,Sado Airport,38.0601997375,138.414001465,88,AS,JP,JP-15,Sado,yes,RJSD,SDS,RJSD,,Asia/Tokyo
5608,RJSF,medium_airport,Fukushima Airport,37.22740173339844,140.43099975585938,1221,AS,JP,JP-07,Sukagawa,yes,RJSF,FKS,RJSF,,Asia/Tokyo
5609,RJSH,medium_airport,JMSDF Hachinohe Air Base / Hachinohe Airport,40.551181,141.465428,152,AS,JP,JP-02,Hachinohe,no,RJSH,HHE,RJSH,,Asia/Tokyo
5610,RJSI,medium_airport,Iwate Hanamaki Airport,39.4286,141.134995,297,AS,JP,JP-03,Hanamaki,yes,RJSI,HNA,RJSI,,Asia/Tokyo
5611,RJSK,medium_airport,Akita Airport,39.615601,140.218994,313,AS,JP,JP-05,Akita,yes,RJSK,AXT,RJSK,,Asia/Tokyo
5612,RJSM,medium_airport,Misawa Airport / Misawa Air Base,40.703201,141.367996,119,AS,JP,JP-02,Misawa,yes,RJSM,MSJ,RJSM,,Asia/Tokyo
5613,RJSN,large_airport,Niigata Airport,37.954166,139.112189,29,AS,JP,JP-15,Niigata,yes,RJSN,KIJ,RJSN,,Asia/Tokyo
5614,RJSR,medium_airport,Odate Noshiro Airport,40.191898,140.371002,292,AS,JP,JP-05,Kitaakita,yes,RJSR,ONJ,RJSR,,Asia/Tokyo
5615,RJSS,large_airport,Sendai Airport,38.139702,140.917007,15,AS,JP,JP-04,Natori,yes,RJSS,SDJ,RJSS,,Asia/Tokyo
5616,RJST,medium_airport,JASDF Matsushima Air Base,38.4049,141.220001,7,AS,JP,JP-04,Ishinomaki,no,,,RJST,,Asia/Tokyo
5617,RJSY,medium_airport,Shonai Airport,38.812199,139.787003,86,AS,JP,JP-06,Shonai,yes,RJSY,SYO,RJSY,,Asia/Tokyo
5618,RJTA,medium_airport,JMSDF Atsugi Air Base / Naval Air Facility Atsugi,35.454601,139.449997,205,AS,JP,JP-14,Ayase / Yamato,no,RJTA,NJA,RJTA,,Asia/Tokyo
5619,RJTE,medium_airport,JMSDF Tateyama Air Base,34.987099,139.828995,10,AS,JP,JP-12,Tateyama,no,,,RJTE,,Asia/Tokyo
29783,RJTF,medium_airport,Chofu Airport,35.6717,139.528,141,AS,JP,JP-13,Chofu,yes,RJTF,,RJTF,,Asia/Tokyo
5620,RJTH,medium_airport,Hachijojima Airport,33.114843,139.785645,303,AS,JP,JP-13,Hachijojima,yes,RJTH,HAC,RJTH,,Asia/Tokyo
5621,RJTJ,medium_airport,Iruma Air Base,35.8419,139.410995,295,AS,JP,JP-13,Sayama,no,,,RJTJ,,Asia/Tokyo
5622,RJTK,medium_airport,JGSDF Kisarazu Airfield,35.3983,139.910004,10,AS,JP,JP-12,Kisarazu,no,,,RJTK,,Asia/Tokyo
5623,RJTL,medium_airport,JMSDF Shimofusa Air Base,35.798901,140.011002,98,AS,JP,JP-12,Matsudo,no,,,RJTL,,Asia/Tokyo
5624,RJTO,medium_airport,Oshima Airport,34.782001495399996,139.36000061,130,AS,JP,JP-13,Izu Oshima,yes,RJTO,OIM,RJTO,,Asia/Tokyo
5625,RJTQ,medium_airport,Miyakejima Airport,34.073600769,139.559997559,67,AS,JP,JP-13,Miyakejima,yes,RJTQ,MYE,RJTQ,,Asia/Tokyo
5627,RJTT,large_airport,Tokyo Haneda International Airport,35.549678,139.786958,35,AS,JP,JP-13,Tokyo,yes,RJTT,HND,RJTT,,Asia/Tokyo
5628,RJTU,medium_airport,Utsunomiya Air Field,36.5145,139.87101,334,AS,JP,JP-09,Utsunomiya,no,,,RJTU,,Asia/Tokyo
5629,RJTY,medium_airport,Yokota Air Base,35.748501,139.348007,463,AS,JP,JP-13,Fussa,no,RJTY,OKO,RJTY,,Asia/Tokyo
300346,RKDD,heliport,N 105 Helipad,37.239445,131.868781,270,AS,KR,KR-47,Dokdo (Liancourt Rocks),yes,,,RKDD,RK8A,
302303,RKJB,large_airport,Muan International Airport,34.991406,126.382814,35,AS,KR,KR-46,Muan (Piseo-ri),yes,RKJB,MWX,RKJB,,Asia/Seoul
5630,RKJJ,medium_airport,Gwangju Airport,35.123173,126.805444,39,AS,KR,KR-29,Gwangju,yes,RKJJ,KWJ,RKJJ,,Asia/Seoul
5631,RKJK,medium_airport,Gunsan Airport / Gunsan Air Base,35.903801,126.615997,29,AS,KR,KR-45,Gunsan,yes,RKJK,KUV,RKJK,,Asia/Seoul
5634,RKJY,medium_airport,Yeosu Airport,34.84230041503906,127.61699676513672,53,AS,KR,KR-46,Yeosu,yes,RKJY,RSU,RKJY,,Asia/Seoul
5636,RKNN,medium_airport,Gangneung Airport (K-18),37.753601,128.943915,35,AS,KR,KR-42,Gangneung,no,RKNN,KAG,RKNN,,Asia/Seoul
5637,RKNW,medium_airport,Wonju Airport / Hoengseong Air Base (K-38/K-46),37.437113,127.960051,329,AS,KR,KR-42,Wonju,yes,RKNW,WJU,RKNW,,Asia/Seoul
5638,RKNY,large_airport,Yangyang International Airport,38.060481,128.669822,241,AS,KR,KR-42,Gonghang-ro,yes,RKNY,YNY,RKNY,,Asia/Seoul
5639,RKPC,large_airport,Jeju International Airport,33.512058,126.492548,118,AS,KR,KR-49,Jeju City,yes,RKPC,CJU,RKPC,,Asia/Seoul
5640,RKPD,medium_airport,Jeongseok Airport,33.3996009827,126.711997986,1171,AS,KR,KR-49,Jeju Island,no,RKPD,JDG,RKPD,,Asia/Seoul
5642,RKPK,large_airport,Gimhae International Airport,35.179501,128.938004,6,AS,KR,KR-26,Busan,yes,RKPK,PUS,RKPK,,Asia/Seoul
5643,RKPS,medium_airport,Sacheon Airport / Sacheon Air Base,35.088591,128.071747,25,AS,KR,KR-48,Sacheon,yes,RKPS,HIN,RKPS,,Asia/Seoul
5644,RKPU,medium_airport,Ulsan Airport,35.59349823,129.352005005,45,AS,KR,KR-31,Ulsan,yes,RKPU,USN,RKPU,,Asia/Seoul
5652,RKSG,medium_airport,Camp Humphreys (A-511) Desiderio Army Airfield,36.962363,127.031126,51,AS,KR,KR-41,Pyeongtaek,no,RKSG,,RKSG,KSG,Asia/Seoul
5653,RKSI,large_airport,Incheon International Airport,37.469101,126.450996,23,AS,KR,KR-28,Seoul,yes,RKSI,ICN,RKSI,,Asia/Seoul
5654,RKSM,medium_airport,Seoul Air Base (K-16),37.444744,127.112718,92,AS,KR,KR-41,Seongnam,no,,SSN,RKSM,,Asia/Seoul
5655,RKSO,medium_airport,Osan Air Base,37.091457,127.029448,38,AS,KR,KR-41,Pyeongtaek,no,RKSO,OSN,RKSO,,Asia/Seoul
5656,RKSS,large_airport,Seoul Gimpo International Airport,37.5583,126.791,59,AS,KR,KR-11,Seoul,yes,RKSS,GMP,RKSS,,Asia/Seoul
5657,RKSW,medium_airport,Suwon Airport,37.239399,127.007004,88,AS,KR,KR-41,Suwon,no,RKSW,SWU,RKSW,,Asia/Seoul
5659,RKTH,medium_airport,Pohang Airport (G-815/K-3),35.987955,129.420383,70,AS,KR,KR-47,Pohang,yes,RKTH,KPO,RKTH,,Asia/Seoul
5660,RKTI,medium_airport,Jungwon Air Base/Chungju Airport,37.03024,127.886353,281,AS,KR,KR-43,Gimseang-ro,no,RKTI,JWO,RKTI,RKTV,Asia/Seoul
5661,RKTN,large_airport,Daegu International Airport,35.894394,128.656989,116,AS,KR,KR-27,Daegu,yes,RKTN,TAE,RKTN,,Asia/Seoul
5663,RKTU,large_airport,Cheongju International Airport/Cheongju Air Base (K-59/G-513),36.71556,127.500289,191,AS,KR,KR-43,Cheongju,yes,RKTU,CJJ,RKTU,,Asia/Seoul
5664,RKTY,medium_airport,Yecheon Airbase,36.630373,128.34971,354,AS,KR,KR-47,Yecheon-ri,no,RKTY,YEC,RKTY,,Asia/Seoul
24363,RMP,small_airport,Rampart Airport,65.507896,-150.141007,302,NA,US,US-AK,Rampart,yes,PFMP,RMP,PFMP,RMP,
5671,ROAH,large_airport,Naha International Airport,26.192437,127.639804,12,AS,JP,JP-47,Naha,yes,ROAH,OKA,ROAH,,Asia/Tokyo
5673,RODN,large_airport,Kadena Air Base,26.351667,127.769444,143,AS,JP,JP-47,Okinawa,no,RODN,DNA,RODN,,Asia/Tokyo
327608,ROIG,medium_airport,New Ishigaki Airport,24.396389,124.245,102,AS,JP,JP-47,Ishigaki,yes,ROIG,ISG,ROIG,,Asia/Tokyo
5675,ROKJ,medium_airport,Kumejima Airport,26.363445,126.71384,23,AS,JP,JP-47,Kumejima,yes,ROKJ,UEO,ROKJ,,Asia/Tokyo
5676,ROMD,medium_airport,Minamidaito Airport,25.8465,131.263,167,AS,JP,JP-47,Minamidaito,yes,ROMD,MMD,ROMD,,Asia/Tokyo
5677,ROMY,medium_airport,Miyako Airport,24.782801,125.294998,150,AS,JP,JP-47,Miyakojima,yes,ROMY,MMY,ROMY,,Asia/Tokyo
30621,RORA,small_airport,Aguni Airport,26.592755,127.240335,38,AS,JP,JP-47,Aguni,yes,RORA,AGJ,RORA,,Asia/Tokyo
5678,RORE,medium_airport,Iejima Airport,26.722537,127.786801,246,AS,JP,JP-47,Ie,no,RORE,IEJ,RORE,,Asia/Tokyo
5679,RORK,medium_airport,Kitadaito Airport,25.9447002411,131.32699585,80,AS,JP,JP-47,Kitadaitōjima,yes,RORK,KTD,RORK,,Asia/Tokyo
5680,RORS,medium_airport,Shimojishima Airport,24.8267,125.144997,54,AS,JP,JP-47,Miyakojima,yes,RORS,SHI,RORS,,Asia/Tokyo
5681,RORT,medium_airport,Tarama Airport,24.653793,124.675453,36,AS,JP,JP-47,Tarama,yes,RORT,TRA,RORT,,Asia/Tokyo
5682,RORY,medium_airport,Yoron Airport,27.043847,128.401648,52,AS,JP,JP-46,Yoron,yes,RORY,RNJ,RORY,,Asia/Tokyo
5683,ROTM,medium_airport,Futenma Marine Corps Air Station,26.2743,127.755997,247,AS,JP,JP-47,,no,,,ROTM,,Asia/Tokyo
5684,ROYN,medium_airport,Yonaguni Airport,24.467298,122.979827,70,AS,JP,JP-47,Yonaguni,yes,ROYN,OGN,ROYN,,Asia/Tokyo
31007,RPEN,small_airport,El Nido Airport,11.202399,119.416087,,AS,PH,PH-PLW,El Nido,yes,RPEN,ENI,RPEN,,Asia/Manila
5686,RPLB,large_airport,Subic Bay International Airport / Naval Air Station Cubi Point,14.794833,120.271883,64,AS,PH,PH-ZMB,Olongapo,yes,RPLB,SFS,RPLB,,Asia/Manila
5687,RPLC,large_airport,Clark International Airport / Clark Air Base,15.186,120.559998,484,AS,PH,PH-PAM,Mabalacat,yes,RPLC,CRK,RPLC,,Asia/Manila
325947,RPLH,medium_airport,Cagayan North International Airport,18.182388,121.746223,148,AS,PH,PH-CAG,Lal-lo,no,RPLH,LLC,RPLH,,
5688,RPLI,large_airport,Laoag International Airport,18.175089,120.531006,25,AS,PH,PH-ILN,Laoag City,yes,RPLI,LAO,RPLI,,Asia/Manila
336104,RPLK,large_airport,Bicol International Airport,13.111915,123.676829,319,AS,PH,PH-ALB,Legazpi,yes,RPLK,DRP,RPLK,,Asia/Manila
5689,RPLL,large_airport,Ninoy Aquino International Airport,14.5086,121.019997,75,AS,PH,PH-00,Manila (Pasay),yes,RPLL,MNL,RPLL,,Asia/Manila
46514,RPLN,small_airport,Palanan Community Airport,17.065667,122.427671,52,AS,PH,PH-ISA,Palanan,yes,RPLN,,RPLN,,Asia/Manila
30869,RPLO,small_airport,Cuyo Airport,10.8581,121.069,,AS,PH,PH-PLW,Cuyo,yes,RPLO,CYU,RPLO,,Asia/Manila
5691,RPLS,medium_airport,Danilo Atienza Air Base,14.4954,120.903999,8,AS,PH,PH-CAV,Cavite,no,RPLS,SGL,RPLS,,Asia/Manila
32221,RPLT,medium_airport,Itbayat Jorge Abad Airport,20.722521,121.809969,328,AS,PH,PH-BTN,Itbayat,yes,RPLT,,RPLT,,Asia/Manila
5692,RPLU,medium_airport,Lubang Airport,13.8554,120.105003,43,AS,PH,PH-MDC,Lubang,no,RPLU,LBX,RPLU,,Asia/Manila
5694,RPMA,medium_airport,Allah Valley Airport,6.367903,124.752431,659,AS,PH,PH-SCO,Surallah,no,RPMA,AAV,RPMA,,Asia/Manila
5695,RPMB,medium_airport,Rajah Buayan Air Base,6.105476,125.234882,28,AS,PH,PH-SCO,General Santos City,no,RPMB,,RPMB,,Asia/Manila
5696,RPMC,medium_airport,Cotabato (Awang) Airport,7.164753,124.209938,189,AS,PH,PH-MDN,Datu Odin Sinsuat,yes,RPMC,CBO,RPMC,,Asia/Manila
5697,RPMD,large_airport,Francisco Bangoy International Airport,7.12552,125.646004,96,AS,PH,PH-DVO,Davao,yes,RPMD,DVO,RPMD,,Asia/Manila
5698,RPME,medium_airport,Bancasi Airport,8.9515,125.4788,141,AS,PH,PH-BTC,Butuan,yes,RPME,BXU,RPME,,Asia/Manila
5699,RPMF,medium_airport,Bislig Airport,8.195052,126.321015,12,AS,PH,PH-SUR,Bislig,no,RPMF,BPH,RPMF,,Asia/Manila
5700,RPMG,medium_airport,Dipolog Airport,8.601983,123.341875,12,AS,PH,PH-ZAN,Dipolog,yes,RPMG,DPL,RPMG,,Asia/Manila
5701,RPMH,medium_airport,Camiguin Airport,9.253894,124.709115,53,AS,PH,PH-CAM,Mambajao,yes,RPMH,CGM,RPMH,,Asia/Manila
5703,RPMJ,medium_airport,Jolo Airport,6.05367,121.011002,118,AS,PH,PH-SLU,Jolo,yes,RPMJ,JOL,RPMJ,,Asia/Manila
5705,RPMN,medium_airport,Sanga Sanga Airport,5.048196,119.743338,15,AS,PH,PH-TAW,Bongao,yes,RPMN,TWT,RPMN,,Asia/Manila
5706,RPMO,medium_airport,Labo Airport,8.17851,123.842003,75,AS,PH,PH-MSC,Ozamiz,yes,RPMO,OZC,RPMO,,Asia/Manila
5707,RPMP,medium_airport,Pagadian Airport,7.825632,123.459635,5,AS,PH,PH-ZAS,Pagadian,yes,RPMP,PAG,RPMP,,Asia/Manila
5708,RPMQ,medium_airport,Mati National Airport,6.949091,126.27368,156,AS,PH,PH-DAO,Mati,no,RPMQ,MXI,RPMQ,,Asia/Manila
5709,RPMR,large_airport,General Santos International Airport,6.057208,125.096243,505,AS,PH,PH-SCO,General Santos,yes,RPMR,GES,RPMR,,Asia/Manila
5710,RPMS,medium_airport,Surigao Airport,9.755838325629998,125.480947495,20,AS,PH,PH-SUN,Surigao City,yes,RPMS,SUG,RPMS,,Asia/Manila
5711,RPMW,medium_airport,Tandag Airport,9.072002,126.17132,16,AS,PH,PH-SUR,Tandag,no,RPMW,TDG,RPMW,,Asia/Manila
308633,RPMY,large_airport,Laguindingan International Airport,8.612203,124.456496,190,AS,PH,PH-MSR,Laguindingan,yes,RPMY,CGY,RPMY,,Asia/Manila
5712,RPMZ,large_airport,Zamboanga International Airport,6.92242,122.059998,33,AS,PH,PH-ZMC,Zamboanga,yes,RPMZ,ZAM,RPMZ,,Asia/Manila
5713,RPNS,small_airport,Siargao Airport,9.8591,126.014,10,AS,PH,PH-SUN,Del Carmen,yes,RPNS,IAO,RPNS,,Asia/Manila
336116,RPSP,large_airport,Bohol-Panglao International Airport,9.573045,123.770143,42,AS,PH,PH-BOH,Panglao,yes,RPSP,TAG,RPSP,,Asia/Manila
333098,RPSV,small_airport,San Vicente Airport,10.524298,119.272899,24,AS,PH,PH-PLW,San Vicente,yes,RPSV,SWL,RPSV,,
5715,RPUB,medium_airport,Loakan Airport,16.375034,120.619949,4251,AS,PH,PH-BAG,Baguio,no,RPUB,BAG,RPUB,,Asia/Manila
5716,RPUD,medium_airport,Daet Airport,14.1292,122.980003,10,AS,PH,PH-CAN,Daet,no,RPUD,DTE,RPUD,,Asia/Manila
5719,RPUH,medium_airport,San Jose Airport,12.361499786399998,121.04699707,14,AS,PH,PH-MDC,San Jose,yes,RPUH,SJI,RPUH,,Asia/Manila
5721,RPUM,medium_airport,Mamburao Airport,13.208048,120.605457,13,AS,PH,PH-MDC,Mamburao,no,RPUM,MBO,RPUM,,Asia/Manila
5722,RPUN,medium_airport,Naga Airport,13.58489990234375,123.2699966430664,142,AS,PH,PH-CAS,Naga,yes,RPUN,WNP,RPUN,,Asia/Manila
5723,RPUO,medium_airport,Basco Airport,20.4513,121.980003,291,AS,PH,PH-BTN,Basco,yes,RPUO,BSO,RPUO,,Asia/Manila
5725,RPUR,medium_airport,Dr. Juan C. Angara Airport,15.729309,121.500034,108,AS,PH,PH-AUR,Baler,no,RPUR,BQA,RPUR,,Asia/Manila
5726,RPUS,medium_airport,San Fernando Airport,16.5956,120.303001,13,AS,PH,PH-LUN,San Fernando,no,RPUS,SFE,RPUS,,Asia/Manila
5727,RPUT,medium_airport,Tuguegarao Airport,17.6433676823,121.733150482,70,AS,PH,PH-CAG,Tuguegarao City,yes,RPUT,TUG,RPUT,,Asia/Manila
5728,RPUV,medium_airport,Virac Airport,13.576399803161621,124.20600128173828,121,AS,PH,PH-CAT,Virac,yes,RPUV,VRC,RPUV,,Asia/Manila
5729,RPUW,medium_airport,Marinduque Airport,13.361000061035156,121.82599639892578,32,AS,PH,PH-MAD,Gasan,no,RPUW,MRQ,RPUW,,Asia/Manila
5730,RPUY,medium_airport,Cauayan Airport,16.9298992157,121.752998352,200,AS,PH,PH-ISA,Cauayan City,yes,RPUY,CYZ,RPUY,,Asia/Manila
5732,RPVA,medium_airport,Daniel Z. Romualdez Airport,11.227761,125.027783,10,AS,PH,PH-LEY,Tacloban City,yes,RPVA,TAC,RPVA,DZR,Asia/Manila
35178,RPVB,large_airport,Bacolod-Silay International Airport,10.776237,123.018879,82,AS,PH,PH-NEC,Bacolod City,yes,RPVB,BCD,RPVB,,Asia/Manila
5734,RPVC,medium_airport,Calbayog Airport,12.072574,124.54508,12,AS,PH,PH-WSA,Calbayog City,yes,RPVC,CYP,RPVC,,Asia/Manila
5735,RPVD,medium_airport,Sibulan Airport,9.334183,123.30191,15,AS,PH,PH-NER,Dumaguete City,yes,RPVD,DGT,RPVD,,Asia/Manila
5736,RPVE,medium_airport,Godofredo P. Ramos Airport,11.9245,121.954002,7,AS,PH,PH-AKL,Caticlan,yes,RPVE,MPH,RPVE,,Asia/Manila
5737,RPVF,medium_airport,Catarman National Airport,12.50161,124.635258,6,AS,PH,PH-NSA,Catarman,yes,RPVF,CRM,RPVF,,Asia/Manila
5739,RPVI,large_airport,Iloilo International Airport,10.833017,122.493358,27,AS,PH,PH-ILI,Cabatuan,yes,RPVI,ILO,RPVI,,Asia/Manila
5740,RPVJ,medium_airport,Moises R. Espinosa Airport,12.369682,123.630095,49,AS,PH,PH-MAS,Masbate,yes,RPVJ,MBT,RPVJ,,Asia/Manila
5741,RPVK,large_airport,Kalibo International Airport,11.6794,122.375999,14,AS,PH,PH-AKL,Kalibo,yes,RPVK,KLO,RPVK,,Asia/Manila
5742,RPVM,large_airport,Mactan Cebu International Airport,10.309261,123.97974,31,AS,PH,PH-CEB,Cebu City/Lapu-Lapu City,yes,RPVM,CEB,RPVM,,Asia/Manila
5743,RPVO,medium_airport,Ormoc Airport,11.057715,124.565622,83,AS,PH,PH-LEY,Ormoc City,no,RPVO,OMC,RPVO,,Asia/Manila
5744,RPVP,large_airport,Puerto Princesa International Airport / PAF Antonio Bautista Air Base,9.742044,118.75911,71,AS,PH,PH-PLW,Puerto Princesa,yes,RPVP,PPS,RPVP,,Asia/Manila
5745,RPVR,medium_airport,Roxas Airport,11.597700119018555,122.75199890136719,10,AS,PH,PH-CAP,Roxas City,yes,RPVR,RXS,RPVR,,Asia/Manila
5746,RPVS,medium_airport,Evelio Javier Airport,10.766644,121.932506,23,AS,PH,PH-ANT,San Jose,no,RPVS,EUQ,RPVS,,Asia/Manila
5748,RPVU,medium_airport,Tugdan Airport,12.3109998703,122.084999084,10,AS,PH,PH-ROM,Tablas Island,yes,RPVU,TBH,RPVU,,Asia/Manila
5749,RPVV,medium_airport,Francisco B. Reyes (Busuanga) Airport,12.121865,120.100801,148,AS,PH,PH-PLW,Coron,yes,RPVV,USU,RPVV,,Asia/Manila
350214,RSI,large_airport,Red Sea International Airport,25.627975,37.088914,140,AS,SA,SA-07,Hanak,yes,OERS,RSI,OERS,,Asia/Riyadh
34933,RU-0001,medium_airport,Levashovo Air Base,60.0867,30.1933,60,EU,RU,RU-SPE,St. Petersburg,no,,,,,
34942,RU-0008,medium_airport,Bada Air Base,51.406917,109.900091,2500,AS,RU,RU-ZAB,Bada,no,,,XIAB,XIAB,
34945,RU-0010,medium_airport,Balashov Air Base,51.531687,43.301718,568,EU,RU,RU-SAR,Balashov,no,,,,XWSW,
34953,RU-0014,medium_airport,Borisoglebsk Air Base,51.366699,42.178299,390,EU,RU,RU-VOR,Borisoglebsk,no,,,,XUOB,
34955,RU-0015,medium_airport,Khotilovo Air Base,57.654999,34.099998,591,EU,RU,RU-TVE,Bologoye,no,,,,XUEH,
41136,RU-0016,medium_airport,Lipetsk Air Base,52.634998,39.445,636,EU,RU,RU-LIP,Lipetsk,no,,,,XUWL,
34960,RU-0018,medium_airport,Buturlinovka Air Base,50.79221,40.606155,505,EU,RU,RU-VOR,Buturlinovka,no,,,,XUOI,
34967,RU-0023,medium_airport,Chindant Air Base,50.396823,116.346114,2201,AS,RU,RU-ZAB,Borzya,no,,,,XIAG,
42328,RU-0028,medium_airport,Kaliningrad Chkalovsk Naval Air Base,54.766556,20.396819,164,EU,RU,RU-KGD,Kaliningrad,no,,,,XMWB,
42927,RU-0036,medium_airport,Irkutsk Northwest Airport,52.367642,104.183335,1470,AS,RU,RU-IRK,Irkutsk,no,,,UIIR,,Asia/Irkutsk
42971,RU-0043,medium_airport,Mius Airport,54.958332,43.311668,525,EU,RU,RU-NIZ,Sarov,no,,,,XUDM,
42991,RU-0050,medium_airport,Yamburg Airport,67.987288,75.09804,108,AS,RU,RU-YAN,Yamburg,no,,,USMQ,,Asia/Yekaterinburg
43003,RU-0056,small_airport,Taksimo Airport,56.361668,114.93,1634,AS,RU,RU-BU,Taksimo,yes,,TKM,UIKG,,
43008,RU-0060,medium_airport,Chernyakhovsk Naval Air Base,54.601676,21.782375,131,EU,RU,RU-KGD,Chernyakhovsk,no,,,,XMWH,
43014,RU-0064,medium_airport,Ostrov Naval Air Base,57.299999,28.4333,220,EU,RU,RU-PSK,Ostrov,no,,,,XLOS,
43015,RU-0065,medium_airport,Pribylovo Naval Air Base,60.458332,28.746668,131,EU,RU,RU-LEN,Pribilovo,no,,,,XLLY,
44301,RU-0089,medium_airport,Krymsk Air Base,44.962905,37.999071,66,EU,RU,RU-KDA,Krymsk,no,,NOI,,XRKW,
44302,RU-0090,medium_airport,Krasnodar Central Air Base,45.082429,38.944312,105,EU,RU,RU-KDA,Krasnodar,no,,,,,
44370,RU-0125,medium_airport,Bobrovka Air Base,53.145,50.709999,140,AS,RU,RU-SAM,Kinel,no,,,XWWO,,
44380,RU-0128,medium_airport,Budyonnovsk Air Base,44.830002,44.013,,EU,RU,RU-STA,Budyonnovsk,no,,,URMB,,
44392,RU-0132,medium_airport,Chernigovka Air Base,44.32239,132.545289,328,AS,RU,RU-PRI,Chernigovka,no,,,UHII,,
44698,RU-0143,heliport,Avachinskiy Heliport,53.160668,158.388392,36,AS,RU,RU-KAM,Yelizovo,yes,,,UHQA,,
44575,RU-0152,medium_airport,Mozdok Air Base,43.78499984741211,44.599998474121094,,EU,RU,RU-SE,Mozdok,no,,,,,
44866,RU-0211,medium_airport,Taganrog Tsentralny Air Base,47.24645,38.8403,151,EU,RU,RU-ROS,Taganrog,no,,,,XRRC,
44899,RU-0217,medium_airport,Sormovo Airfield,56.32,43.799999,249,EU,RU,RU-NIZ,Nizhniy Novgorod,no,,,,XUDS,
44998,RU-0240,medium_airport,Seshcha Air Base,53.715258,33.339083,692,EU,RU,RU-BRY,Dubrovka,no,,,,XUWD,
45175,RU-0282,medium_airport,Millerovo Air Base,48.955177,40.296356,499,EU,RU,RU-ROS,Millerovo,no,,,,XRRI,
46128,RU-0303,medium_airport,Privolzhskiy Air Base,46.395726,47.887688,-66,EU,RU,RU-AST,Astrakhan,no,,,,XRAP,
46129,RU-0304,medium_airport,Kapustin Yar Airfield,48.667,45.732,,AS,RU,RU-AST,Znamensk,no,,,,,
46157,RU-0327,medium_airport,Vozdvizhenka Air Base,43.907501,131.925008,121,AS,RU,RU-PRI,Vozdvizhenka,no,,,UHWV,,
46242,RU-0372,medium_airport,Rostov-on-Don Central Air Base,47.277386,39.635556,,EU,RU,RU-ROS,Rostov-on-Don,no,,,,XRRO,
46251,RU-0380,medium_airport,Akhtubinsk Air Base,48.3085,46.2365,50,AS,RU,RU-AST,Akhtubinsk,no,,,,XRWH,
323478,RU-0470,small_airport,Motygino Airport,58.180921,94.745272,538,AS,RU,RU-KYA,Motygino,yes,,MJY,UNIM,MTG,
343276,RU-0716,heliport,Kizhi helipad,62.076514,35.226102,,EU,RU,RU-KR,Kizhi,yes,,,,,
35012,RU-0764,medium_airport,Kubinka Air Base,55.611695,36.650002,614,EU,RU,RU-MOS,Kubinka,no,UUMB,,XUMB,XUMB,
32584,RU-10001,medium_airport,Velikiye Luki Airport,56.381066,30.607846,328,EU,RU,RU-PSK,Velikiye Luki,no,ULOL,VLU,,,Europe/Moscow
35001,RU-10046,small_airport,Kirovsk-Apatity Airport,67.462851,33.585294,515,EU,RU,RU-MUR,Apatity,yes,,KVK,XLMK,ULMK,Europe/Moscow
35064,RU-10047,medium_airport,Rtishchevo Air Base,52.297317,43.7241,673,EU,RU,RU-SAR,Rtishchevo,no,,,,XWPR,
35074,RU-10048,medium_airport,Semyazino Airport,56.127423,40.315202,554,EU,RU,RU-VLA,Vladimir,no,,,UUBL,UUBL,Europe/Moscow
35085,RU-10049,medium_airport,Soltsy-2 Air Base,58.139545,30.33042,131,EU,RU,RU-NGR,Soltsy,no,,,XLLL,XLLL,Europe/Moscow
42933,RU-10053,medium_airport,Yermolino Air Base,55.228627,36.608609,640,EU,RU,RU-KLU,Balabanovo,no,,,UUWE,XUWE,Europe/Moscow
42966,RU-10054,medium_airport,Myachkovo Airfield,55.560817,37.983947,410,EU,RU,RU-MOS,Moscow,no,,,UUBM,,Europe/Moscow
42973,RU-10055,medium_airport,Staraya Russa Air Base,57.961399,31.384399,82,EU,RU,RU-NGR,Staraya Russa,no,,,ULNR,XLNR,Europe/Moscow
43010,RU-10056,medium_airport,Fedotovo Naval Air Base,59.190372,39.123459,574,EU,RU,RU-VLG,Kipelovo,no,,,,XLWF,
43016,RU-10057,medium_airport,Severomorsk-1 Naval Air Base,69.03167,33.418331,239,EU,RU,RU-MUR,Severomorsk,no,,,,XLMD,
43018,RU-10058,medium_airport,Severomorsk-3 Naval Air Base,68.866669,33.716667,564,EU,RU,RU-MUR,Severomorsk,no,,,,XLMV,
43669,RU-10059,medium_airport,Dyagilevo Air Base,54.642284,39.569047,440,EU,RU,RU-RYA,Ryazan,no,,,UUBD,XUBD,Europe/Moscow
44321,RU-10062,medium_airport,Khanskaya Air Base,44.67956,40.036059,600,EU,RU,RU-AD,Maykop,no,,,,XRKH,
44992,RU-10076,medium_airport,Smolensk North Airport,54.824,32.025,820,EU,RU,RU-SMO,Smolensk,no,,LNX,,XUBS,Europe/Moscow
45191,RU-10077,medium_airport,Yeysk Airport,46.68,38.21,60,EU,RU,RU-KDA,Yeysk,no,,EIK,URKE,XRKE,Europe/Moscow
34995,RU-1071,medium_airport,Kamensk-Uralskiy Air Base,56.436699,61.986698,560,AS,RU,RU-SVE,Kamensk Uralskiy,no,,,,,
34975,RU-1892,medium_airport,Dolinsk-Sokol Air Base,47.2617,142.768005,95,AS,RU,RU-SAK,Dolinsk,no,,,XHSO,,
35069,RU-2344,medium_airport,Samara Kryazh Air Base,53.108299,50.098301,105,AS,RU,RU-SAM,Samara,no,,,,,
34983,RU-2844,medium_airport,Dzhida Air Base,50.677425,106.138573,1968,AS,RU,RU-BU,Dzhida,no,,,UIID,,
35116,RU-3686,medium_airport,Oreshkovo Airfield,54.467731,36.073685,545,EU,RU,RU-KLU,Kaluga,no,,,UUFO,,
35075,RU-3709,medium_airport,Bagay-Baranovka Air Base,52.139652,46.969387,125,AS,RU,RU-SAR,Sennoy,no,,,XWSB,,
34996,RU-3880,medium_airport,Kansk Air Base,56.123299,95.6633,1037,AS,RU,RU-KYA,Kansk,no,,,XNKG,,
35094,RU-4339,medium_airport,Tambov Air Base,52.700626,41.374168,554,EU,RU,RU-TAM,Tambov,no,,,,XUOM,
34972,RU-4421,medium_airport,Danilovo Air Base,56.66,48.033298,384,AS,RU,RU-ME,Yoshkar Ola,no,,,XWKD,,
35046,RU-4464,medium_airport,Olenya Air Base,68.151802,33.463902,702,EU,RU,RU-MUR,Olenegorsk,no,,,,XLMO,
35063,RU-4536,medium_airport,Rogachyovo Air Base,71.616699,52.478298,272,EU,RU,RU-ARK,Belaya,no,,,ULDA,,Europe/Moscow
35079,RU-4609,medium_airport,Shatalovo Air Base,54.34,32.473301,630,EU,RU,RU-SMO,Pochinok,no,,,,XUBV,
34968,RU-4827,medium_airport,Cheryomushki Air Base,52.072963,113.433267,2221,AS,RU,RU-ZAB,Chita,no,,,UIAI,,
34971,RU-5105,medium_airport,Chuguyevka Air Base,44.083302,133.867996,1001,AS,RU,RU-PRI,Chuguyevka,no,,,XHIS,,
35084,RU-5376,medium_airport,Smuravyovo Air Base,58.814999,28.0133,200,EU,RU,RU-PSK,Gdov,no,,,,XLLG,
34993,RU-5672,medium_airport,Ivanovo North Air Base,57.0583,40.981701,449,EU,RU,RU-IVA,Ivanovo,no,,,,XUDI,
35029,RU-6558,medium_airport,Lyambir Air Base,54.28499984741211,45.16830062866211,653,EU,RU,RU-MO,Saransk,no,,,,,
35103,RU-6560,medium_airport,Ulan-Ude East Airport,51.849998,107.737999,1670,AS,RU,RU-BU,Ulan Ude,no,,,XIUW,,Asia/Irkutsk
35036,RU-6687,medium_airport,Michurinsk Air Base,52.917455,40.365826,538,EU,RU,RU-TAM,Michurinsk,no,,,,XUWM,
35088,RU-7576,medium_airport,Step Air Base,51.020051,115.431016,2050,AS,RU,RU-ZAB,Chita,no,,,XIAS,,
35121,RU-7911,medium_airport,Yugorsk Sovetsky Air Base,61.268299,63.138302,374,AS,RU,RU-KHM,Yugorsk,no,,,XSSJ,,
35106,RU-7978,medium_airport,Uprun Air Base,54.375,61.353298,774,AS,RU,RU-CHE,Uvelsky,no,,,USCU,,
35115,RU-8363,medium_airport,Voronezh Baltimore Air Base,51.62,39.14,502,EU,RU,RU-VOR,Voronezh,no,,,,XUOW,
35078,RU-8499,medium_airport,Sharomy Air Base,54.294492,158.151505,489,AS,RU,RU-KAM,Sharomy,no,,,,XHPN,
34984,RU-8602,medium_airport,Engels Air Base,51.480499,46.215,121,AS,RU,RU-SAR,Saratov,no,,,,,
35114,RU-9129,medium_airport,Vorkuta Sovetskiy Air Base,67.463303,64.306702,630,AS,RU,RU-KO,Vorkuta,no,,,,,
35010,RU-9345,medium_airport,Krechevitsy Air Base,58.625,31.385,100,EU,RU,RU-NGR,Novgorod,no,ULLK,,ULLK,XLLK,Europe/Moscow
35066,RU-9937,medium_airport,Rzhev Air Base,56.259998,34.408298,636,EU,RU,RU-TVE,Rzhev,no,,,,XUER,
35080,RU-9942,medium_airport,Shaykovka Air Base,54.2267,34.3717,666,EU,RU,RU-KLU,Kirov,no,,,,XUBJ,
24373,S31,small_airport,Lopez Island Airport,48.4838981628418,-122.93800354003906,209,NA,US,US-WA,Lopez,yes,,LPS,S31,S31,
24380,S60,seaplane_base,Kenmore Air Harbor LLC Seaplane Base,47.754799,-122.259003,14,NA,US,US-WA,Kenmore,yes,,KEH,S60,S60,
597259,SA-0094,medium_airport,King Salman Air Base,24.465259,46.659279,,AS,SA,SA-01,Riyadh,no,OESN,,OESN,,
20,SA10,small_airport,Aeródromo Estancia Don Panos,-26.2959,-59.5353,262,SA,AR,AR-H,Presidencia Roca,yes,,,SA10,PDP,America/Argentina/Cordoba
5764,SAAC,medium_airport,Comodoro Pierrestegui Airport,-31.2969,-57.9966,112,SA,AR,AR-E,Concordia,no,SAAC,COC,SAAC,DIA,America/Argentina/Cordoba
5765,SAAG,medium_airport,Gualeguaychu Airport,-33.005567,-58.612833,75,SA,AR,AR-E,Gualeguaychu,no,SAAG,GHU,SAAG,GUA,America/Argentina/Cordoba
5768,SAAP,medium_airport,General Urquiza Airport,-31.7948,-60.4804,242,SA,AR,AR-E,Parana,yes,SAAP,PRA,SAAP,PAR,America/Argentina/Cordoba
5769,SAAR,large_airport,Rosario Islas Malvinas International Airport,-32.9036,-60.785,85,SA,AR,AR-S,Rosario,yes,SAAR,ROS,SAAR,ROS,America/Argentina/Cordoba
5770,SAAV,medium_airport,Sauce Viejo Airport,-31.7117,-60.8117,55,SA,AR,AR-S,Santa Fe,yes,SAAV,SFN,SAAV,SVO,America/Argentina/Cordoba
5771,SABE,large_airport,Aeroparque Jorge Newbery,-34.559419,-58.415536,18,SA,AR,AR-C,Buenos Aires,yes,SABE,AEP,SABE,AER,America/Argentina/Buenos_Aires
5773,SACO,large_airport,Ingeniero Aeronáutico Ambrosio L.V. Taravella International Airport,-31.312346,-64.208329,1604,SA,AR,AR-X,Cordoba,yes,SACO,COR,SACO,CBA,America/Argentina/Cordoba
5775,SADF,medium_airport,San Fernando Airport,-34.4532,-58.5896,10,SA,AR,AR-B,San Fernando,no,,,SADF,FDO,America/Argentina/Buenos_Aires
5777,SADL,medium_airport,La Plata Airport,-34.9722,-57.8947,72,SA,AR,AR-B,La Plata,no,SADL,LPG,SADL,PTA,America/Argentina/Buenos_Aires
5780,SADP,medium_airport,El Palomar Airport,-34.6099,-58.6126,59,SA,AR,AR-B,El Palomar,no,SADP,EPA,SADP,PAL,America/Argentina/Buenos_Aires
5781,SAEZ,large_airport,Ezeiza International Airport - Ministro Pistarini,-34.8222,-58.5358,67,SA,AR,AR-B,Buenos Aires (Ezeiza),yes,SAEZ,EZE,SAEZ,EZE,America/Argentina/Buenos_Aires
5784,SAHS,medium_airport,Rincon De Los Sauces Airport,-37.390598,-68.904198,1968,SA,AR,AR-Q,Rincon de los Sauces,no,SAHS,RDS,SAHS,RIN,America/Argentina/Mendoza
5785,SAHZ,medium_airport,Zapala Airport,-38.975498,-70.113602,3330,SA,AR,AR-Q,Zapala,no,SAHZ,APZ,SAHZ,ZAP,America/Argentina/Salta
5786,SAME,large_airport,Governor Francisco Gabrielli International Airport,-32.831699,-68.7929,2310,SA,AR,AR-M,Mendoza,yes,SAME,MDZ,SAME,DOZ,America/Argentina/Mendoza
5787,SAMM,medium_airport,Comodoro D.R. Salomón Airport,-35.493599,-69.574303,4685,SA,AR,AR-M,Malargue,no,SAMM,LGS,SAMM,MLG,America/Argentina/Mendoza
5788,SAMR,medium_airport,Suboficial Ay Santiago Germano Airport,-34.588299,-68.4039,2470,SA,AR,AR-M,San Rafael,yes,SAMR,AFA,SAMR,SRA,America/Argentina/Mendoza
5789,SANC,medium_airport,Coronel Felipe Varela International Airport,-28.593117,-65.7512,1522,SA,AR,AR-K,Catamarca,yes,SANC,CTC,SANC,CAT,America/Argentina/Catamarca
5790,SANE,medium_airport,Vicecomodoro Angel D. La Paz Aragonés Airport,-27.765556335399996,-64.3099975586,656,SA,AR,AR-G,Santiago del Estero,yes,SANE,SDE,SANE,SDE,America/Argentina/Cordoba
5792,SANL,medium_airport,Capitan V A Almonacid Airport,-29.381599,-66.795799,1437,SA,AR,AR-F,La Rioja,yes,SANL,IRJ,SANL,LAR,America/Argentina/La_Rioja
318304,SANR,medium_airport,Termas de Río Hondo international Airport,-27.4966,-64.93595,935,SA,AR,AR-G,Termas de Río Hondo,yes,SANR,RHD,SANR,TRH,America/Argentina/Cordoba
5794,SANT,large_airport,Teniente Benjamín Matienzo International Airport,-26.837397,-65.104195,1493,SA,AR,AR-T,San Miguel de Tucumán,yes,SANT,TUC,SANT,TUC,America/Argentina/Tucuman
5795,SANU,medium_airport,Domingo Faustino Sarmiento Airport,-31.571501,-68.418198,1958,SA,AR,AR-J,San Juan,yes,SANU,UAQ,SANU,JUA,America/Argentina/San_Juan
5796,SAOC,medium_airport,Area De Material Airport,-33.085098,-64.261299,1380,SA,AR,AR-X,Rio Cuarto,no,SAOC,RCU,SAOC,TRC,America/Argentina/Cordoba
5797,SAOD,medium_airport,Villa Dolores Airport,-31.9452,-65.146301,1847,SA,AR,AR-X,Villa Dolores,no,SAOD,VDR,SAOD,LDR,America/Argentina/Cordoba
5800,SAOR,medium_airport,Villa Reynolds Airport,-33.7299003601,-65.3873977661,1591,SA,AR,AR-D,Villa Mercedes,no,SAOR,VME,SAOR,RYD,America/Argentina/San_Luis
5802,SAOU,medium_airport,Brigadier Mayor D Cesar Raul Ojeda Airport,-33.273201,-66.3564,2328,SA,AR,AR-D,San Luis,yes,SAOU,LUQ,SAOU,UIS,America/Argentina/San_Luis
318502,SAOV,medium_airport,Presidente Néstor Kirchner Regional Airport,-32.3201,-63.22663,670,SA,AR,AR-X,Villa Maria,no,SAOV,,SAOV,VMR,
5803,SARC,medium_airport,Corrientes Airport,-27.4455,-58.7619,202,SA,AR,AR-W,Corrientes,yes,SARC,CNQ,SARC,CRR,America/Argentina/Cordoba
5804,SARE,large_airport,Resistencia International Airport,-27.44991,-59.056125,173,SA,AR,AR-H,Resistencia,yes,SARE,RES,SARE,SIS,America/Argentina/Cordoba
5805,SARF,medium_airport,Formosa National Airport,-26.2127,-58.2281,193,SA,AR,AR-P,Formosa,yes,SARF,FMA,SARF,FSA,America/Argentina/Cordoba
5806,SARI,medium_airport,Cataratas Del Iguazú International Airport,-25.737301,-54.4734,916,SA,AR,AR-N,Puerto Iguazu,yes,SARI,IGR,SARI,IGU,America/Argentina/Cordoba
5807,SARL,medium_airport,Paso De Los Libres Airport,-29.6894,-57.1521,230,SA,AR,AR-W,Paso de los Libres,no,SARL,AOL,SARL,LIB,America/Argentina/Cordoba
5808,SARM,medium_airport,Monte Caseros Airport,-30.2719,-57.6402,170,SA,AR,AR-W,Monte Caseros,no,SARM,MCS,SARM,MCS,America/Argentina/Cordoba
5809,SARP,medium_airport,Libertador Gral D Jose De San Martin Airport,-27.3858,-55.9707,430,SA,AR,AR-N,Posadas,yes,SARP,PSS,SARP,POS,America/Argentina/Cordoba
5811,SASA,large_airport,Martín Miguel de Güemes International Airport,-24.856001,-65.486198,4088,SA,AR,AR-A,Salta,yes,SASA,SLA,SASA,SAL,America/Argentina/Salta
5812,SASJ,large_airport,Gobernador Horacio Guzman International Airport,-24.392799,-65.097801,3019,SA,AR,AR-Y,San Salvador de Jujuy,yes,SASJ,JUJ,SASJ,JUJ,America/Argentina/Jujuy
5813,SASO,medium_airport,Orán Airport,-23.1528,-64.329201,1171,SA,AR,AR-A,Orán,no,SASO,ORA,SASO,ORA,America/Argentina/Salta
5815,SAST,medium_airport,General Enrique Mosconi Airport,-22.616877,-63.793015,1472,SA,AR,AR-A,Tartagal,no,SAST,TTG,SAST,TAR,America/Argentina/Salta
5817,SATG,medium_airport,Goya Airport,-29.1058,-59.2189,128,SA,AR,AR-W,Goya,no,SATG,OYA,SATG,GOY,America/Argentina/Cordoba
5819,SATR,medium_airport,Reconquista Airport,-29.210278,-59.683333,160,SA,AR,AR-S,Reconquista,no,SATR,RCQ,SATR,RTA,America/Argentina/Cordoba
5820,SATU,medium_airport,Curuzu Cuatia Airport,-29.7706,-57.9789,229,SA,AR,AR-W,Curuzu Cuatia,no,SATU,UZU,SATU,CCA,America/Argentina/Cordoba
5821,SAVB,medium_airport,El Bolsón Airfield,-41.943199,-71.532303,1141,SA,AR,AR-R,El Bolsón,no,SAVB,EHL,SAVB,BOL,America/Argentina/Salta
5822,SAVC,large_airport,General Enrique Mosconi International Airport,-45.786941,-67.463355,189,SA,AR,AR-U,Comodoro Rivadavia,yes,SAVC,CRD,SAVC,CRV,America/Argentina/Catamarca
5823,SAVE,medium_airport,Esquel Brigadier Antonio Parodi International Airport,-42.908001,-71.139503,2621,SA,AR,AR-U,Esquel,yes,SAVE,EQS,SAVE,ESQ,America/Argentina/Catamarca
5824,SAVH,medium_airport,Las Heras Airport,-46.538517,-68.965323,1082,SA,AR,AR-Z,Las Heras,yes,SAVH,LHS,SAVH,CLH,America/Argentina/Rio_Gallegos
5826,SAVN,small_airport,Antoine de Saint Exupéry Airport,-40.7512,-65.0343,85,SA,AR,AR-R,San Antonio Oeste,yes,SAVN,OES,SAVN,SAN,America/Argentina/Salta
5827,SAVT,medium_airport,Almirante Marco Andres Zar Airport,-43.2105,-65.2703,141,SA,AR,AR-U,Rawson,yes,SAVT,REL,SAVT,TRE,America/Argentina/Catamarca
5828,SAVV,medium_airport,Gobernador Castello Airport,-40.8692,-63.0004,20,SA,AR,AR-R,Viedma / Carmen de Patagones,yes,SAVV,VDM,SAVV,VIE,America/Argentina/Salta
5829,SAVY,medium_airport,El Tehuelche Airport,-42.7592,-65.1027,427,SA,AR,AR-U,Puerto Madryn,yes,SAVY,PMY,SAVY,DRY,America/Argentina/Catamarca
5831,SAWC,medium_airport,El Calafate - Commander Armando Tola International Airport,-50.280267,-72.053401,669,SA,AR,AR-Z,El Calafate,yes,SAWC,FTE,SAWC,ECA,America/Argentina/Rio_Gallegos
5832,SAWD,medium_airport,Puerto Deseado Airport,-47.7353,-65.9041,268,SA,AR,AR-Z,Puerto Deseado,yes,SAWD,PUD,SAWD,ADO,America/Argentina/Rio_Gallegos
5833,SAWE,medium_airport,Gobernador Ramón Trejo Noel International Airport,-53.7777,-67.7494,65,SA,AR,AR-V,Rio Grande,yes,SAWE,RGA,SAWE,GRA,America/Argentina/Ushuaia
5834,SAWG,large_airport,Piloto Civil Norberto Fernández International Airport,-51.608791,-69.308948,61,SA,AR,AR-Z,Rio Gallegos,yes,SAWG,RGL,SAWG,GAL,America/Argentina/Rio_Gallegos
5835,SAWH,medium_airport,Ushuaia - Malvinas Argentinas International Airport,-54.8433,-68.2958,102,SA,AR,AR-V,Ushuaia,yes,SAWH,USH,SAWH,USU,America/Argentina/Ushuaia
5836,SAWJ,medium_airport,Capitan D Daniel Vazquez Airport,-49.306816,-67.802596,203,SA,AR,AR-Z,San Julian,no,SAWJ,ULA,SAWJ,SJU,America/Argentina/Rio_Gallegos
5838,SAWP,medium_airport,Perito Moreno Jalil Hamer Airport,-46.537899,-70.978699,1410,SA,AR,AR-Z,Perito Moreno,yes,SAWP,PMQ,SAWP,PTM,America/Argentina/Rio_Gallegos
29898,SAWR,small_airport,Gobernador Gregores Airport,-48.7831,-70.150002,356,SA,AR,AR-Z,Gobernador Gregores,yes,SAWR,GGS,SAWR,GRE,America/Argentina/Rio_Gallegos
29849,SAWT,small_airport,28 de Noviembre Airport,-51.605,-72.2203,909,SA,AR,AR-Z,Rio Turbio,yes,SAWT,RYO,SAWT,BIO,America/Argentina/Rio_Gallegos
5839,SAWU,medium_airport,Santa Cruz Airport,-50.0165,-68.5792,364,SA,AR,AR-Z,Puerto Santa Cruz,no,SAWU,RZA,SAWU,SCZ,America/Argentina/Rio_Gallegos
5840,SAZB,medium_airport,Comandante Espora Airport,-38.725,-62.1693,246,SA,AR,AR-B,Bahía Blanca,yes,SAZB,BHI,SAZB,BCA,America/Argentina/Buenos_Aires
5843,SAZG,medium_airport,General Pico Airport,-35.696201,-63.758301,459,SA,AR,AR-L,General Pico,no,SAZG,GPO,SAZG,GPI,America/Argentina/Salta
5844,SAZH,medium_airport,Tres Arroyos Airport,-38.3869,-60.3297,400,SA,AR,AR-B,Tres Arroyos,no,SAZH,OYO,SAZH,YOS,America/Argentina/Buenos_Aires
5846,SAZL,medium_airport,Santa Teresita Airport,-36.5423,-56.7218,9,SA,AR,AR-B,Santa Teresita,yes,SAZL,SST,SAZL,STR,America/Argentina/Buenos_Aires
5847,SAZM,medium_airport,Ástor Piazzola International Airport,-37.9342,-57.5733,72,SA,AR,AR-B,Mar del Plata,yes,SAZM,MDQ,SAZM,MDP,America/Argentina/Buenos_Aires
5848,SAZN,large_airport,Presidente Perón International Airport,-38.949001,-68.155701,895,SA,AR,AR-Q,Neuquén,yes,SAZN,NQN,SAZN,NEU,America/Argentina/Salta
5849,SAZO,medium_airport,Necochea Airport,-38.490746,-58.816337,72,SA,AR,AR-B,Necochea,yes,SAZO,NEC,SAZO,NEC,America/Argentina/Buenos_Aires
5850,SAZP,medium_airport,Comodoro Pedro Zanni Airport,-35.8446,-61.8576,278,SA,AR,AR-B,Pehuajó,no,SAZP,PEH,SAZP,PEH,America/Argentina/Buenos_Aires
5851,SAZR,medium_airport,Santa Rosa Airport,-36.588299,-64.275703,630,SA,AR,AR-L,Santa Rosa,yes,SAZR,RSA,SAZR,OSA,America/Argentina/Salta
5852,SAZS,large_airport,Teniente Luis Candelaria International Airport,-41.151199,-71.157501,2774,SA,AR,AR-R,San Carlos de Bariloche,yes,SAZS,BRC,SAZS,BAR,America/Argentina/Salta
5853,SAZT,medium_airport,Héroes de Malvinas Airport,-37.234634,-59.228647,574,SA,AR,AR-B,Tandil,no,SAZT,TDL,SAZT,DIL,America/Argentina/Buenos_Aires
5854,SAZV,medium_airport,Villa Gesell Airport,-37.2354,-57.0292,32,SA,AR,AR-B,Villa Gesell,no,SAZV,VLG,SAZV,GES,America/Argentina/Buenos_Aires
5855,SAZW,medium_airport,Cutral-Co Airport,-38.939701,-69.264603,2132,SA,AR,AR-Q,Cutral-Co,no,SAZW,CUT,SAZW,CUT,America/Argentina/Salta
5856,SAZY,medium_airport,Aviador C. Campos Airport,-40.075401,-71.137299,2569,SA,AR,AR-Q,Chapelco/San Martin de los Andes,yes,SAZY,CPC,SAZY,CHP,America/Argentina/Salta
5857,SBAA,medium_airport,Conceição do Araguaia Airport,-8.34835,-49.301498,653,SA,BR,BR-PA,Conceição do Araguaia,no,SBAA,CDJ,SBAA,PA0008,America/Araguaina
275,SBAC,medium_airport,Aracati Dragão do Mar Regional Airport,-4.568896,-37.805135,128,SA,BR,BR-CE,Aracati,no,SBAC,ARX,SBAC,CE0004,
32305,SBAE,medium_airport,Bauru/Arealva–Moussa Nakhal Tobias State Airport,-22.160755,-49.070325,1962,SA,BR,BR-SP,Bauru,yes,SBAE,JTC,SBAE,SP0010,America/Sao_Paulo
5858,SBAF,medium_airport,Campo Délio Jardim de Mattos Airport,-22.875099,-43.384701,110,SA,BR,BR-RJ,Rio de Janeiro,no,SBAF,,SBAF,RJ9002,America/Sao_Paulo
5860,SBAN,medium_airport,Anápolis Airbase,-16.2292,-48.964298,3731,SA,BR,BR-GO,Anápolis,no,SBAN,,SBAN,GO9001,America/Sao_Paulo
5861,SBAQ,medium_airport,Araraquara Airport,-21.812,-48.132999,2334,SA,BR,BR-SP,Araraquara,yes,SBAQ,AQA,SBAQ,SP0012,America/Sao_Paulo
5862,SBAR,medium_airport,Aracaju - Santa Maria Airport,-10.98394,-37.072873,23,SA,BR,BR-SE,Aracaju,yes,SBAR,AJU,SBAR,SE0001,America/Maceio
5864,SBAT,medium_airport,Piloto Osvaldo Marques Dias Airport,-9.866389,-56.106298,948,SA,BR,BR-MT,Alta Floresta,yes,SBAT,AFL,SBAT,MT0003,America/Cuiaba
5865,SBAU,medium_airport,Araçatuba Airport,-21.141479,-50.424575,1358,SA,BR,BR-SP,Araçatuba,yes,SBAU,ARU,SBAU,SP0009,America/Sao_Paulo
5866,SBAX,medium_airport,Romeu Zema Airport,-19.5632,-46.9604,3276,SA,BR,BR-MG,Araxá,yes,SBAX,AAX,SBAX,MG0008,America/Sao_Paulo
5867,SBBE,large_airport,Val de Cans/Júlio Cezar Ribeiro International Airport,-1.379279,-48.476207,54,SA,BR,BR-PA,Belém,yes,SBBE,BEL,SBBE,PA0001,America/Belem
5868,SBBG,medium_airport,Comandante Gustavo Kraemer Airport,-31.390499,-54.112202,600,SA,BR,BR-RS,Bagé,no,SBBG,BGX,SBBG,RS0010,America/Sao_Paulo
5869,SBBH,medium_airport,Pampulha - Carlos Drummond de Andrade Airport,-19.85074,-43.950316,2589,SA,BR,BR-MG,Belo Horizonte,no,SBBH,PLU,SBBH,MG0003,America/Sao_Paulo
5870,SBBI,medium_airport,Bacacheri Airport,-25.4051,-49.231998,3057,SA,BR,BR-PR,Curitiba,no,SBBI,BFH,SBBI,PR0006,America/Sao_Paulo
5871,SBBQ,medium_airport,Major Brigadeiro Doorgal Borges Airport,-21.2672,-43.76101,3657,SA,BR,BR-MG,Barbacena,no,,,SBBQ,MG9002,America/Sao_Paulo
5872,SBBR,large_airport,Presidente Juscelino Kubitschek International Airport,-15.869167,-47.920834,3497,SA,BR,BR-DF,Brasília,yes,SBBR,BSB,SBBR,DF0001,America/Sao_Paulo
5873,SBBT,medium_airport,Chafei Amsei Airport,-20.584631,-48.594125,1903,SA,BR,BR-SP,Barretos,no,,BAT,SNBA,SP0013,America/Sao_Paulo
5875,SBBV,large_airport,Atlas Brasil Cantanhede International Airport,2.84615,-60.690648,276,SA,BR,BR-RR,Boa Vista,yes,SBBV,BVB,SBBV,RR0001,America/Boa_Vista
5876,SBBW,medium_airport,Barra do Garças Airport,-15.861417,-52.389008,1147,SA,BR,BR-MT,Barra do Garças,no,SBBW,BPG,SBBW,MT0008,America/Cuiaba
5877,SBBZ,medium_airport,Umberto Modiano Airport,-22.770881,-41.96308,10,SA,BR,BR-RJ,Cabo Frio,no,,BZC,SSBZ,RJ0012,America/Sao_Paulo
5878,SBCA,medium_airport,Coronel Adalberto Mendes da Silva Airport,-25.000323,-53.501208,2481,SA,BR,BR-PR,Cascavel,yes,SBCA,CAC,SBCA,PR0005,America/Sao_Paulo
5879,SBCB,small_airport,Cabo Frio Airport,-22.921485,-42.071874,22,SA,BR,BR-RJ,Cabo Frio,yes,SBCB,CFB,SBCB,RJ0003,America/Sao_Paulo
5880,SBCC,medium_airport,Campo de Provas Brigadeiro Veloso,-9.33394,-54.965401,1777,SA,BR,BR-PA,Novo Progresso,no,,,SBCC,PA9001,America/Santarem
5882,SBCF,large_airport,Tancredo Neves International Airport,-19.63571,-43.966928,2721,SA,BR,BR-MG,Belo Horizonte,yes,SBCF,CNF,SBCF,MG0001,America/Sao_Paulo
5883,SBCG,medium_airport,Campo Grande Airport,-20.469998,-54.673988,1833,SA,BR,BR-MS,Campo Grande,yes,SBCG,CGR,SBCG,MS0001,America/Campo_Grande
5884,SBCH,medium_airport,Serafin Enoss Bertaso Airport,-27.134199,-52.656601,2154,SA,BR,BR-SC,Chapecó,yes,SBCH,XAP,SBCH,SC0003,America/Sao_Paulo
5885,SBCI,medium_airport,Brig. Lysias Augusto Rodrigues Airport,-7.32044,-47.458698,565,SA,BR,BR-MA,Carolina,no,SBCI,CLN,SBCI,MA0003,America/Fortaleza
5886,SBCJ,medium_airport,Carajás Airport,-6.117841,-50.003372,2064,SA,BR,BR-PA,Parauapebas,yes,SBCJ,CKS,SBCJ,PA0006,America/Belem
5887,SBCM,medium_airport,Forquilhinha - Criciúma  Airport,-28.725743,-49.424475,92,SA,BR,BR-SC,Criciúma,no,SSIM,CCM,SSIM,SC0009,America/Sao_Paulo
35414,SBCN,small_airport,Nelson Ribeiro Guimarães Airport,-17.725096,-48.606324,2307,SA,BR,BR-GO,Caldas Novas,yes,SBCN,CLV,SBCN,GO0003,America/Sao_Paulo
5888,SBCO,medium_airport,Canoas Air Force Base,-29.945928,-51.144413,26,SA,BR,BR-RS,Porto Alegre,no,,QNS,SBCO,RS9002,America/Sao_Paulo
5889,SBCP,medium_airport,Bartolomeu Lisandro Airport,-21.698299,-41.301701,59,SA,BR,BR-RJ,Campos dos Goytacazes,yes,SBCP,CAW,SBCP,RJ0006,America/Sao_Paulo
5890,SBCR,medium_airport,Corumbá International Airport,-19.01193,-57.672772,463,SA,BR,BR-MS,Corumbá,yes,SBCR,CMG,SBCR,MS0009,America/Campo_Grande
5891,SBCT,large_airport,Curitiba-Afonso Pena International Airport,-25.5285,-49.1758,2988,SA,BR,BR-PR,Curitiba,yes,SBCT,CWB,SBCT,PR0001,America/Sao_Paulo
5892,SBCV,medium_airport,Caravelas Airport,-17.6523,-39.253101,36,SA,BR,BR-BA,Caravelas,no,,CRQ,SSCV,BA0012,America/Bahia
5893,SBCX,medium_airport,Hugo Cantergiani Regional Airport,-29.197183,-51.187647,2472,SA,BR,BR-RS,Caxias Do Sul,yes,SBCX,CXJ,SBCX,RS0007,America/Sao_Paulo
5894,SBCY,large_airport,Várzea Grande–Marechal Rondon International Airport,-15.6529,-56.116699,617,SA,BR,BR-MT,Cuiabá,yes,SBCY,CGB,SBCY,MT0001,America/Cuiaba
5895,SBCZ,medium_airport,Cruzeiro do Sul Airport,-7.59991,-72.769501,637,SA,BR,BR-AC,Cruzeiro Do Sul,yes,SBCZ,CZS,SBCZ,AC0002,America/Rio_Branco
44450,SBDB,small_airport,Bonito Airport,-21.2473,-56.452399,1180,SA,BR,BR-MS,Bonito,yes,SBDB,BYO,SBDB,MS0004,America/Campo_Grande
5896,SBDN,medium_airport,Presidente Prudente Airport,-22.1751,-51.424599,1477,SA,BR,BR-SP,Presidente Prudente,yes,SBDN,PPB,SBDN,SP0005,America/Sao_Paulo
5897,SBEG,large_airport,Eduardo Gomes International Airport,-3.03861,-60.049702,264,SA,BR,BR-AM,Manaus,yes,SBEG,MAO,SBEG,AM0001,America/Manaus
5898,SBEK,medium_airport,Jacareacanga Airport,-6.23316,-57.776901,295,SA,BR,BR-PA,Jacareacanga,no,SBEK,JCR,SBEK,PA0011,America/Santarem
5900,SBFI,large_airport,Cataratas International Airport,-25.594167,-54.489444,786,SA,BR,BR-PR,Foz do Iguaçu,yes,SBFI,IGU,SBFI,PR0002,America/Argentina/Cordoba
5901,SBFL,large_airport,Hercílio Luz International Airport,-27.670279,-48.552502,16,SA,BR,BR-SC,Florianópolis,yes,SBFL,FLN,SBFL,SC0001,America/Sao_Paulo
5902,SBFN,medium_airport,Fernando de Noronha Airport,-3.854534,-32.423017,193,SA,BR,BR-PE,Fernando de Noronha,yes,SBFN,FEN,SBFN,PE0003,America/Noronha
5905,SBFZ,large_airport,Pinto Martins International Airport,-3.775833,-38.532222,83,SA,BR,BR-CE,Fortaleza,yes,SBFZ,FOR,SBFZ,CE0001,America/Fortaleza
5906,SBGL,large_airport,Rio de Janeiro Galeão – Tom Jobim International Airport,-22.809999,-43.250557,28,SA,BR,BR-RJ,Rio De Janeiro,yes,SBGL,GIG,SBGL,RJ0001,America/Sao_Paulo
5907,SBGM,medium_airport,Guajará-Mirim Airport,-10.78641,-65.28486,478,SA,BR,BR-RO,Guajará-Mirim,no,SBGM,GJM,SBGM,RO0006,America/Porto_Velho
5908,SBGO,large_airport,Santa Genoveva International Airport,-16.632,-49.220699,2450,SA,BR,BR-GO,Goiânia,yes,SBGO,GYN,SBGO,GO0001,America/Sao_Paulo
5910,SBGR,large_airport,São Paulo/Guarulhos–Governor André Franco Montoro International Airport,-23.431274,-46.469954,2461,SA,BR,BR-SP,São Paulo,yes,SBGR,GRU,SBGR,SP0002,America/Sao_Paulo
5912,SBGV,medium_airport,Coronel Altino Machado Airport,-18.895882,-41.982869,561,SA,BR,BR-MG,Governador Valadares,yes,SBGV,GVR,SBGV,MG0032,America/Sao_Paulo
5913,SBGW,medium_airport,Edu Chaves Field,-22.791599,-45.2048,1761,SA,BR,BR-SP,Guaratinguetá,no,SBGW,GUJ,SBGW,SP0076,America/Sao_Paulo
5914,SBHT,medium_airport,Altamira Interstate Airport,-3.253144,-52.253938,368,SA,BR,BR-PA,Altamira,yes,SBHT,ATM,SBHT,PA0003,America/Santarem
5915,SBIC,medium_airport,Itacoatiara Airport,-3.126539,-58.481668,142,SA,BR,BR-AM,Itacoatiara,no,SBIC,ITA,SBIC,AM0012,America/Manaus
5916,SBIH,medium_airport,Itaituba Airport,-4.242131,-56.000651,110,SA,BR,BR-PA,Itaituba,yes,SBIH,ITB,SBIH,PA0010,America/Santarem
5917,SBIL,medium_airport,Bahia - Jorge Amado Airport,-14.815929,-39.033458,15,SA,BR,BR-BA,Ilhéus,yes,SBIL,IOS,SBIL,BA0004,America/Bahia
5918,SBIP,medium_airport,Usiminas Airport,-19.470699,-42.487598,786,SA,BR,BR-MG,Ipatinga,yes,SBIP,IPN,SBIP,MG0007,America/Sao_Paulo
5920,SBIZ,medium_airport,Prefeito Renato Moreira Airport,-5.53129,-47.459999,430,SA,BR,BR-MA,Imperatriz,yes,SBIZ,IMP,SBIZ,MA0002,America/Fortaleza
316444,SBJA,small_airport,Humberto Ghizzo Bortoluzzi Regional Airport,-28.6753,-49.0596,120,SA,BR,BR-SC,Jaguaruna,yes,SBJA,JJG,SBJA,SC0005,America/Sao_Paulo
323221,SBJE,medium_airport,Comandante Ariston Pessoa Airport,-2.906425,-40.357338,89,SA,BR,BR-CE,Cruz,yes,SBJE,JJD,SBJE,CE0003,America/Fortaleza
5922,SBJF,medium_airport,Francisco de Assis Airport,-21.791482,-43.386072,2989,SA,BR,BR-MG,Juiz de Fora,yes,SBJF,JDF,SBJF,MG0016,America/Sao_Paulo
334199,SBJH,medium_airport,São Paulo Catarina Executive Airport,-23.426886,-47.165658,2547,SA,BR,BR-SP,São Roque,no,SBJH,JHF,SBJH,SP1176,America/Sao_Paulo
547,SBJI,small_airport,Ji-Paraná Airport,-10.870743,-61.846675,598,SA,BR,BR-RO,Ji-Paraná,yes,SBJI,JPR,SBJI,RO0005,America/Porto_Velho
5923,SBJP,large_airport,Presidente Castro Pinto International Airport,-7.148691,-34.950554,217,SA,BR,BR-PB,João Pessoa,yes,SBJP,JPA,SBJP,PB0001,America/Fortaleza
30340,SBJR,medium_airport,Jacarepaguá - Roberto Marinho Airport,-22.986773,-43.372194,10,SA,BR,BR-RJ,Rio de Janeiro,no,SBJR,RRJ,SBJR,RJ0005,America/Sao_Paulo
5924,SBJU,small_airport,Orlando Bezerra de Menezes Airport,-7.21932,-39.269096,1342,SA,BR,BR-CE,Juazeiro do Norte,yes,SBJU,JDO,SBJU,CE0002,America/Fortaleza
5925,SBJV,medium_airport,Lauro Carneiro de Loyola Airport,-26.224501,-48.797401,15,SA,BR,BR-SC,Joinville,yes,SBJV,JOI,SBJV,SC0004,America/Sao_Paulo
5926,SBKG,medium_airport,Presidente João Suassuna Airport,-7.269662,-35.896057,1646,SA,BR,BR-PB,Campina Grande,yes,SBKG,CPV,SBKG,PB0003,America/Fortaleza
5927,SBKP,large_airport,Viracopos International Airport,-23.007404,-47.134502,2170,SA,BR,BR-SP,Campinas,yes,SBKP,VCP,SBKP,SP0003,America/Sao_Paulo
5928,SBLE,small_airport,Coronel Horácio de Mattos Airport,-12.4823,-41.277,1676,SA,BR,BR-BA,Lençóis,yes,SBLE,LEC,SBLE,BA0006,America/Bahia
5929,SBLJ,medium_airport,Lages Airport,-27.782101,-50.281502,3065,SA,BR,BR-SC,Lages,yes,SBLJ,LAJ,SBLJ,SC0007,America/Sao_Paulo
5930,SBLN,medium_airport,Lins Airport,-21.663491,-49.729954,1575,SA,BR,BR-SP,Lins,no,,LIP,SWXQ,SP0015,America/Sao_Paulo
5931,SBLO,medium_airport,Governor José Richa Airport,-23.334375,-51.128365,1867,SA,BR,BR-PR,Londrina,yes,SBLO,LDB,SBLO,PR0003,America/Sao_Paulo
5932,SBLP,medium_airport,Bom Jesus da Lapa Airport,-13.2621,-43.4081,1454,SA,BR,BR-BA,Bom Jesus da Lapa,no,SBLP,LAZ,SBLP,BA0037,America/Bahia
5934,SBMA,medium_airport,João Correa da Rocha Airport,-5.36859,-49.138,357,SA,BR,BR-PA,Marabá,yes,SBMA,MAB,SBMA,PA0004,America/Belem
5935,SBMC,medium_airport,Minaçu Airport,-13.5491,-48.195301,1401,SA,BR,BR-GO,Minaçu,no,,MQH,SWIQ,SWIQ,America/Sao_Paulo
5936,SBMD,medium_airport,Monte Dourado - Serra do Areão Airport,-0.889839,-52.6022,677,SA,BR,BR-PA,Almeirim,no,SBMD,MEU,SBMD,PA0009,America/Santarem
5937,SBME,medium_airport,Macaé Benedito Lacerda Airport,-22.343,-41.765999,8,SA,BR,BR-RJ,Macaé,no,SBME,MEA,SBME,RJ0004,America/Sao_Paulo
5938,SBMG,medium_airport,Regional de Maringá - Sílvio Name Júnior Airport,-23.47606,-52.016187,1801,SA,BR,BR-PR,Maringá,yes,SBMG,MGF,SBMG,PR0004,America/Sao_Paulo
5939,SBMK,medium_airport,Mário Ribeiro Airport,-16.706919,-43.818901,2191,SA,BR,BR-MG,Montes Claros,yes,SBMK,MOC,SBMK,MG0004,America/Sao_Paulo
5940,SBML,medium_airport,Frank Miloye Milenkowichi–Marília State Airport,-22.196899,-49.926485,2134,SA,BR,BR-SP,Marília,yes,SBML,MII,SBML,SP0014,America/Sao_Paulo
5941,SBMN,medium_airport,Ponta Pelada Airport / Manaus Air Base,-3.14604,-59.986301,267,SA,BR,BR-AM,Manaus,no,SBMN,PLL,SBMN,AM9001,America/Manaus
5942,SBMO,large_airport,Zumbi dos Palmares International Airport,-9.512559,-35.791839,387,SA,BR,BR-AL,Maceió,yes,SBMO,MCZ,SBMO,AL0001,America/Maceio
5943,SBMQ,medium_airport,Macapá - Alberto Alcolumbre International Airport,0.050664,-51.072201,56,SA,BR,BR-AP,Macapá,yes,SBMQ,MCP,SBMQ,AP0001,America/Belem
5944,SBMS,medium_airport,Dix-Sept Rosado Airport,-5.20192,-37.3643,76,SA,BR,BR-RN,Mossoró,yes,SBMS,MVF,SBMS,RN0002,America/Fortaleza
5945,SBMT,medium_airport,Campo de Marte Airport,-23.5091,-46.637798,2371,SA,BR,BR-SP,São Paulo,no,,RTE,SBMT,SP0007,America/Sao_Paulo
5946,SBMY,medium_airport,Manicoré Airport,-5.81138,-61.278301,174,SA,BR,BR-AM,Manicoré,yes,SBMY,MNX,SBMY,AM0015,America/Manaus
5947,SBNF,large_airport,Ministro Victor Konder International Airport,-26.879431,-48.650979,18,SA,BR,BR-SC,Navegantes,yes,SBNF,NVT,SBNF,SC0002,America/Sao_Paulo
5948,SBNM,medium_airport,Santo Ângelo Airport,-28.282503,-54.169623,1056,SA,BR,BR-RS,Santo Ângelo,yes,SBNM,GEL,SBNM,RS0008,America/Sao_Paulo
5949,SBNT,medium_airport,Natal Air Force Base,-5.91142,-35.2477,171,SA,BR,BR-RN,Natal,no,SBNT,,SBNT,RN9001,America/Fortaleza
5950,SBOI,medium_airport,Oiapoque Airport,3.85412,-51.797056,53,SA,BR,BR-AP,Oiapoque,no,SBOI,OYK,SBOI,AP0002,America/Belem
5951,SBPA,large_airport,Porto Alegre-Salgado Filho International Airport,-29.993984,-51.167482,11,SA,BR,BR-RS,Porto Alegre,yes,SBPA,POA,SBPA,RS0001,America/Sao_Paulo
5952,SBPB,medium_airport,Parnaíba - Prefeito Doutor João Silva Filho International Airport,-2.89375,-41.731998,23,SA,BR,BR-PI,Parnaíba,yes,SBPB,PHB,SBPB,PI0002,America/Fortaleza
5953,SBPC,medium_airport,Poços de Caldas - Embaixador Walther Moreira Salles Airport,-21.842529,-46.569768,4138,SA,BR,BR-MG,Poços De Caldas,no,SBPC,POO,SBPC,MG0018,America/Sao_Paulo
5954,SBPF,medium_airport,Lauro Kurtz Airport,-28.243976,-52.32777,2380,SA,BR,BR-RS,Passo Fundo,yes,SBPF,PFB,SBPF,RS0006,America/Sao_Paulo
517,SBPG,medium_airport,Ponta Grossa Airport - Comandante Antonio Amilton Beraldo,-25.184476,-50.143822,2588,SA,BR,BR-PR,Ponta Grossa,yes,SBPG,PGZ,SBPG,PR0012,America/Sao_Paulo
5955,SBPJ,medium_airport,Brigadeiro Lysias Rodrigues Airport,-10.2915,-48.356998,774,SA,BR,BR-TO,Palmas,yes,SBPJ,PMW,SBPJ,TO0001,America/Araguaina
5956,SBPK,medium_airport,João Simões Lopes Neto International Airport,-31.717189,-52.327796,59,SA,BR,BR-RS,Pelotas,yes,SBPK,PET,SBPK,RS0005,America/Sao_Paulo
5957,SBPL,medium_airport,Senador Nilo Coelho Airport,-9.362422,-40.569098,1263,SA,BR,BR-PE,Petrolina,yes,SBPL,PNZ,SBPL,PE0002,America/Recife
5958,SBPN,medium_airport,Porto Nacional Airport,-10.719402,-48.3997,870,SA,BR,BR-TO,Porto Nacional,no,,PNB,SDPE,TO0003,America/Araguaina
487,SBPO,small_airport,Juvenal Loureiro Cardoso Airport,-26.217184,-52.694463,2697,SA,BR,BR-PR,Pato Branco,yes,SBPO,PTO,SBPO,PR0018,America/Sao_Paulo
5959,SBPP,medium_airport,Ponta Porã Airport,-22.549601,-55.702599,2156,SA,BR,BR-MS,Ponta Porã,yes,SBPP,PMG,SBPP,MS0005,America/Asuncion
5961,SBPS,large_airport,Porto Seguro International Airport,-16.438426,-39.080584,169,SA,BR,BR-BA,Porto Seguro,yes,SBPS,BPS,SBPS,BA0002,America/Bahia
5962,SBPV,large_airport,Governador Jorge Teixeira de Oliveira International Airport,-8.708491,-63.902338,295,SA,BR,BR-RO,Porto Velho,yes,SBPV,PVH,SBPV,RO0001,America/Porto_Velho
5964,SBRB,large_airport,Rio Branco-Plácido de Castro International Airport,-9.869031,-67.893984,633,SA,BR,BR-AC,Rio Branco,yes,SBRB,RBR,SBRB,AC0001,America/Rio_Branco
575,SBRD,medium_airport,Maestro Marinho Franco Airport,-16.584292,-54.724803,1467,SA,BR,BR-MT,Rondonópolis,yes,SBRD,ROO,SBRD,MT0004,America/Cuiaba
5965,SBRF,large_airport,Recife/Guararapes - Gilberto Freyre International Airport,-8.12747,-34.922961,33,SA,BR,BR-PE,Recife,yes,SBRF,REC,SBRF,PE0001,America/Recife
5967,SBRJ,large_airport,Santos Dumont Airport,-22.910397,-43.16282,11,SA,BR,BR-RJ,Rio de Janeiro,yes,SBRJ,SDU,SBRJ,RJ0002,America/Sao_Paulo
5968,SBRP,medium_airport,Leite Lopes Airport,-21.134314,-47.774053,1805,SA,BR,BR-SP,Ribeirão Preto,yes,SBRP,RAO,SBRP,SP0004,America/Sao_Paulo
5969,SBSC,medium_airport,Santa Cruz Air Force Base,-22.9324,-43.719101,10,SA,BR,BR-RJ,Rio de Janeiro,no,,SNZ,SBSC,RJ9003,America/Sao_Paulo
313262,SBSG,large_airport,Rio Grande do Norte/São Gonçalo do Amarante–Governador Aluízio Alves International Airport,-5.769822,-35.36661,273,SA,BR,BR-RN,Natal,yes,SBSG,NAT,SBSG,RN0001,America/Fortaleza
580,SBSI,small_airport,Presidente João Batista Figueiredo Airport,-11.885001,-55.586109,1227,SA,BR,BR-MT,Sinop,yes,SBSI,OPS,SBSI,MT0002,America/Cuiaba
5970,SBSJ,medium_airport,Professor Urbano Ernesto Stumpf Airport,-23.2292,-45.8615,2120,SA,BR,BR-SP,São José Dos Campos,yes,SBSJ,SJK,SBSJ,SP0008,America/Sao_Paulo
5971,SBSL,large_airport,Marechal Cunha Machado International Airport,-2.586386,-44.235008,178,SA,BR,BR-MA,São Luís,yes,SBSL,SLZ,SBSL,MA0001,America/Fortaleza
5972,SBSM,medium_airport,Santa Maria Airport,-29.711399,-53.688202,287,SA,BR,BR-RS,Santa Maria,yes,SBSM,RIA,SBSM,RS0003,America/Sao_Paulo
5973,SBSN,medium_airport,Santarém - Maestro Wilson Fonseca International Airport,-2.422423,-54.79306,198,SA,BR,BR-PA,Santarém,yes,SBSN,STM,SBSN,PA0002,America/Santarem
321014,SBSO,small_airport,Adolino Bedin Regional Airport,-12.479177,-55.672341,1266,SA,BR,BR-MT,Sorriso,yes,SBSO,SMT,SBSO,MT0005,
5974,SBSP,large_airport,Congonhas–Deputado Freitas Nobre Airport,-23.627657,-46.654601,2631,SA,BR,BR-SP,São Paulo,yes,SBSP,CGH,SBSP,SP0001,America/Sao_Paulo
5975,SBSR,medium_airport,Prof. Eribelto Manoel Reino State Airport,-20.817113,-49.406963,1784,SA,BR,BR-SP,São José do Rio Preto,yes,SBSR,SJP,SBSR,SP0006,America/Sao_Paulo
5976,SBST,medium_airport,Santos Nero Moura Air Base / Guarujá Airport,-23.928192,-46.300195,13,SA,BR,BR-SP,Guarujá,no,SBST,SSZ,SBST,SP9006,America/Sao_Paulo
5977,SBSV,large_airport,Deputado Luiz Eduardo Magalhães International Airport,-12.908611,-38.322498,64,SA,BR,BR-BA,Salvador,yes,SBSV,SSA,SBSV,BA0001,America/Bahia
5978,SBTA,medium_airport,Base de Aviação de Taubaté,-23.0401,-45.51615,1902,SA,BR,BR-SP,Taubaté,no,,,SBTA,SP9004,America/Sao_Paulo
5979,SBTB,medium_airport,Trombetas Airport,-1.4896,-56.396801,167,SA,BR,BR-PA,Oriximiná,yes,SBTB,TMT,SBTB,PA0012,America/Santarem
5980,SBTC,small_airport,Una-Comandatuba Airport,-15.354358,-38.998729,23,SA,BR,BR-BA,Una,yes,SBTC,UNA,SBTC,BA0067,America/Bahia
5981,SBTD,small_airport,Toledo - Luiz Dalcanale Filho Municipal Airport,-24.6863,-53.697498,1843,SA,BR,BR-PR,Toledo,yes,SBTD,TOW,SBTD,PR0008,America/Sao_Paulo
5982,SBTE,medium_airport,Senador Petrônio Portela Airport,-5.06025,-42.823712,219,SA,BR,BR-PI,Teresina,yes,SBTE,THE,SBTE,PI0001,America/Fortaleza
5983,SBTF,medium_airport,Tefé Airport,-3.38294,-64.724098,186,SA,BR,BR-AM,Tefé,yes,SBTF,TFF,SBTF,AM0004,America/Manaus
508,SBTG,small_airport,Plínio Alarcom Airport,-20.752643,-51.682026,1063,SA,BR,BR-MS,Três Lagoas,yes,SBTG,TJL,SBTG,MS0006,America/Campo_Grande
5984,SBTK,medium_airport,Tarauacá Airport,-8.155534,-70.782985,646,SA,BR,BR-AC,Tarauacá,no,SBTK,TRQ,SBTK,AC0004,America/Rio_Branco
5985,SBTL,medium_airport,Telêmaco Borba Airport,-24.317801,-50.6516,2610,SA,BR,BR-PR,Telêmaco Borba,no,,TEC,SSVL,PR0007,America/Sao_Paulo
5987,SBTS,medium_airport,Tiriós Airport,2.224537,-55.944711,1127,SA,BR,BR-PA,Aldeia Tiriós,no,,,SBTS,PA9002,America/Santarem
5988,SBTT,medium_airport,Tabatinga International Airport,-4.25567,-69.935799,263,SA,BR,BR-AM,Tabatinga,yes,SBTT,TBT,SBTT,AM0005,America/Bogota
5989,SBTU,medium_airport,Tucuruí Airport,-3.78601,-49.720299,830,SA,BR,BR-PA,Tucuruí,yes,SBTU,TUR,SBTU,PA0007,America/Belem
5990,SBUA,medium_airport,São Gabriel da Cachoeira Airport,-0.14835,-66.9855,249,SA,BR,BR-AM,São Gabriel da Cachoeira,yes,SBUA,SJL,SBUA,AM0003,America/Manaus
5991,SBUF,medium_airport,Paulo Afonso Airport,-9.40088,-38.250599,883,SA,BR,BR-BA,Paulo Afonso,yes,SBUF,PAV,SBUF,BA0007,America/Bahia
5992,SBUG,medium_airport,Rubem Berta Airport,-29.7822,-57.0382,256,SA,BR,BR-RS,Uruguaiana,yes,SBUG,URG,SBUG,RS0012,America/Sao_Paulo
5993,SBUL,medium_airport,Ten. Cel. Aviador César Bombonato Airport,-18.883579,-48.225936,3094,SA,BR,BR-MG,Uberlândia,yes,SBUL,UDI,SBUL,MG0002,America/Sao_Paulo
5995,SBUR,medium_airport,Mário de Almeida Franco Airport,-19.765036,-47.964805,2655,SA,BR,BR-MG,Uberaba,yes,SBUR,UBA,SBUR,MG0009,America/Sao_Paulo
5996,SBVG,medium_airport,Major Brigadeiro Trompowsky Airport,-21.591375,-45.474116,3025,SA,BR,BR-MG,Varginha,no,SBVG,VAG,SBVG,MG0019,America/Sao_Paulo
5997,SBVH,medium_airport,Brigadeiro Camarão Airport,-12.6944,-60.098301,2018,SA,BR,BR-RO,Vilhena,yes,SBVH,BVH,SBVH,RO0003,America/Porto_Velho
5998,SBVT,large_airport,Eurico de Aguiar Salles International Airport,-20.258,-40.285,34,SA,BR,BR-ES,Vitória,yes,SBVT,VIX,SBVT,ES0001,America/Sao_Paulo
6000,SBYS,medium_airport,Campo Fontenelle,-21.984692,-47.341207,1968,SA,BR,BR-SP,Pirassununga,no,SBYS,,SBYS,SP9002,America/Sao_Paulo
308204,SBZM,medium_airport,Presidente Itamar Franco Airport,-21.513086,-43.173069,1348,SA,BR,BR-MG,Juiz de Fora,yes,SBZM,IZA,SBZM,,America/Sao_Paulo
6001,SCAR,medium_airport,Chacalluta International Airport,-18.348499,-70.338699,167,SA,CL,CL-AP,Arica,yes,SCAR,ARI,SCAR,,America/Lima
6002,SCAT,medium_airport,Desierto de Atacama Airport,-27.2612,-70.779198,670,SA,CL,CL-AT,Copiapo,yes,SCAT,CPO,SCAT,,America/Santiago
6003,SCBA,medium_airport,Balmaceda Airport,-45.915968,-71.689499,1722,SA,CL,CL-AI,Balmaceda,yes,SCBA,BBA,SCBA,,America/Santiago
6004,SCBE,medium_airport,Barriles Airport,-22.1411,-70.062897,3475,SA,CL,CL-AN,Tocopilla,no,SCBE,TOQ,SCBE,,America/Santiago
6006,SCCC,medium_airport,Chile Chico Airport,-46.5831,-71.686323,1070,SA,CL,CL-AI,Chile Chico,no,SCCC,CCH,SCCC,,America/Santiago
6007,SCCF,medium_airport,El Loa Airport,-22.498199,-68.903603,7543,SA,CL,CL-AN,Calama,yes,SCCF,CJC,SCCF,,America/Santiago
6008,SCCH,medium_airport,Gral. Bernardo O´Higgins Airport,-36.5825,-72.031403,495,SA,CL,CL-NB,Chillan,no,SCCH,YAI,SCCH,,America/Santiago
6009,SCCI,large_airport,President Carlos Ibáñez International Airport,-53.002602,-70.854599,139,SA,CL,CL-MA,Punta Arenas,yes,SCCI,PUQ,SCCI,,America/Punta_Arenas
6011,SCCY,medium_airport,Teniente Vidal Airport,-45.5942,-72.106102,1020,SA,CL,CL-AI,Coyhaique,no,SCCY,GXQ,SCCY,,America/Santiago
6012,SCDA,large_airport,Diego Aracena International Airport,-20.536273,-70.181373,155,SA,CL,CL-TA,Iquique,yes,SCDA,IQQ,SCDA,,America/Santiago
6015,SCEL,large_airport,Comodoro Arturo Merino Benítez International Airport,-33.393001556396484,-70.78579711914062,1555,SA,CL,CL-RM,Santiago,yes,SCEL,SCL,SCEL,,America/Santiago
6017,SCES,medium_airport,Ricardo García Posada Airport,-26.3111,-69.765198,5240,SA,CL,CL-AT,El Salvador,yes,SCES,ESR,SCES,,America/Santiago
6018,SCFA,large_airport,Andrés Sabella Gálvez International Airport,-23.445274,-70.445232,455,SA,CL,CL-AN,Antofagasta,yes,SCFA,ANF,SCFA,,America/Santiago
6019,SCFM,medium_airport,Captain Fuentes Martinez Airport,-53.2537,-70.319199,104,SA,CL,CL-MA,Porvenir,no,SCFM,WPR,SCFM,,America/Punta_Arenas
6023,SCGZ,medium_airport,Guardia Marina Zañartu Airport,-54.931099,-67.626297,88,SA,CL,CL-MA,Puerto Williams,no,SCGZ,WPU,SCGZ,,America/Argentina/Ushuaia
6024,SCHR,medium_airport,Cochrane Airport,-47.243591,-72.58815,643,SA,CL,CL-AI,Cochrane,no,SCHR,LGR,SCHR,,America/Santiago
6025,SCIE,large_airport,Carriel Sur International Airport,-36.77235,-73.062828,26,SA,CL,CL-BI,Concepcion,yes,SCIE,CCP,SCIE,,America/Santiago
6026,SCIP,large_airport,Mataveri International Airport,-27.165411,-109.421027,227,SA,CL,CL-VS,Isla De Pascua,yes,SCIP,IPC,SCIP,,Pacific/Easter
6027,SCJO,medium_airport,Cañal Bajo Carlos Hott Siebert Airport,-40.611198,-73.060997,187,SA,CL,CL-LL,Osorno,yes,SCJO,ZOS,SCJO,,America/Santiago
6029,SCLL,medium_airport,Vallenar Airport,-28.596399,-70.755997,1725,SA,CL,CL-AT,Vallenar,no,SCLL,VLR,SCLL,,America/Santiago
6031,SCNT,medium_airport,Lieutenant Julio Gallardo Airport,-51.67067,-72.529078,217,SA,CL,CL-MA,Puerto Natales,yes,SCNT,PNT,SCNT,,America/Punta_Arenas
6033,SCPC,small_airport,Pucón Airport,-39.292801,-71.915901,853,SA,CL,CL-AR,Pucon,yes,SCPC,ZPC,SCPC,,America/Santiago
313732,SCPQ,small_airport,Mocopulli Airport,-42.340388,-73.715693,528,SA,CL,CL-LL,Dalcahue,yes,SCPQ,MHC,SCPQ,,America/Santiago
314783,SCQP,large_airport,La Araucanía International Airport,-38.9259,-72.6515,333,SA,CL,CL-AR,Temuco,yes,SCQP,ZCO,SCQP,,America/Santiago
6037,SCRA,medium_airport,Chañaral Airport,-26.3325,-70.6073,97,SA,CL,CL-AT,Chañaral,no,SCRA,CNR,SCRA,,America/Santiago
6038,SCRG,medium_airport,La Independencia Airport,-34.173698,-70.775703,1610,SA,CL,CL-LI,Rancagua,no,SCRG,,SCRG,,America/Santiago
6040,SCSE,medium_airport,La Florida Airport,-29.916201,-71.199501,481,SA,CL,CL-CO,La Serena-Coquimbo,yes,SCSE,LSC,SCSE,,America/Santiago
6042,SCTC,medium_airport,Maquehue Airport,-38.766799926758,-72.637100219727,304,SA,CL,CL-AR,Temuco,no,SCTC,PZS,SCTC,,America/Santiago
6043,SCTE,large_airport,El Tepual International Airport,-41.443093,-73.094065,294,SA,CL,CL-LL,Puerto Montt,yes,SCTE,PMC,SCTE,,America/Santiago
6044,SCTL,medium_airport,Panguilemo Airport,-35.3778,-71.6017,371,SA,CL,CL-ML,Talca,no,SCTL,TLX,SCTL,,America/Santiago
505530,SCTN,medium_airport,Nuevo Chaitén Airport,-42.781943,-72.834999,95,SA,CL,CL-LL,Chaitén,no,SCTN,WCH,SCTN,,America/Santiago
6046,SCTO,medium_airport,Victoria Airport,-38.245602,-72.348602,1148,SA,CL,CL-AR,Victoria,no,SCTO,ZIC,SCTO,,America/Santiago
6047,SCTT,medium_airport,Las Breas Airport,-25.564301,-70.3759,2580,SA,CL,CL-AN,Taltal,no,SCTT,TTC,SCTT,,America/Santiago
6048,SCVD,medium_airport,Pichoy Airport,-39.6500015259,-73.0860977173,59,SA,CL,CL-LR,Valdivia,yes,SCVD,ZAL,SCVD,,America/Santiago
6049,SCVL,small_airport,Las Marías Airport,-39.796902,-73.241699,13,SA,CL,CL-LR,Valdivia,yes,SCVL,,SCVL,,America/Santiago
6050,SCVM,medium_airport,Viña del Mar Airport,-32.9496,-71.4786,461,SA,CL,CL-VS,Viña del Mar,no,SCVM,KNA,SCVM,,America/Santiago
41135,SD-0001,medium_airport,Wadi Seidna Air Base,15.815213,32.51401,,AF,SD,SD-03,Karari al-Balad,no,,,,HSOM,
35447,SDBW,heliport,Banespa República Heliport,-23.54356,-46.644634,2676,SA,BR,BR-SP,São Paulo,yes,,,SDBW,SP0302,
156,SDCO,small_airport,Sorocaba Airport,-23.478001,-47.490002,2083,SA,BR,BR-SP,Sorocaba,yes,SDCO,SOD,SDCO,SP0027,America/Sao_Paulo
329,SDIY,medium_airport,João Durval Carneiro Airport,-12.200694,-38.906164,781,SA,BR,BR-BA,Feira de Santana,no,SDIY,FEC,SDIY,BA0013,America/Bahia
610546,SE-0120,medium_airport,Gävle–Sandviken Airport,60.594444,16.951111,,EU,SE,SE-U-A,Sandviken,no,,GVX,,GVX,Europe/Stockholm
6051,SEAM,medium_airport,Chachoán Regional Airport,-1.21207,-78.5746,8502,SA,EC,EC-T,Ambato,no,SEAM,ATF,SEAM,,America/Guayaquil
6053,SECO,medium_airport,Francisco De Orellana Airport,-0.462886,-76.986801,834,SA,EC,EC-D,Coca,yes,SECO,OCC,SECO,,America/Guayaquil
6054,SECU,medium_airport,Mariscal Lamar Airport,-2.88947,-78.984398,8306,SA,EC,EC-A,Cuenca,yes,SECU,CUE,SECU,,America/Guayaquil
6055,SEGS,medium_airport,Seymour Galapagos Ecological Airport,-0.453758,-90.2659,207,SA,EC,EC-W,Isla Baltra,yes,SEGS,GPS,SEGS,,Pacific/Galapagos
6056,SEGU,large_airport,José Joaquín de Olmedo International Airport,-2.15742,-79.883598,19,SA,EC,EC-G,Guayaquil,yes,SEGU,GYE,SEGU,,America/Guayaquil
41131,SEII,small_airport,General Villamil Airport,-0.942628,-90.953003,35,SA,EC,EC-W,Puerto Villamil,yes,SEII,IBB,SEII,,Pacific/Galapagos
309411,SEJD,medium_airport,Jumandy Airport,-1.060185,-77.580525,1234,SA,EC,EC-N,Ahuano,no,SEJD,TNW,SEJD,,
6061,SELT,medium_airport,Cotopaxi International Airport,-0.906833,-78.615799,9205,SA,EC,EC-X,Latacunga,yes,SELT,LTX,SELT,,America/Guayaquil
6062,SEMA,medium_airport,Jose Maria Velasco Ibarra Airport,-4.37823009491,-79.94100189210002,1508,SA,EC,EC-L,Macará,no,SEMA,MRR,SEMA,,America/Guayaquil
6063,SEMC,medium_airport,Coronel E Carvajal Airport,-2.2991700172424316,-78.12079620361328,3452,SA,EC,EC-S,Macas,yes,SEMC,XMS,SEMC,,America/Guayaquil
6066,SEMT,medium_airport,Eloy Alfaro International Airport,-0.9460780024528503,-80.67880249023438,48,SA,EC,EC-M,Manta,yes,SEMT,MEC,SEMT,,America/Guayaquil
6071,SEPV,medium_airport,Reales Tamarindos Airport,-1.04165,-80.472198,130,SA,EC,EC-M,Portoviejo,no,SEPV,PVO,SEPV,,America/Guayaquil
308273,SEQM,large_airport,Mariscal Sucre International Airport,-0.125399,-78.354306,7841,SA,EC,EC-P,Quito,yes,SEQM,UIO,SEQM,UIO,America/Guayaquil
6075,SERO,medium_airport,Santa Rosa - Artillery Colonel Victor Larrea International Airport,-3.441986,-79.996957,20,SA,EC,EC-O,Santa Rosa,yes,SERO,ETR,SERO,,America/Guayaquil
6076,SESA,large_airport,General Ulpiano Paez International Airport,-2.210057,-80.985067,18,SA,EC,EC-25,Salinas/La Libertad,yes,SESA,SNC,SESA,,America/Guayaquil
6079,SEST,small_airport,San Cristóbal Airport,-0.910206,-89.617401,62,SA,EC,EC-W,Puerto Baquerizo Moreno,yes,SEST,SCY,SEST,,Pacific/Galapagos
6083,SETM,small_airport,Ciudad de Catamayo Airport,-3.995606,-79.371902,4056,SA,EC,EC-L,La Toma (Catamayo),yes,SECA,LOH,SECA,,America/Guayaquil
6084,SETN,large_airport,Carlos Concha Torres International Airport,0.978519,-79.626602,32,SA,EC,EC-E,Tachina,yes,SETN,ESM,SETN,,America/Guayaquil
6085,SETR,medium_airport,Tarapoa Airport,-0.122956,-76.337799,814,SA,EC,EC-U,Tarapoa,no,SETR,TPC,SETR,,America/Guayaquil
6086,SETU,medium_airport,Lieutenant Colonel Luis A. Mantilla International Airport,0.809506,-77.708099,9649,SA,EC,EC-C,Tulcán,yes,SETU,TUA,SETU,,America/Guayaquil
6087,SFAL,small_airport,Port Stanley Airport,-51.685699,-57.777599,75,SA,FK,FK-U-A,Stanley,yes,SFAL,PSY,SFAL,,Atlantic/Stanley
6088,SGAS,large_airport,Silvio Pettirossi International Airport,-25.240156,-57.519227,292,SA,PY,PY-11,Asunción,yes,SGAS,ASU,SGAS,,America/Asuncion
6089,SGAY,medium_airport,Aeropuerto Nacional Juan de Ayolas,-27.378379,-56.856791,223,SA,PY,PY-8,Ayolas,no,SGAY,AYO,SGAY,,America/Asuncion
6090,SGCO,medium_airport,Lieutenant Colonel Carmelo Peralta National Airport,-23.441609,-57.427039,253,SA,PY,PY-1,Concepción,no,SGCO,CIO,SGCO,,America/Asuncion
29851,SGEN,large_airport,Teniente Ramon A. Ayub Gonzalez International Airport,-27.227537,-55.837584,659,SA,PY,PY-7,Encarnación,yes,SGEN,ENO,SGEN,,America/Asuncion
6091,SGES,large_airport,Guaraní International Airport,-25.457186,-54.839544,846,SA,PY,PY-10,Ciudad del Este,yes,SGES,AGT,SGES,,America/Asuncion
308258,SGGR,medium_airport,Aeropuerto Nacional de Salto del Guaira,-24.032844,-54.35267,990,SA,PY,PY-14,Salto del Guaira,no,,,SGGR,,America/Asuncion
6092,SGIB,medium_airport,Itaipú Airport,-25.407818,-54.619457,762,SA,PY,PY-10,Itaipú,no,SGIB,,SGIB,,America/Asuncion
6093,SGME,medium_airport,Dr. Luis María Argaña International Airport,-22.046499,-60.6217,553,SA,PY,PY-19,Mariscal Estigarribia,no,SGME,ESG,SGME,,America/Asuncion
6094,SGPI,medium_airport,Aeródromo Don Carlos Miguel Gimenez,-26.881981,-58.319067,249,SA,PY,PY-12,Pilar,no,SGPI,PIL,SGPI,,America/Argentina/Cordoba
6095,SGPJ,medium_airport,Aeropuerto Nacional Dr. Augusto Roberto Fuster,-22.641427,-55.829993,1873,SA,PY,PY-13,Pedro Juan Caballero,no,SGPJ,PJC,SGPJ,,America/Asuncion
6096,SGST,medium_airport,Santa Teresa Airport,-22.622487,-56.634393,582,SA,PY,PY-13,Santa Teresa,no,,,SGST,,America/Asuncion
6098,SKAP,medium_airport,Gomez Nino Apiay Air Base,4.07607,-73.5627,1207,SA,CO,CO-MET,Apiay,no,SKAP,API,SKAP,APY,America/Bogota
6099,SKAR,medium_airport,El Eden Airport,4.45278,-75.7664,3990,SA,CO,CO-QUI,Armenia,yes,SKAR,AXM,SKAR,AXM,America/Bogota
6100,SKAS,medium_airport,Tres De Mayo Airport,0.505228,-76.5008,815,SA,CO,CO-PUT,Puerto Asís,yes,SKAS,PUU,SKAS,PUU,America/Bogota
6101,SKBC,medium_airport,Las Flores Airport,9.04554,-73.9749,111,SA,CO,CO-MAG,El Banco,no,SKBC,ELB,SKBC,ELB,America/Bogota
6102,SKBG,medium_airport,Palonegro Airport,7.1265,-73.1848,3897,SA,CO,CO-SAN,Bucaramanga,yes,SKBG,BGA,SKBG,BGA,America/Bogota
6104,SKBO,large_airport,El Dorado International Airport,4.70159,-74.1469,8361,SA,CO,CO-DC,Bogota,yes,SKBO,BOG,SKBO,BOG,America/Bogota
6105,SKBQ,large_airport,Ernesto Cortissoz International Airport,10.8896,-74.7808,98,SA,CO,CO-ATL,Barranquilla,yes,SKBQ,BAQ,SKBQ,BAQ,America/Bogota
6106,SKBS,medium_airport,José Celestino Mutis Airport,6.20292,-77.3947,80,SA,CO,CO-CHO,Bahía Solano,yes,SKBS,BSC,SKBS,BSC,America/Bogota
6107,SKBU,medium_airport,Gerardo Tobar López Airport,3.81963,-76.9898,48,SA,CO,CO-VAC,Buenaventura,yes,SKBU,BUN,SKBU,BUN,America/Bogota
6108,SKCC,medium_airport,Camilo Daza International Airport,7.92757,-72.5115,1096,SA,CO,CO-NSA,Cúcuta,yes,SKCC,CUC,SKCC,CUC,America/Bogota
6109,SKCG,large_airport,Rafael Nuñez International Airport,10.4424,-75.513,4,SA,CO,CO-BOL,Cartagena,yes,SKCG,CTG,SKCG,CTG,America/Bogota
6110,SKCL,large_airport,Alfonso Bonilla Aragon International Airport,3.542717,-76.381898,3162,SA,CO,CO-VAC,Cali,yes,SKCL,CLO,SKCL,CLO,America/Bogota
6112,SKCO,medium_airport,La Florida Airport,1.81442,-78.7492,8,SA,CO,CO-NAR,Tumaco,yes,SKCO,TCO,SKCO,TCO,America/Bogota
6113,SKCU,medium_airport,Juan H White Airport,7.96847,-75.1985,174,SA,CO,CO-ANT,Caucasia,no,SKCU,CAQ,SKCU,CAQ,America/Bogota
6114,SKCV,medium_airport,Coveñas Airport,9.40092,-75.6913,31,SA,CO,CO-SUC,Coveñas,no,SKCV,CVE,SKCV,CVE,America/Bogota
6115,SKCZ,medium_airport,Las Brujas Airport,9.33274,-75.2856,528,SA,CO,CO-SUC,Corozal,yes,SKCZ,CZU,SKCZ,CZU,America/Bogota
6116,SKEB,medium_airport,El Bagre Airport,7.59647,-74.8089,180,SA,CO,CO-ANT,El Bagre,no,SKEB,EBG,SKEB,EBG,America/Bogota
6117,SKEJ,medium_airport,Yariguíes Airport,7.02433,-73.8068,412,SA,CO,CO-SAN,Barrancabermeja,yes,SKEJ,EJA,SKEJ,EJA,America/Bogota
6118,SKFL,medium_airport,Gustavo Artunduaga Paredes Airport,1.58919,-75.5644,803,SA,CO,CO-CAQ,Florencia,yes,SKFL,FLA,SKFL,FLA,America/Bogota
6120,SKGI,medium_airport,Santiago Vila Airport,4.27624,-74.7967,900,SA,CO,CO-CUN,Girardot,no,SKGI,GIR,SKGI,GIR,America/Bogota
6121,SKGO,medium_airport,Santa Ana Airport,4.75818,-75.9557,2979,SA,CO,CO-VAC,Cartago,no,SKGO,CRC,SKGO,CRC,America/Bogota
6122,SKGP,medium_airport,Guapi Airport,2.57013,-77.897969,164,SA,CO,CO-CAU,Guapi,yes,SKGP,GPI,SKGP,GPI,America/Bogota
6124,SKIB,medium_airport,Perales Airport,4.42161,-75.1333,2999,SA,CO,CO-TOL,Ibagué,yes,SKIB,IBE,SKIB,IBE,America/Bogota
6126,SKIP,medium_airport,San Luis Airport,0.861946,-77.671783,9765,SA,CO,CO-NAR,Ipiales,yes,SKIP,IPI,SKIP,IPI,America/Bogota
6127,SKLC,medium_airport,Antonio Roldán Betancur Airport,7.81196,-76.7164,46,SA,CO,CO-ANT,Carepa,yes,SKLC,APO,SKLC,APO,America/Bogota
6128,SKLG,small_airport,Caucaya Airport,-0.182278,-74.7708,573,SA,CO,CO-PUT,Puerto Leguízamo,yes,SKLG,LQM,SKLG,LQM,America/Bogota
6129,SKLM,medium_airport,Jorge Isaac Airport,11.2325,-72.4901,281,SA,CO,CO-LAG,La Mina-Maicao,no,SKLM,MCJ,SKLM,LMA,America/Bogota
31844,SKLP,small_airport,La Pedrera Airport,-1.324882,-69.581294,590,SA,CO,CO-AMA,La Pedrera,yes,SKLP,LPD,SKLP,LPD,America/Bogota
6130,SKLT,medium_airport,Alfredo Vásquez Cobo International Airport,-4.191147,-69.942003,277,SA,CO,CO-AMA,Leticia,yes,SKLT,LET,SKLT,LET,America/Bogota
6132,SKMD,medium_airport,Enrique Olaya Herrera Airport,6.219686,-75.590597,4949,SA,CO,CO-ANT,Medellín,yes,SKMD,EOH,SKMD,EOH,America/Bogota
6134,SKMG,medium_airport,Baracoa Airport,9.28474,-74.8461,178,SA,CO,CO-BOL,Magangué,no,SKMG,MGN,SKMG,MGN,America/Bogota
6138,SKMR,medium_airport,Los Garzones Airport,8.82374,-75.8258,41,SA,CO,CO-COR,Montería,yes,SKMR,MTR,SKMR,MTR,America/Bogota
6139,SKMU,medium_airport,Fabio Alberto Leon Bentley Airport,1.25366,-70.2339,680,SA,CO,CO-VAU,Mitú,yes,SKMU,MVP,SKMU,MVP,America/Bogota
6140,SKMZ,medium_airport,La Nubia Airport,5.0296,-75.4647,6871,SA,CO,CO-CAL,Manizales,yes,SKMZ,MZL,SKMZ,MZL,America/Bogota
308661,SKNA,small_airport,La Macarena Airport,2.17565,-73.78674,790,SA,CO,CO-MET,La Macarena,yes,SKNA,LMC,SKNA,,
32314,SKNQ,small_airport,Reyes Murillo Airport,5.710348,-77.261868,12,SA,CO,CO-CHO,Nuquí,yes,SKNQ,NQU,SKNQ,NQU,America/Bogota
6141,SKNV,medium_airport,Benito Salas Airport,2.95015,-75.294,1464,SA,CO,CO-HUI,Neiva,yes,SKNV,NVA,SKNV,NVA,America/Bogota
6142,SKOC,medium_airport,Aguas Claras Airport,8.31506,-73.3583,3850,SA,CO,CO-NSA,Ocaña,no,SKOC,OCV,SKOC,OCV,America/Bogota
6146,SKPC,medium_airport,German Olano Airport,6.18472,-67.4932,177,SA,CO,CO-VID,Puerto Carreño,yes,SKPC,PCR,SKPC,PCR,America/Bogota
6147,SKPD,medium_airport,Obando Cesar Gaviria Trujillo Airport,3.85353,-67.9062,460,SA,CO,CO-GUA,Puerto Inírida,yes,SKPD,PDA,SKPD,PDA,America/Bogota
6148,SKPE,medium_airport,Matecaña International Airport,4.81267,-75.7395,4416,SA,CO,CO-RIS,Pereira,yes,SKPE,PEI,SKPE,PEI,America/Bogota
6149,SKPI,medium_airport,Pitalito Airport,1.85777,-76.0857,4212,SA,CO,CO-HUI,Pitalito,no,SKPI,PTX,SKPI,,America/Bogota
6151,SKPP,medium_airport,Guillermo León Valencia Airport,2.454359,-76.609253,5687,SA,CO,CO-CAU,Popayán,yes,SKPP,PPN,SKPP,PPN,America/Bogota
6152,SKPQ,medium_airport,German Olano Air Base,5.48361,-74.6574,566,SA,CO,CO-CUN,La Dorada,no,SKPQ,PAL,SKPQ,PQE,America/Bogota
6154,SKPS,medium_airport,Antonio Nariño Airport,1.396722,-77.29093,5951,SA,CO,CO-NAR,Chachagüí,yes,SKPS,PSO,SKPS,PSO,America/Bogota
6155,SKPV,medium_airport,El Embrujo Airport,13.357461,-81.357977,10,NA,CO,CO-SAP,Providencia,yes,SKPV,PVA,SKPV,PVA,America/Bogota
6156,SKPZ,medium_airport,Paz de Ariporo Airport,5.876146,-71.886671,900,SA,CO,CO-CAS,Paz de Ariporo,no,SKPZ,PZA,SKPZ,PZA,America/Bogota
6157,SKQU,medium_airport,Mariquita Airport,5.21256,-74.8836,1531,SA,CO,CO-TOL,Mariquita,no,SKQU,MQU,SKQU,MQU,America/Bogota
35319,SKRA,small_airport,Tarapacá Airport,-2.895802,-69.749762,253,SA,CO,CO-AMA,Tarapacá,yes,SKRA,TCD,SKRA,,
6158,SKRG,large_airport,Jose Maria Córdova International Airport,6.16454,-75.4231,6955,SA,CO,CO-ANT,Medellín,yes,SKRG,MDE,SKRG,MDE,America/Bogota
6159,SKRH,medium_airport,Almirante Padilla Airport,11.5262,-72.926,43,SA,CO,CO-LAG,Riohacha,yes,SKRH,RCH,SKRH,RCH,America/Bogota
32318,SKSA,small_airport,Los Colonizadores Airport,6.951868,-71.857179,680,SA,CO,CO-ARA,Saravena,yes,SKSA,RVE,SKSA,SRV,America/Bogota
6160,SKSJ,medium_airport,Jorge E. Gonzalez Torres Airport,2.57969,-72.6394,605,SA,CO,CO-GUV,San José Del Guaviare,yes,SKSJ,SJE,SKSJ,SJE,America/Bogota
6161,SKSM,medium_airport,Simón Bolívar International Airport,11.1196,-74.2306,22,SA,CO,CO-MAG,Santa Marta,yes,SKSM,SMR,SKSM,SMR,America/Bogota
6163,SKSP,large_airport,Gustavo Rojas Pinilla International Airport,12.5836,-81.7112,19,NA,CO,CO-SAP,San Andrés,yes,SKSP,ADZ,SKSP,ADZ,America/Bogota
6164,SKSV,medium_airport,Eduardo Falla Solano Airport,2.15217,-74.7663,920,SA,CO,CO-CAQ,San Vicente Del Caguán,yes,SKSV,SVI,SKSV,SVI,America/Bogota
6167,SKTJ,medium_airport,Tunja Airport,5.54138,-73.3445,8940,SA,CO,CO-BOY,Tunja,no,,,SKTJ,,America/Bogota
32460,SKTL,small_airport,Golfo de Morrosquillo Airport,9.50945,-75.5854,16,SA,CO,CO-SUC,Santiago de Tolú,yes,SKTL,TLU,SKTL,TLU,America/Bogota
6168,SKTM,medium_airport,Gustavo Vargas Airport,6.45108,-71.7603,1050,SA,CO,CO-ARA,Tame,yes,SKTM,TME,SKTM,TME,America/Bogota
6169,SKTQ,medium_airport,Captain Ernesto Esguerra Cubides Air Base,0.7459,-75.234,585,SA,CO,CO-CAQ,Tres Esquinas,no,SKTQ,TQS,SKTQ,TQS,America/Bogota
6170,SKUA,medium_airport,Marandúa Air Base,5.52448,-68.6856,285,SA,CO,CO-VID,Marandúa,no,,,SKUA,MQZ,America/Bogota
6171,SKUC,medium_airport,Santiago Perez Airport,7.06888,-70.7369,420,SA,CO,CO-ARA,Arauca,yes,SKUC,AUC,SKUC,AUC,America/Bogota
6172,SKUI,medium_airport,El Caraño Airport,5.69076,-76.6412,204,SA,CO,CO-CHO,Quibdó,yes,SKUI,UIB,SKUI,UIB,America/Bogota
6173,SKUL,medium_airport,Heriberto Gíl Martínez Airport,4.08836,-76.2351,3132,SA,CO,CO-VAC,Tuluá,no,SKUL,ULQ,SKUL,ULQ,America/Bogota
6176,SKVP,medium_airport,Alfonso López Pumarejo Airport,10.435,-73.2495,483,SA,CO,CO-CES,Valledupar,yes,SKVP,VUP,SKVP,VUP,America/Bogota
6177,SKVV,medium_airport,Vanguardia Airport,4.16787,-73.6138,1394,SA,CO,CO-MET,Villavicencio,yes,SKVV,VVC,SKVV,VVC,America/Bogota
6178,SKYP,medium_airport,El Alcaravan - Yopal Airport,5.31911,-72.384,1028,SA,CO,CO-CAS,Yopal,yes,SKYP,EYP,SKYP,EYP,America/Bogota
333229,SLAL,large_airport,Alcantarí International Airport,-19.246835,-65.149611,10184,SA,BO,BO-H,Sucre,yes,SLAL,SRE,SLAL,,America/La_Paz
6179,SLBJ,medium_airport,Bermejo Airport,-22.7733001709,-64.31289672850001,1249,SA,BO,BO-T,Bermejo,no,SLBJ,BJO,SLBJ,,America/Argentina/Salta
6180,SLCB,large_airport,Jorge Wilsterman International Airport,-17.421105,-66.177102,8360,SA,BO,BO-C,Cochabamba,yes,SLCB,CBB,SLCB,,America/La_Paz
6182,SLCO,medium_airport,Capitán Aníbal Arab Airport,-11.039109,-68.782774,889,SA,BO,BO-N,Cobija,yes,SLCO,CIJ,SLCO,,America/La_Paz
6183,SLET,medium_airport,El Trompillo Airport,-17.8115997314,-63.1715011597,1371,SA,BO,BO-S,Santa Cruz,yes,SLET,SRZ,SLET,,America/La_Paz
512154,SLGM,medium_airport,Guayaramerín Airport,-10.88856,-65.380955,456,SA,BO,BO-B,Guayaramerín,yes,SLGM,GYA,SLGM,,America/La_Paz
6181,SLHI,small_airport,Chimore Airport,-16.976834,-65.145568,875,SA,BO,BO-C,Chimore,yes,SLHI,CCA,SLHI,,
6184,SLLP,large_airport,El Alto International Airport,-16.510272,-68.189416,13355,SA,BO,BO-L,La Paz / El Alto,yes,SLLP,LPB,SLLP,,America/La_Paz
6185,SLOR,large_airport,Juan Mendoza International Airport,-17.956151,-67.075829,12152,SA,BO,BO-O,Oruro,yes,SLOR,ORU,SLOR,,America/La_Paz
6186,SLPO,medium_airport,Capitan Nicolas Rojas Airport,-19.543331,-65.723734,12922,SA,BO,BO-P,Potosí,no,SLPO,POI,SLPO,,America/La_Paz
39530,SLPR,small_airport,Puerto Rico Airport,-11.107663,-67.551155,597,SA,BO,BO-N,Puerto Rico/Manuripi,yes,SLPR,PUR,SLPR,,America/La_Paz
6187,SLPS,medium_airport,Capitán Av. Salvador Ogaya G. airport,-18.975301,-57.820599,440,SA,BO,BO-S,Puerto Suárez,yes,SLPS,PSZ,SLPS,,America/La_Paz
30334,SLRI,medium_airport,Capitán Av. Selin Zeitun Lopez Airport,-11.009355,-66.075468,462,SA,BO,BO-B,Riberalta,yes,SLRI,RIB,SLRI,,America/La_Paz
41591,SLRQ,small_airport,Rurrenabaque Airport,-14.4279,-67.496803,676,SA,BO,BO-B,Rurrenabaque,yes,SLRQ,RBQ,SLRQ,,America/La_Paz
6188,SLSA,medium_airport,Santa Ana Del Yacuma Airport,-13.762200355500001,-65.4352035522,472,SA,BO,BO-B,Santa Ana del Yacuma,no,SLSA,SBL,SLSA,,America/La_Paz
6189,SLSU,medium_airport,Juana Azurduy de Padilla Air Force Base,-19.007099,-65.288696,9540,SA,BO,BO-H,Sucre,no,SLSU,,SLSU,,America/La_Paz
345118,SLSV,medium_airport,San Ignacio de Velasco Airport,-16.401239,-61.0452,1477,SA,BO,BO-S,San Ignacio de Velasco,no,,,SLSV,,
6190,SLTJ,medium_airport,Capitan Oriel Lea Plaza Airport,-21.5557,-64.701302,6079,SA,BO,BO-T,Tarija,yes,SLTJ,TJA,SLTJ,,America/La_Paz
6191,SLTR,medium_airport,Teniente Av. Jorge Henrich Arauz Airport,-14.8187,-64.917999,509,SA,BO,BO-B,Trinidad,yes,SLTR,TDD,SLTR,,America/La_Paz
39473,SLUY,large_airport,Joya Andina International Airport,-20.441304,-66.857553,11136,SA,BO,BO-P,Quijarro,yes,SLUY,UYU,SLUY,,America/La_Paz
6192,SLVM,medium_airport,Teniente Coronel Rafael Pabón Airport,-21.255199432399998,-63.4056015015,1305,SA,BO,BO-T,Villamontes,no,SLVM,VLM,SLVM,,America/La_Paz
6193,SLVR,large_airport,Viru Viru International Airport,-17.6448,-63.135399,1224,SA,BO,BO-S,Santa Cruz,yes,SLVR,VVI,SLVR,,America/La_Paz
6194,SLYA,medium_airport,Yacuiba Airport,-21.960899353027344,-63.65169906616211,2112,SA,BO,BO-T,Yacuíba,no,SLYA,BYC,SLYA,,America/La_Paz
41506,SMDA,small_airport,Drietabbetje Airport,4.111359,-54.672766,236,SA,SR,SR-SI,Drietabbetje,yes,SMDA,DRJ,SMDA,,America/Paramaribo
308268,SMGH,small_airport,Godo Holo Airstrip,4.0583,-54.7861,280,SA,SR,SR-SI,Pikienkondre of Miranda,yes,SMGH,,SMGH,,America/Paramaribo
6195,SMJP,large_airport,Johan Adolf Pengel International Airport,5.45283,-55.187801,59,SA,SR,SR-PR,Paramaribo,yes,SMJP,PBM,SMJP,,America/Paramaribo
308267,SMMO,small_airport,Moengo Airstrip,5.6076,-54.4003,49,SA,SR,SR-MA,Moengo,yes,SMMO,MOJ,SMMO,,America/Paramaribo
41510,SMWA,small_airport,Wageningen Airstrip,5.841252,-56.673247,6,SA,SR,SR-NI,Wageningen,yes,SMWA,AGI,SMWA,,America/Paramaribo
32127,SMZO,small_airport,Zorg en Hoop Airport,5.811211,-55.192299,10,SA,SR,SR-PM,Paramaribo,yes,SMZO,ORG,SMZO,,America/Paramaribo
507771,SN6L,medium_airport,Dr. Luciano de Arruda Coelho Regional Airport,-3.614769,-40.232208,299,SA,BR,BR-CE,Sobral,no,,JSO,SN6L,CE0164,
283,SNBR,small_airport,Dom Ricardo Weberberger Airport,-12.0789,-45.008999,2451,SA,BR,BR-BA,Barreiras,yes,SNBR,BRA,SNBR,BA0011,America/Bahia
340053,SNCP,medium_airport,Planalto Serrano Regional Airport,-27.634128,-50.358253,2887,SA,BR,BR-SC,Correia Pinto,no,SNCP,EEA,SNCP,,America/Fortaleza
37068,SNEB,small_airport,Nagib Demachki Airport,-3.019798,-47.316474,443,SA,BR,BR-PA,Paragominas,yes,SNEB,JPE,SNEB,PA0018,America/Belem
312,SNGA,small_airport,Guarapari Airport,-20.6465,-40.491901,30,SA,BR,BR-ES,Guarapari,yes,SNGA,GUZ,SNGA,ES0007,America/Sao_Paulo
320,SNHS,small_airport,Santa Magalhães Airport,-8.061433,-38.328888,1542,SA,BR,BR-PE,Serra Talhada,yes,SNHS,SET,SNHS,PE0005,America/Recife
595993,SNL3,small_airport,Fazenda Riozinho Airport,-18.267161,-56.487952,390,SA,BR,BR-MS,Corumbá,yes,,,SNL3,MS0714,
346,SNLN,medium_airport,Linhares Municipal Airport,-19.355202,-40.07128,138,SA,BR,BR-ES,Linhares,no,,LHN,SNLN,ES0002,America/Sao_Paulo
569415,SNM6,small_airport,Fazenda Mimosa Airport,-22.396719,-53.680777,1306,SA,BR,BR-MS,Ivinhema,yes,,,SNM6,MS0754,
381,SNQX,medium_airport,Quixadá Airport,-4.979006,-38.987622,735,SA,BR,BR-CE,Quixadá,no,,,SNQX,CE0010,America/Fortaleza
389,SNRU,small_airport,Caruaru Airport,-8.28239,-36.0135,1891,SA,BR,BR-PE,Caruaru,yes,SNRU,CAU,SNRU,PE0004,America/Recife
391,SNSM,small_airport,Salinópolis Airport,-0.696111,-47.336111,105,SA,BR,BR-PA,Salinópolis,yes,SNSM,OPP,SNSM,SNSM,America/Belem
412,SNVB,small_airport,Valença Airport,-13.2965,-38.992401,21,SA,BR,BR-BA,Valença,yes,SNVB,VAL,SNVB,SNVB,America/Bahia
414,SNVS,small_airport,Breves Airport,-1.63653,-50.4436,98,SA,BR,BR-PA,Breves,yes,SNVS,BVS,SNVS,PA0015,America/Belem
37346,SNYA,small_airport,Almeirim Airport,-1.479524,-52.578214,584,SA,BR,BR-PA,Almeirim,yes,SNYA,GGF,SNYA,PA0024,America/Santarem
428,SNZR,small_airport,Pedro Rabelo de Souza Airport,-17.242599,-46.883099,2359,SA,BR,BR-MG,Paracatu,yes,SNZR,PYT,SNZR,MG0026,America/Sao_Paulo
43788,SO-0001,small_airport,K50 Airstrip,2.00528,44.986599,100,AF,SO,SO-SH,Mogadishu,yes,,,,,
6198,SOCA,large_airport,Cayenne – Félix Eboué Airport,4.819964,-52.361326,26,SA,GF,GF-CY,Matoury,yes,SOCA,CAY,SOCA,,America/Cayenne
31941,SOOA,medium_airport,Maripasoula Airport,3.655907,-54.039431,406,SA,GF,GF-SL,Maripasoula,yes,SOOA,MPY,SOOA,,America/Cayenne
6199,SOOG,medium_airport,Saint-Georges-de-l'Oyapock Airport,3.8976,-51.8041,46,SA,GF,GF-CY,Saint-Georges-de-l'Oyapock,no,SOOG,OYP,SOOG,,America/Belem
31803,SOOM,medium_airport,Saint-Laurent-du-Maroni Airport,5.481891,-54.034964,16,SA,GF,GF-SL,Saint-Laurent-du-Maroni,yes,SOOM,LDX,SOOM,,America/Cayenne
6202,SPAY,medium_airport,Teniente General Gerardo Pérez Pinedo Airport,-10.7291,-73.766502,751,SA,PE,PE-UCA,Atalaya,no,SPAY,AYX,SPAY,,America/Lima
6203,SPBC,medium_airport,Caballococha Airport,-3.91686010361,-70.5082015991,328,SA,PE,PE-LOR,Caballococha,no,,,SPBC,LHC,America/Lima
6204,SPBR,medium_airport,Iberia Airport,-11.4116,-69.488701,750,SA,PE,PE-MDD,Iberia,no,SPBR,IBP,SPBR,,America/Lima
6205,SPCL,large_airport,Cap FAP David Abenzur Rengifo International Airport,-8.378064,-74.574495,513,SA,PE,PE-UCA,Pucallpa,yes,SPCL,PCL,SPCL,,America/Lima
6208,SPEO,medium_airport,FAP Lieutenant Jaime Andres de Montreuil Morales Airport,-9.14961,-78.523804,69,SA,PE,PE-ANC,Chimbote,yes,SPEO,CHM,SPEO,,America/Lima
6213,SPHI,large_airport,Capitán FAP José A. Quiñones González International Airport,-6.789223,-79.828254,97,SA,PE,PE-LAM,Chiclayo,yes,SPHI,CIX,SPHI,,America/Lima
6214,SPHO,medium_airport,Air Force Colonel Alfredo Mendivil Duarte Airport,-13.1548,-74.204399,8917,SA,PE,PE-AYA,Ayacucho,yes,SPHO,AYP,SPHO,,America/Lima
6215,SPHY,small_airport,Andahuaylas Airport,-13.706399917602539,-73.35040283203125,11300,SA,PE,PE-APU,Andahuaylas,yes,SPHY,ANS,SPHY,,America/Lima
6216,SPHZ,medium_airport,Comandante FAP German Arias Graziani Airport,-9.347439765930176,-77.59839630126953,9097,SA,PE,PE-ANC,Anta,no,SPHZ,ATA,SPHZ,,America/Lima
6217,SPIM,large_airport,Jorge Chávez International Airport,-12.0219,-77.114305,113,SA,PE,PE-LIM,Lima,yes,SPJC,LIM,SPJC,,America/Lima
6218,SPJA,medium_airport,Juan Simons Vela Airport,-6.06786,-77.160004,2707,SA,PE,PE-SAM,Rioja,no,SPJA,RIJ,SPJA,,America/Lima
6219,SPJE,medium_airport,Shumba Airport,-5.59248,-78.774002,2477,SA,PE,PE-CAJ,Jaén,yes,SPJE,JAE,SPJE,,America/Lima
6220,SPJI,medium_airport,Juanjui Airport,-7.1691,-76.7286,1148,SA,PE,PE-SAM,Juanjuí,no,SPJI,JJI,SPJI,,America/Lima
6221,SPJJ,medium_airport,Francisco Carle Airport,-11.7831001282,-75.47339630130001,11034,SA,PE,PE-JUN,Jauja,yes,SPJJ,JAU,SPJJ,,America/Lima
6222,SPJL,large_airport,Inca Manco Capac International Airport,-15.467689,-70.15653,12552,SA,PE,PE-PUN,Juliaca,yes,SPJL,JUL,SPJL,,America/Lima
6223,SPJR,medium_airport,Mayor General FAP Armando Revoredo Iglesias Airport,-7.13918,-78.489403,8781,SA,PE,PE-CAJ,Cajamarca,yes,SPJR,CJA,SPJR,,America/Lima
6224,SPLO,medium_airport,General Jorge Fernandez Maldon Airport,-17.695,-71.344002,72,SA,PE,PE-MOQ,Ilo,yes,SPLO,ILQ,SPLO,,America/Lima
6226,SPME,medium_airport,Captain Pedro Canga Rodríguez International Airport,-3.552074,-80.381086,115,SA,PE,PE-TUM,Tumbes,yes,SPME,TBP,SPME,,America/Lima
6228,SPMS,medium_airport,Moises Benzaquen Rengifo Airport,-5.89377,-76.118202,587,SA,PE,PE-LOR,Yurimaguas,yes,SPMS,YMS,SPMS,,America/Lima
6229,SPNC,medium_airport,Alferez Fap David Figueroa Fernandini Airport,-9.878809928894043,-76.20480346679688,6070,SA,PE,PE-HUC,Huánuco,yes,SPNC,HUU,SPNC,,America/Lima
6231,SPPY,medium_airport,Chachapoyas Airport,-6.201911,-77.856195,8333,SA,PE,PE-AMA,Chachapoyas,yes,SPPY,CHH,SPPY,,America/Lima
6232,SPQT,large_airport,Coronel FAP Francisco Secada Vignetta International Airport,-3.78474,-73.3088,306,SA,PE,PE-LOR,Iquitos,yes,SPQT,IQT,SPQT,,America/Lima
6233,SPQU,large_airport,Rodríguez Ballón International Airport,-16.340786,-71.569485,8405,SA,PE,PE-ARE,Arequipa,yes,SPQU,AQP,SPQU,,America/Lima
6235,SPRU,large_airport,Capitán FAP Carlos Martínez de Pinillos International Airport,-8.082382,-79.108821,106,SA,PE,PE-LAL,Trujillo,yes,SPRU,TRU,SPRU,,America/Lima
6236,SPSO,large_airport,Captain Renán Elías Olivera International Airport,-13.7449,-76.220299,39,SA,PE,PE-ICA,Pisco,no,SPSO,PIO,SPSO,,America/Lima
6237,SPST,medium_airport,Cadete FAP Guillermo Del Castillo Paredes Airport,-6.508739948272705,-76.37319946289062,869,SA,PE,PE-SAM,Tarapoto,yes,SPST,TPP,SPST,,America/Lima
6238,SPTN,medium_airport,Coronel FAP Carlos Ciriani Santa Rosa International Airport,-18.053300857500002,-70.2758026123,1538,SA,PE,PE-TAC,Tacna,yes,SPTN,TCQ,SPTN,,America/Lima
6239,SPTU,medium_airport,Padre Aldamiz International Airport,-12.6135997772,-69.2285995483,659,SA,PE,PE-MDD,Puerto Maldonado,yes,SPTU,PEM,SPTU,,America/Lima
6240,SPUR,medium_airport,PAF Captain Guillermo Concha Iberico International Airport,-5.20575,-80.616402,120,SA,PE,PE-PIU,Piura,yes,SPUR,PIU,SPUR,,America/Lima
6241,SPYL,medium_airport,Captain Victor Montes Arias International Airport,-4.57664,-81.254097,282,SA,PE,PE-PIU,Talara,yes,SPYL,TYL,SPYL,,America/Lima
6242,SPZA,medium_airport,Maria Reiche Neuman Airport,-14.854,-74.961502,1860,SA,PE,PE-ICA,Nazca,yes,SPZA,NZC,SPZA,,America/Lima
6243,SPZO,large_airport,Alejandro Velasco Astete International Airport,-13.535699844400002,-71.9387969971,10860,SA,PE,PE-CUS,Cusco,yes,SPZO,CUZ,SPZO,,America/Lima
598609,SR-0009,small_airport,Eduard Alexander Gummels Airport,5.863807,-55.189504,49,SA,SR,SR-PM,Kwatta,yes,SMEG,EAX,SMEG,,
314712,SRL,small_airport,Palo Verde Airport,27.0927,-112.0985,127,NA,MX,MX-BCS,Mulegé,yes,,SRL,,CIB,
24676,SRV,small_airport,Stony River 2 Airport,61.7897,-156.589005,230,NA,US,US-AK,Stony River,yes,,SRV,SRV,SRV,
442,SSCN,small_airport,Canela Airport,-29.370091,-50.831729,2746,SA,BR,BR-RS,Canela,yes,SSCN,CEL,SSCN,RS0019,America/Sao_Paulo
37428,SSCY,heliport,Sikorski Heliport,-25.438472,-49.448541,3149,SA,BR,BR-PR,Campo Largo,yes,,,SSCY,PR0132,
451,SSFB,small_airport,Paulo Abdala Airport,-26.05938,-53.063827,2113,SA,BR,BR-PR,Francisco Beltrão,yes,SSFB,FBE,SSFB,PR0021,America/Sao_Paulo
460,SSGY,small_airport,Guaíra Airport,-24.0811,-54.1917,889,SA,BR,BR-PR,Guaíra,yes,SSGY,GGJ,SSGY,PR0023,America/Campo_Grande
45617,SSKW,small_airport,Cacoal Airport,-11.496,-61.4508,778,SA,BR,BR-RO,Cacoal,yes,SSKW,OAL,SSKW,RO0004,America/Porto_Velho
509,SSUM,small_airport,Orlando de Carvalho Airport,-23.7987,-53.313801,1552,SA,BR,BR-PR,Umuarama,yes,SSUM,UMU,SSUM,PR0019,America/Sao_Paulo
510,SSUV,small_airport,José Cleto Airport,-26.233224,-51.066754,2467,SA,BR,BR-PR,União da Vitória,yes,SSUV,UVI,SSUV,PR0034,America/Sao_Paulo
516,SSZR,small_airport,Luis Alberto Lehr Airport,-27.90658,-54.520628,1014,SA,BR,BR-RS,Santa Rosa,yes,SSZR,SRA,SSZR,RS0027,America/Sao_Paulo
6244,SUAA,medium_airport,Ángel S. Adami International Airport,-34.7892,-56.264702,174,SA,UY,UY-MO,Montevideo,no,,,SUAA,,America/Montevideo
6245,SUDU,medium_airport,Santa Bernardina International Airport,-33.358898,-56.499199,305,SA,UY,UY-DU,Durazno,no,SUDU,DZO,SUDU,,America/Montevideo
6246,SULS,medium_airport,Capitan Corbeta CA Curbelo International Airport,-34.855099,-55.094299,95,SA,UY,UY-MA,Punta del Este,yes,SULS,PDP,SULS,,America/Montevideo
6247,SUMU,large_airport,Carrasco General Cesáreo L. Berisso International Airport,-34.835647,-56.026497,105,SA,UY,UY-CA,Ciudad de la Costa,yes,SUMU,MVD,SUMU,,America/Montevideo
30253,SUPU,medium_airport,Tydeo Larre Borges Airport,-32.3633,-58.061901,138,SA,UY,UY-PA,Paysandú,no,SUPU,PDU,SUPU,,America/Montevideo
32240,SURV,medium_airport,Pres. Gral. Óscar D. Gestido Binational Airport,-30.9746,-55.4762,712,SA,UY,UY-RV,Rivera/Santana do Livramento,yes,SURV,RVY,SURV,,America/Montevideo
6248,SUSO,medium_airport,Nueva Hesperides International Airport,-31.438499,-57.985298,187,SA,UY,UY-SA,Salto,no,SUSO,STY,SUSO,,America/Montevideo
6249,SVAC,medium_airport,Oswaldo Guevara Mujica Airport,9.553375,-69.237869,640,SA,VE,VE-P,Acarigua,no,SVAC,AGV,SVAC,,America/Caracas
6251,SVAN,medium_airport,Anaco Airport,9.430225,-64.470726,721,SA,VE,VE-B,Anaco,no,SVAN,AAO,SVAN,,America/Caracas
6255,SVBC,large_airport,General José Antonio Anzoategui International Airport,10.111111,-64.692222,30,SA,VE,VE-B,Barcelona,yes,SVBC,BLA,SVBC,,America/Caracas
6256,SVBI,medium_airport,Barinas Airport,8.615,-70.214167,615,SA,VE,VE-E,Barinas,yes,SVBI,BNS,SVBI,,America/Caracas
6258,SVBL,medium_airport,El Libertador Airbase,10.183375,-67.55732,1450,SA,VE,VE-D,,no,,,SVBL,ELR,America/Caracas
6259,SVBM,large_airport,Jacinto Lara International Airport,10.042747,-69.35862,2042,SA,VE,VE-K,Barquisimeto,yes,SVBM,BRM,SVBM,,America/Caracas
6261,SVBS,medium_airport,Escuela Mariscal Sucre Airport,10.249978,-67.649422,1338,SA,VE,VE-D,Maracay,no,SVBS,MYC,SVBS,,America/Caracas
6262,SVCB,medium_airport,General Tomas de Heres Airport,8.122161,-63.536957,197,SA,VE,VE-F,Ciudad Bolivar,no,SVCB,CBL,SVCB,,America/Caracas
6263,SVCD,medium_airport,Caicara del Orinoco Airport,7.62551,-66.162804,141,SA,VE,VE-F,,no,SVCD,CXA,SVCD,,America/Caracas
6267,SVCL,medium_airport,Calabozo Airport,8.924656,-67.417091,328,SA,VE,VE-J,Guarico,no,SVCL,CLZ,SVCL,,America/Caracas
6268,SVCN,medium_airport,Canaima Airport,6.231989,-62.85485,1450,SA,VE,VE-F,Canaima,yes,SVCN,CAJ,SVCN,,America/Caracas
6270,SVCP,medium_airport,General Francisco Bermúdez Airport,10.660014,-63.261681,33,SA,VE,VE-R,Carúpano,yes,SVCP,CUP,SVCP,,America/Caracas
6271,SVCR,medium_airport,José Leonardo Chirinos Airport,11.414944,-69.680901,52,SA,VE,VE-I,Coro,yes,SVCR,CZE,SVCR,,America/Caracas
6272,SVCS,medium_airport,Caracas Óscar Machado Zuloaga International Airport,10.286874,-66.815847,2145,SA,VE,VE-M,Charallave,no,SVCS,,SVCS,,America/Caracas
6273,SVCU,medium_airport,Antonio José de Sucre Airport,10.450333,-64.13047,14,SA,VE,VE-R,Cumaná,yes,SVCU,CUM,SVCU,,America/Caracas
6277,SVED,medium_airport,El Dorado Airport,6.71573,-61.638786,318,SA,VE,VE-F,Bolivar,no,SVED,EOR,SVED,,America/Caracas
6281,SVEZ,medium_airport,Elorza Airport,7.059677,-69.4967,295,SA,VE,VE-C,,no,SVEZ,EOZ,SVEZ,,America/Caracas
6282,SVFM,medium_airport,Generalissimo Francisco de Miranda Air Base,10.485033,-66.843513,2739,SA,VE,VE-M,Caracas,no,,,SVFM,,America/Caracas
6285,SVGD,medium_airport,Guasdualito Airport,7.210834,-70.756386,427,SA,VE,VE-C,Guasdualito,no,SVGD,GDO,SVGD,,America/Caracas
6286,SVGI,medium_airport,Guiria Airport,10.574077606200001,-62.3126678467,42,SA,VE,VE-R,,no,SVGI,GUI,SVGI,,America/Caracas
6287,SVGU,medium_airport,Guanare Airport,9.026944,-69.75515,606,SA,VE,VE-P,Guanare,no,SVGU,GUQ,SVGU,,America/Caracas
6291,SVIE,small_airport,Andrés Miguel Salazar Marcano Airport,10.794432,-63.98159,10,SA,VE,VE-O,Isla de Coche,yes,SVIE,ICC,SVIE,,America/Caracas
6292,SVJC,medium_airport,Josefa Camejo International Airport,11.780775,-70.151497,75,SA,VE,VE-I,Paraguaná,yes,SVJC,LSP,SVJC,,America/Caracas
6293,SVJM,medium_airport,San Juan de Los Morros Airport,9.906953,-67.379639,1404,SA,VE,VE-J,San Juan de los Morros,no,SVJM,,SVJM,,America/Caracas
6294,SVLF,medium_airport,La Fria Airport,8.239167,-72.271027,305,SA,VE,VE-S,,no,SVLF,LFR,SVLF,,America/Caracas
6296,SVLO,medium_airport,La Orchila Airport,11.80823,-66.180768,5,SA,VE,VE-W,Isla La Orchila,no,,,SVLO,,America/Caracas
6297,SVMC,large_airport,La Chinita International Airport,10.557542,-71.729307,239,SA,VE,VE-V,Maracaibo,yes,SVMC,MAR,SVMC,,America/Caracas
6298,SVMD,medium_airport,Alberto Carnevalli Airport,8.582078,-71.161041,5007,SA,VE,VE-L,Mérida,no,SVMD,MRD,SVMD,,America/Caracas
6299,SVMG,large_airport,Del Caribe Santiago Mariño International Airport,10.912603,-63.966599,74,NA,VE,VE-O,Isla Margarita,yes,SVMG,PMV,SVMG,,America/Caracas
6300,SVMI,large_airport,Maiquetía Simón Bolívar International Airport,10.602214,-66.991174,234,SA,VE,VE-X,Maiquetía,yes,SVMI,CCS,SVMI,,America/Caracas
6301,SVMP,medium_airport,Metropolitano International Airport,10.133169,-66.787827,574,SA,VE,VE-M,Ocumare del Tuy,no,SVMP,,,,America/Caracas
6302,SVMT,medium_airport,José Tadeo Monagas International Airport,9.749023,-63.153348,224,SA,VE,VE-N,Maturín,yes,SVMT,MUN,SVMT,,America/Caracas
6309,SVPA,medium_airport,Cacique Aramare Airport,5.61999,-67.606102,245,SA,VE,VE-Z,Puerto Ayacucho,no,SVPA,PYH,SVPA,,America/Bogota
6310,SVPC,medium_airport,General Bartolome Salom International Airport,10.4805,-68.072998,32,SA,VE,VE-G,Puerto Cabello,no,SVPC,PBL,SVPC,,America/Caracas
6312,SVPM,medium_airport,Paramillo Airport,7.801389,-72.202778,3313,SA,VE,VE-S,San Cristóbal,no,SVPM,SCI,SVPM,,America/Caracas
6315,SVPR,large_airport,General Manuel Carlos Piar International Airport,8.28853,-62.760399,472,SA,VE,VE-F,Guyana City,yes,SVPR,PZO,SVPR,,America/Caracas
6316,SVPT,medium_airport,Palmarito Airport,7.575479,-70.174435,347,SA,VE,VE-C,Palmarito,no,SVPT,PTM,SVPT,,America/Caracas
40293,SVRS,small_airport,Los Roques Airport,11.946935,-66.668333,17,NA,VE,VE-W,Gran Roque Island,yes,SVRS,LRV,SVRS,,America/Caracas
24677,SVS,small_airport,Stevens Village Airport,66.016727,-149.056835,328,NA,US,US-AK,Stevens Village,yes,,SVS,PFSV,SVS,
6321,SVSA,medium_airport,Juan Vicente Gómez International Airport,7.840809,-72.439878,1312,SA,VE,VE-S,San Antonio del Tachira,yes,SVSA,SVZ,SVSA,,America/Bogota
6323,SVSE,medium_airport,Santa Elena de Uairén Airport,4.554699,-61.145234,2938,SA,VE,VE-F,Santa Elena de Uairén,yes,SVSE,SNV,,,America/Caracas
6325,SVSO,medium_airport,Mayor Buenaventura Vivas International Airport,7.56538,-72.035103,1083,SA,VE,VE-S,Santo Domingo,yes,SVSO,STD,SVSO,,America/Caracas
6326,SVSP,medium_airport,Sub Teniente Nestor Arias Airport,10.2787,-68.755203,761,SA,VE,VE-U,San Felipe,no,SVSP,SNF,SVSP,,America/Caracas
6327,SVSR,medium_airport,San Fernando de Apure Las Flecheras National Airport,7.88332,-67.444,154,SA,VE,VE-C,San Fernando de Apure,no,SVSR,SFD,SVSR,,America/Caracas
6328,SVST,medium_airport,San Tomé Airport,8.9451465606689,-64.151084899902,861,SA,VE,VE-B,El Tigre,yes,SVST,SOM,SVST,,America/Caracas
6329,SVSZ,medium_airport,Miguel Urdaneta Fernández Airport,8.97455,-71.943253,32,SA,VE,VE-V,San Carlos del Zulia,no,SVSZ,STB,SVSZ,,America/Caracas
6330,SVTC,medium_airport,Tucupita Airport,9.088994,-62.094173,16,SA,VE,VE-Y,Tucupita,no,SVTC,TUV,SVTC,,America/Caracas
6332,SVTM,medium_airport,Tumeremo Airport,7.24938,-61.52893,345,SA,VE,VE-F,,no,SVTM,TMO,SVTM,,America/Caracas
6334,SVVA,large_airport,Arturo Michelena International Airport,10.149733,-67.928398,1411,SA,VE,VE-G,Valencia,yes,SVVA,VLN,SVVA,,America/Caracas
6335,SVVG,medium_airport,Juan Pablo Pérez Alfonso Airport,8.624139,-71.672668,250,SA,VE,VE-L,El Vigía,yes,SVVG,VIG,SVVG,,America/Caracas
6336,SVVL,medium_airport,Dr. Antonio Nicolás Briceño Airport,9.340478,-70.584061,2060,SA,VE,VE-T,Valera,yes,SVVL,VLV,SVVL,,America/Caracas
6337,SVVP,medium_airport,Valle de La Pascua Airport,9.22202777863,-65.9935836792,410,SA,VE,VE-J,,no,SVVP,VDP,SVVP,,America/Caracas
518,SWBC,small_airport,Barcelos Airport,-0.981191,-62.918603,112,SA,BR,BR-AM,Barcelos,yes,SWBC,BAZ,SWBC,AM0017,America/Manaus
521,SWBR,small_airport,Borba Airport,-4.40634,-59.602402,98,SA,BR,BR-AM,Borba,yes,SWBR,RBB,SWBR,AM0018,America/Manaus
523,SWCA,small_airport,Carauari Airport,-4.871473,-66.897552,355,SA,BR,BR-AM,Carauari,yes,SWCA,CAF,SWCA,AM0007,America/Manaus
538,SWGN,medium_airport,Araguaína Airport,-7.22787,-48.240501,771,SA,BR,BR-TO,Araguaína,yes,SWGN,AUX,SWGN,TO0002,America/Araguaina
557,SWLB,small_airport,Lábrea Airport,-7.27897,-64.769501,243,SA,BR,BR-AM,Lábrea,yes,SWLB,LBR,SWLB,AM0024,America/Manaus
38091,SWTP,small_airport,Tapuruquara Airport,-0.378604,-64.992558,141,SA,BR,BR-AM,Santa Isabel do Rio Negro,yes,SWTP,IRZ,SWTP,AM0022,America/Manaus
586,SWTS,small_airport,Tangará da Serra Airport,-14.662,-57.443744,1473,SA,BR,BR-MT,Tangará da Serra,yes,SWTS,TGQ,SWTS,MT0012,America/Cuiaba
24678,SXP,small_airport,Nunam Iqua Airport,62.520599,-164.848006,12,NA,US,US-AK,Nunam Iqua,yes,,SXP,,SXP,
308375,SYB,seaplane_base,Seal Bay Seaplane Base,58.373291,-152.201797,,NA,US,US-AK,Seal Bay,yes,,SYB,,,
6356,SYCJ,large_airport,Cheddi Jagan International Airport,6.49855,-58.254101,95,SA,GY,GY-DE,Georgetown,yes,SYCJ,GEO,SYCJ,,America/Guyana
315125,SYF,seaplane_base,Silva Bay Seaplane Base,49.151,-123.698,,NA,CA,CA-BC,Gabriola Island,yes,,SYF,,,
41513,SYGO,medium_airport,Eugene F. Correia International Airport,6.805881,-58.107657,10,SA,GY,GY-DE,Ogle,yes,SYEC,OGL,SYEC,,America/Guyana
43226,SYKA,medium_airport,Kaieteur Airport,5.177349,-59.48898,1520,SA,GY,GY-PT,Kaieteur Falls,yes,SYKA,KAI,SYKA,,
6358,SYLT,medium_airport,Lethem Airport,3.37276,-59.789398,351,SA,GY,GY-UT,Lethem,yes,SYLT,LTM,SYLT,,America/Boa_Vista
6359,TAPA,large_airport,V. C. Bird International Airport,17.1367,-61.792702,62,NA,AG,AG-03,Osbourn,yes,TAPA,ANU,TAPA,,America/Antigua
35328,TAPH,closed,Codrington Airport,17.636067,-61.827175,15,NA,AG,AG-10,Codrington,yes,,,,,America/Antigua
6360,TBPB,large_airport,Grantley Adams International Airport,13.074667,-59.491034,169,NA,BB,BB-01,Bridgetown,yes,TBPB,BGI,TBPB,,America/Barbados
24808,TCT,small_airport,Takotna Airport,62.993206,-156.029026,825,NA,US,US-AK,Takotna,yes,PPCT,TCT,PPCT,TCT,
6361,TDCF,medium_airport,Canefield Airport,15.336693,-61.392108,13,NA,DM,DM-10,Canefield,yes,TDCF,DCF,TDCF,,America/Dominica
6362,TDPD,medium_airport,Douglas-Charles Airport,15.546673,-61.301082,73,NA,DM,DM-02,Marigot,yes,TDPD,DOM,TDPD,,America/Dominica
30948,TFFA,small_airport,La Désirade Airport,16.296902,-61.0844,10,NA,GP,GP-U-A,Grande Anse,yes,TFFA,DSD,TFFA,,America/Guadeloupe
30683,TFFB,small_airport,Basse-Terre Baillif Airport,16.013648,-61.742928,59,NA,GP,GP-U-A,Basse-Terre,yes,TFFB,BBR,TFFB,,America/Guadeloupe
32286,TFFC,small_airport,St-François Airport,16.257799,-61.262501,10,NA,GP,GP-U-A,St-François,yes,TFFC,SFC,TFFC,,America/Guadeloupe
6363,TFFF,large_airport,Martinique Aimé Césaire International Airport,14.591,-61.003201,16,NA,MQ,MQ-U-A,Fort-de-France,yes,TFFF,FDF,TFFF,,America/Martinique
6364,TFFG,medium_airport,Grand Case-l'Espérance Airport,18.100057,-63.047444,7,NA,MF,MF-U-A,Grand Case,yes,TFFG,SFG,TFFG,,America/Lower_Princes
32249,TFFJ,medium_airport,St. Jean Airport,17.904398,-62.843333,49,NA,BL,BL-U-A,Gustavia,yes,TFFJ,SBH,TFFJ,,America/St_Barthelemy
6365,TFFM,medium_airport,Marie-Galante Airport,15.868925,-61.270087,16,NA,GP,GP-U-A,Grand-Bourg,yes,TFFM,GBJ,TFFM,,America/Guadeloupe
6366,TFFR,large_airport,Maryse Condé International Airport,16.265443,-61.532754,36,NA,GP,GP-U-A,Pointe-à-Pitre,yes,TFFR,PTP,TFFR,,America/Guadeloupe
6367,TGPY,large_airport,Maurice Bishop International Airport,12.003996,-61.785302,41,NA,GD,GD-GE,Saint George's,yes,TGPY,GND,TGPY,,America/Grenada
30852,TGPZ,small_airport,Lauriston Airport,12.4761,-61.472801,5,NA,GD,GD-PA,Carriacou Island,yes,TGPZ,CRU,TGPZ,,America/Grenada
6369,TIST,large_airport,Cyril E. King Airport,18.337091,-64.977251,23,NA,VI,VI-ST,Charlotte Amalie,yes,TIST,STT,TIST,STT,America/St_Thomas
6370,TISX,medium_airport,Henry E. Rohlsen Airport,17.701413,-64.802608,74,NA,VI,VI-SC,Christiansted,yes,TISX,STX,TISX,STX,America/St_Thomas
601910,TJ-0011,medium_airport,Khovaling Airport,38.364134,69.986299,,AS,TJ,TJ-KT,Khovilling,no,,,,,
6375,TJ-UT45,medium_airport,Gissar Air Base,38.512298584,68.67250061040001,2379,AS,TJ,TJ-RR,Dushanbe,no,,,,,
6376,TJ-UT46,medium_airport,Farkhor Air Base,37.46979904169999,69.3807983398,1450,AS,TJ,TJ-KT,Parkhar,no,,,,,
6378,TJAB,medium_airport,Antonio Nery Juarbe Pol Airport,18.45085,-66.675768,23,NA,PR,PR-U-A,Arecibo,no,TJAB,ARE,TJAB,ABO,America/Puerto_Rico
6379,TJBQ,medium_airport,Rafael Hernández International Airport,18.4949,-67.129402,237,NA,PR,PR-U-A,Aguadilla,yes,TJBQ,BQN,TJBQ,BQN,America/Puerto_Rico
42320,TJCP,medium_airport,Benjamin Rivera Noriega Airport,18.312954,-65.303893,49,NA,PR,PR-U-A,Culebra,yes,TJCP,CPX,TJCP,CPX,America/Puerto_Rico
6381,TJIG,medium_airport,Fernando Luis Ribas Dominicci Airport,18.45680046081543,-66.09809875488281,10,NA,PR,PR-U-A,San Juan,yes,TJIG,SIG,TJIG,SIG,America/Puerto_Rico
6382,TJMZ,medium_airport,Eugenio Maria De Hostos Airport,18.255699,-67.148499,28,NA,PR,PR-U-A,Mayaguez,yes,TJMZ,MAZ,TJMZ,MAZ,America/Puerto_Rico
6383,TJPS,medium_airport,Mercedita International Airport,18.008301,-66.563004,29,NA,PR,PR-U-A,Ponce,yes,TJPS,PSE,TJPS,PSE,America/Puerto_Rico
42321,TJRV,medium_airport,José Aponte de la Torre Airport,18.247262,-65.63979,38,NA,PR,PR-U-A,Ceiba,yes,TJRV,NRR,TJRV,RVR,America/Puerto_Rico
6384,TJSJ,large_airport,Luis Munoz Marin International Airport,18.4394,-66.001801,9,NA,PR,PR-U-A,San Juan,yes,TJSJ,SJU,TJSJ,SJU,America/Puerto_Rico
6385,TJVQ,medium_airport,Antonio Rivera Rodriguez Airport,18.1348,-65.493599,49,NA,PR,PR-U-A,Vieques,yes,TJVQ,VQS,TJVQ,VQS,America/Puerto_Rico
24911,TKE,seaplane_base,Tenakee Seaplane Base,57.779701,-135.218002,,NA,US,US-AK,Tenakee Springs,yes,,TKE,TKE,TKE,
6386,TKPK,large_airport,Robert L. Bradshaw International Airport,17.310845,-62.719117,170,NA,KN,KN-U-A,Basseterre,yes,TKPK,SKB,TKPK,,America/St_Kitts
6387,TKPN,medium_airport,Vance W. Amory International Airport,17.2057,-62.589901,14,NA,KN,KN-U-A,Charlestown,yes,TKPN,NEV,TKPN,,America/St_Kitts
6388,TLPC,medium_airport,George F. L. Charles Airport,14.0202,-60.992901,22,NA,LC,LC-02,Castries,yes,TLPC,SLU,TLPC,,America/St_Lucia
6389,TLPL,large_airport,Hewanorra International Airport,13.7332,-60.952599,14,NA,LC,LC-11,Vieux Fort,yes,TLPL,UVF,TLPL,,America/St_Lucia
24914,TLT,small_airport,Tuluksak Airport,61.086973,-160.922842,30,NA,US,US-AK,Tuluksak,yes,,TLT,PALT,TLT,
44383,TM-0002,medium_airport,Balkanabat International Airport,39.681052,54.206008,-26,AS,TM,TM-B,Balkanabat,yes,UTAN,BKN,UTAN,,Asia/Ashgabat
6397,TM-UT52,medium_airport,Mary North Airport,37.66429901123047,61.82699966430664,728,AS,TM,TM-M,Mary,no,,,,,
6402,TNCA,large_airport,Queen Beatrix International Airport,12.501056,-70.014281,60,NA,AW,AW-U-A,Oranjestad,yes,TNCA,AUA,TNCA,,America/Aruba
6403,TNCB,large_airport,Flamingo International Airport,12.131,-68.268501,20,NA,BQ,BQ-BO,Kralendijk,yes,TNCB,BON,TNCB,,America/Kralendijk
6404,TNCC,large_airport,Hato International Airport,12.1889,-68.959801,29,NA,CW,CW-U-A,Willemstad,yes,TNCC,CUR,TNCC,,America/Curacao
6405,TNCE,medium_airport,F. D. Roosevelt Airport,17.4965,-62.979401,129,NA,BQ,BQ-SE,Oranjestad,yes,TNCE,EUX,TNCE,,America/Kralendijk
6406,TNCM,large_airport,Princess Juliana International Airport,18.041,-63.108898,13,NA,SX,SX-U-A,Sint Maarten,yes,TNCM,SXM,TNCM,,America/Lower_Princes
32245,TNCS,medium_airport,Juancho E. Yrausquin Airport,17.64533,-63.220514,60,NA,BQ,BQ-SA,Zion's Hill,yes,TNCS,SAB,TNCS,,America/Kralendijk
6407,TQPF,medium_airport,Clayton J. Lloyd International Airport,18.204773,-63.05383,127,NA,AI,AI-U-A,The Valley,yes,TQPF,AXA,TQPF,,America/Anguilla
44492,TR-0004,medium_airport,Temelli Air Base,39.73885726928711,32.378639221191406,2457,AS,TR,TR-06,Polatlı,no,,,,,
44792,TR-0028,medium_airport,Keşan Air Base,40.787068,26.606655,,EU,TR,TR-22,Keşan,no,,,LTFL,,
43074,TRPG,large_airport,John A. Osborne Airport,16.791835,-62.193204,550,NA,MS,MS-SP,Gerald's Park,yes,TRPG,MNI,TRPG,,America/Montserrat
6409,TTCP,large_airport,A.N.R. Robinson International Airport,11.149571,-60.831298,38,NA,TT,TT-TOB,Scarborough,yes,TTCP,TAB,TTCP,,America/Port_of_Spain
6410,TTPP,large_airport,Piarco International Airport,10.59535,-61.337568,58,NA,TT,TT-TUP,Port of Spain,yes,TTPP,POS,TTPP,,America/Port_of_Spain
309422,TTW,seaplane_base,Tissa Tank Waterdrome,6.2876,81.2906,75,AS,LK,LK-3,Tissamaharama,yes,,TTW,,,
6411,TUPJ,large_airport,Terrance B. Lettsome International Airport,18.445492,-64.541707,15,NA,VG,VG-U-A,Beef Island,yes,TUPJ,EIS,TUPJ,,America/Tortola
32575,TUPW,medium_airport,Virgin Gorda Airport,18.446634,-64.427932,9,NA,VG,VG-U-A,Spanish Town,yes,TUPW,VIJ,TUPW,,America/Tortola
322383,TVSA,large_airport,Argyle International Airport,13.159725,-61.148801,136,NA,VC,VC-04,Kingstown,yes,TVSA,SVD,TVSA,,America/St_Vincent
6412,TVSB,medium_airport,J F Mitchell Airport,12.9884,-61.262001,15,NA,VC,VC-06,Bequia,yes,TVSB,BQU,TVSB,,America/St_Vincent
6413,TVSC,medium_airport,Canouan Airport,12.699,-61.3424,11,NA,VC,VC-06,Canouan,yes,TVSC,CIW,TVSC,,America/St_Vincent
6414,TVSM,medium_airport,Mustique Airport,12.8879,-61.180199,8,NA,VC,VC-06,Lovell,yes,TVSM,MQS,TVSM,,America/St_Vincent
32542,TVSU,medium_airport,Union Island International Airport,12.600135,-61.411945,16,NA,VC,VC-06,Union Island,yes,TVSU,UNI,TVSU,,America/St_Vincent
42429,TW-0004,medium_airport,Zuoying Naval Airfield,22.705,120.280998,16,AS,TW,TW-KHH,Kaohsiung (Zuoying),no,,,,,
336113,TWC,small_airport,Tumxuk Tangwangcheng Airport,39.886663,79.233408,3566,AS,CN,CN-65,Tumxuk,yes,ZWTS,TWC,ZWTS,TWC,Asia/Shanghai
6416,TXKF,large_airport,L.F. Wade International Airport,32.363802,-64.67824,12,NA,BM,BM-U-A,Hamilton,yes,TXKF,BDA,TXKF,,Atlantic/Bermuda
43013,UA-0005,medium_airport,Nizhyn Air Base,51.088535,31.870995,440,EU,UA,UA-74,Nizhyn,no,,,UKRN,,
44294,UA-0010,medium_airport,Oktyabrskoe Air Base,45.31999969482422,34.099998474121094,,EU,UA,UA-43,Oktyabrskoe,no,,,,,
44297,UA-0012,medium_airport,Kirovskoe Air Base,45.16699981689453,35.18299865722656,,EU,UA,UA-43,Kirovskoe,no,,,,,
44311,UA-0020,medium_airport,Melitopol Air Base,46.880001,35.305,,EU,UA,UA-23,Melitopol,no,,,UKDM,,
44313,UA-0022,medium_airport,Kacha Air Base,44.779764,33.572245,403,EU,UA,UA-43,Kacha,no,UKKA,,UKKA,,
44343,UA-0025,medium_airport,Bila Tserkva Air Base,49.795228,30.024435,584,EU,UA,UA-32,Bila Tserkva,no,,,UKBC,,
44376,UA-0028,medium_airport,Zhovtneve Air Base,45.639999,28.67,,EU,UA,UA-51,Bolgrad,no,,,UKOD,,
45170,UA-0047,medium_airport,Dolgintsevo Air Base,47.887,33.533,341,EU,UA,UA-12,Kryvyi Rih,no,,,,,
3549,UA30,medium_airport,Batken Airport,40.042899,70.83784,3602,AS,KG,KG-B,Batken,yes,UCFB,,UCFB,,
6421,UAAA,large_airport,Almaty International Airport,43.354267,77.042828,2234,AS,KZ,KZ-ALA,Almaty,yes,UAAA,ALA,UAAA,,Asia/Almaty
6422,UAAH,medium_airport,Balkhash Airport,46.894246,75.004533,1446,AS,KZ,KZ-KAR,Balkhash,yes,UAAH,BXH,UAAH,,Asia/Almaty
318380,UAAL,small_airport,Usharal Airport,46.190767,80.830922,1288,AS,KZ,KZ-JET,Usharal,yes,UAAL,USJ,UAAL,,Asia/Almaty
41868,UAAT,medium_airport,Taldykorgan Airport,45.12255,78.442758,1925,AS,KZ,KZ-JET,Taldykorgan,yes,UAAT,TDK,UAAT,,Asia/Almaty
6423,UACC,large_airport,Nursultan Nazarbayev International Airport,51.027035,71.467094,1165,AS,KZ,KZ-AST,Astana,yes,UACC,NQZ,UACC,,Asia/Almaty
31768,UACK,large_airport,Kokshetau International Airport,53.329102,69.594597,900,AS,KZ,KZ-AKM,Kokshetau,yes,UACK,KOV,UACK,,Asia/Almaty
32495,UACP,large_airport,Petropavl International Airport,54.775622,69.187415,453,AS,KZ,KZ-SEV,Petropavl,yes,UACP,PPK,UACP,,Asia/Almaty
6424,UADD,large_airport,Taraz International Airport,42.8536,71.303596,2184,AS,KZ,KZ-ZHA,Taraz,yes,UADD,DMB,UADD,,Asia/Almaty
46646,UAFI,small_airport,Razzakov Airport,39.824737,69.56882,4840,AS,KG,KG-B,Isfana,yes,UCFR,,UCFR,,Asia/Bishkek
6426,UAFM,large_airport,Manas International Airport,43.061298,74.4776,2058,AS,KG,KG-C,Bishkek,yes,UCFM,BSZ,UCFM,,Asia/Bishkek
6427,UAFO,large_airport,Osh International Airport,40.609001,72.793297,2927,AS,KG,KG-O,Osh,yes,UCFO,OSS,UCFO,,Asia/Bishkek
32496,UAFP,medium_airport,Karakol International Airport,42.508099,78.407799,5590,AS,KG,KG-Y,Karakol,yes,UCFK,IKG,UCFK,,
6428,UAFW,medium_airport,Kant Air Base,42.85319900512695,74.84649658203125,2549,AS,KG,KG-C,Kant,no,,,UAFW,,Asia/Bishkek
46647,UAFZ,small_airport,Kazarman Airport,41.410291,74.044418,4298,AS,KG,KG-J,Kazarman,yes,UAFZ,,UAFZ,,Asia/Bishkek
6429,UAII,large_airport,Shymkent International Airport,42.365021,69.47564,1385,AS,KZ,KZ-YUZ,Shymkent,yes,UAII,CIT,UAII,,Asia/Almaty
337747,UAIT,large_airport,Hazrat Sultan International Airport,43.311087,68.550352,951,AS,KZ,KZ-YUZ,Turkıstan,yes,UAIT,HSA,UAIT,,Asia/Almaty
6430,UAKD,large_airport,Zhezkazgan National Airport,47.708953,67.738094,1250,AS,KZ,KZ-ULY,Zhezkazgan,yes,UAKD,DZN,UAKD,,Asia/Almaty
6431,UAKK,large_airport,Sary-Arka Airport,49.670799,73.334396,1765,AS,KZ,KZ-KAR,Karaganda,yes,UAKK,KGF,UAKK,,Asia/Almaty
44336,UAOL,large_airport,Baikonur Krayniy International Airport,45.621994,63.210773,317,AS,KZ,KZ-BAY,Baikonur,yes,UAOL,BXY,UAOL,,Asia/Qyzylorda
44335,UAON,medium_airport,Yubileyniy Airfield,46.052421,63.249185,328,AS,KZ,KZ-KZY,Töretam,no,UAON,,UAON,,Asia/Qyzylorda
31794,UAOO,large_airport,Korkyt Ata International Airport,44.706902,65.592499,433,AS,KZ,KZ-KZY,Kyzylorda,yes,UAOO,KZO,UAOO,,Asia/Qyzylorda
6432,UARR,large_airport,Manshuk Mametova International Airport,51.151976,51.543652,125,AS,KZ,KZ-ZAP,Uralsk,yes,UARR,URA,UARR,,Asia/Oral
32501,UASA,medium_airport,Ayaguz Airport,47.919218,80.452194,2119,AS,KZ,KZ-ABA,Ayaguz,no,,,UASA,,Asia/Almaty
41886,UASB,medium_airport,Ekibastuz Airport,51.590999603271484,75.21499633789062,621,AS,KZ,KZ-PAV,Ekibastuz,no,UASB,EKB,UASB,,Asia/Almaty
6433,UASK,large_airport,Oskemen International Airport,50.035033,82.496057,939,AS,KZ,KZ-VOS,Ust-Kamenogorsk (Oskemen),yes,UASK,UKK,UASK,,Asia/Almaty
6434,UASP,large_airport,Pavlodar International Airport,52.194982,77.073088,410,AS,KZ,KZ-PAV,Pavlodar,yes,UASP,PWQ,UASP,,Asia/Almaty
6435,UASS,large_airport,Semei International Airport,50.351295,80.234398,761,AS,KZ,KZ-ABA,Semey,yes,UASS,PLX,UASS,,Asia/Almaty
318183,UASZ,small_airport,Zaysan Airport,47.487491,84.887675,1877,AS,KZ,KZ-VOS,Zaysan,yes,UASZ,SZI,UASZ,,
6436,UATE,large_airport,Aktau International Airport,43.860093,51.09086,73,AS,KZ,KZ-MAN,Aktau,yes,UATE,SCO,UATE,,Asia/Aqtau
6437,UATG,large_airport,Atyrau International Airport,47.121318,51.820343,-72,AS,KZ,KZ-ATY,Atyrau,yes,UATG,GUW,UATG,,Asia/Atyrau
44391,UATR,medium_airport,Shalkar Airport,47.904999,59.619999,561,AS,KZ,KZ-AKT,Shalkar,no,,,UATR,,Asia/Aqtobe
6438,UATT,large_airport,Aktobe International Airport,50.248116,57.204144,738,AS,KZ,KZ-AKT,Aktobe,yes,UATT,AKX,UATT,,Asia/Aqtobe
6439,UAUU,large_airport,Kostanay International Airport,53.206902,63.550301,595,AS,KZ,KZ-KUS,Kostanay,yes,UAUU,KSN,UAUU,,Asia/Qostanay
73,UB12,medium_airport,Nasosnaya Air Base,40.591599,49.5574,-13,AS,AZ,AZ-SM,Sumqayit,no,UBBI,,UBBI,UB12,
74,UB13,medium_airport,Khojaly Airport,39.901402,46.786999,2001,AS,AZ,AZ-XCI,Khojaly,no,UBBS,,UBBS,UB13,
75,UB14,medium_airport,Kyurdamir Air Base,40.27360153198242,48.16360092163086,-35,AS,AZ,AZ-KUR,Kyurdamir,no,,,,,
77,UB18,medium_airport,Baku Kala Air Base,40.408409,50.200287,40,AS,AZ,AZ-BA,Baku,no,,,,,
6440,UBBB,large_airport,Heydar Aliyev International Airport,40.47278,50.050931,10,AS,AZ,AZ-BA,Baku,yes,UBBB,GYD,UBBB,,Asia/Baku
6441,UBBG,large_airport,Ganja International Airport,40.738692,46.320383,1083,AS,AZ,AZ-GA,Ganja,yes,UBBG,GNJ,UBBG,,Asia/Baku
72,UBBL,small_airport,Lankaran International Airport,38.757919,48.807042,30,AS,AZ,AZ-LA,Lankaran,yes,UBBL,LLK,UBBL,,Asia/Baku
6442,UBBN,large_airport,Nakhchivan International Airport,39.188801,45.458401,2863,AS,AZ,AZ-NX,Nakhchivan,yes,UBBN,NAJ,UBBN,,Asia/Baku
300740,UBBQ,medium_airport,Gabala International Airport,40.808617,47.725389,935,AS,AZ,AZ-QAB,Gabala,yes,UBBQ,GBB,UBBQ,,Asia/Baku
43883,UBBY,medium_airport,Zaqatala International Airport,41.557823,46.669464,1279,AS,AZ,AZ-ZAQ,Zaqatala,no,UBBY,ZTU,UBBY,,Asia/Baku
607870,UBLC,medium_airport,Lachin International Airport,39.883787,46.363137,5577,AS,AZ,AZ-LAC,Lachin,yes,UBLC,LHL,UBLC,,
6425,UCFL,large_airport,Issyk-Kul International Airport,42.585584,76.701181,5425,AS,KG,KG-Y,Tamchy,yes,UCFL,IKU,UCFL,IKU,Asia/Bishkek
6444,UDSG,large_airport,Shirak International Airport,40.750401,43.859299,5000,AS,AM,AM-SH,Gyumri,yes,UDSG,LWN,UDSG,,Asia/Yerevan
6445,UDYE,medium_airport,Erebuni Airport,40.122100830099996,44.465000152600005,2948,AS,AM,AM-ER,Yerevan,no,,,UDYE,,Asia/Yerevan
6446,UDYZ,large_airport,Zvartnots International Airport,40.148941,44.397887,2838,AS,AM,AM-ER,Yerevan,yes,UDYZ,EVN,UDYZ,,Asia/Yerevan
32507,UEBB,small_airport,Batagay Airport,67.648003,134.695007,696,AS,RU,RU-SA,Batagay,yes,UEBB,BQJ,UEBB,,Asia/Vladivostok
314969,UEBS,small_airport,Sakkyryr Airport,67.792,130.394,1686,AS,RU,RU-SA,Batagay-Alyta,yes,,SUK,UEBS,,
44859,UEBT,small_airport,Ust-Kuyga Airport,70.011002,135.645004,327,AS,RU,RU-SA,Ust-Kuyga,yes,UEBT,UKG,UEBT,,Asia/Vladivostok
6447,UEEE,large_airport,Platon Oyunsky Yakutsk International Airport,62.0933,129.770996,325,AS,RU,RU-SA,Yakutsk,yes,UEEE,YKS,UEEE,XEEE,Asia/Yakutsk
5751,UELL,medium_airport,Chulman Airport,56.913898468018,124.91400146484,2812,AS,RU,RU-SA,Neryungri,yes,UELL,NER,UELL,,Asia/Yakutsk
32509,UEMA,medium_airport,Moma Airport,66.450861,143.261551,656,AS,RU,RU-SA,Khonuu,yes,UEMA,MQJ,UEMA,,Asia/Srednekolymsk
42979,UEMM,medium_airport,Magan Airport,62.103484,129.545288,577,AS,RU,RU-SA,Magan,no,UEMM,GYG,UEMM,,Asia/Yakutsk
32510,UEMO,medium_airport,Olyokminsk Airport,60.401833,120.476094,656,AS,RU,RU-SA,Olyokminsk,yes,UEMO,OLZ,UEMO,,Asia/Yakutsk
44662,UEMT,medium_airport,Ust-Nera Airport,64.550003,143.115005,1805,AS,RU,RU-SA,Ust-Nera,yes,UEMT,USR,UEMT,,Asia/Ust-Nera
44668,UEMU,small_airport,Ust-Maya Airport,60.357437,134.43731,561,AS,RU,RU-SA,Ust-Maya,yes,UEMU,UMS,UEMU,,Asia/Khandyga
43673,UENI,small_airport,Verkhnevilyuisk Airport,63.458057403564,120.26916503906,411,AS,RU,RU-SA,Verkhnevilyuisk,yes,UENI,VHV,UENI,,Asia/Yakutsk
42978,UENK,medium_airport,Kyzyl-Syr Airport,63.887303,122.775779,331,AS,RU,RU-SA,Kyzyl-Syr,no,,,UENK,,Asia/Yakutsk
35092,UENS,small_airport,Suntar Airport,62.185001373291,117.63500213623,452,AS,RU,RU-SA,Suntar,yes,UENS,SUY,UENS,,Asia/Yakutsk
43006,UENW,medium_airport,Vilyuisk Airport,63.756668,121.693336,361,AS,RU,RU-SA,Vilyuisk,yes,UENW,VYI,UENW,,Asia/Yakutsk
43663,UERA,medium_airport,Aykhal Airport,65.959198,111.546501,,AS,RU,RU-SA,,no,,,UERA,,Asia/Yakutsk
32512,UERL,medium_airport,Lensk Airport,60.723594,114.825319,801,AS,RU,RU-SA,Lensk,yes,UERL,ULK,UERL,,Asia/Yakutsk
6448,UERP,medium_airport,Polyarny Airport,66.400398,112.029999,1660,AS,RU,RU-SA,Yakutia,yes,UERP,PYJ,UERP,,Asia/Yakutsk
6449,UERR,medium_airport,Mirny Airport,62.534698486328125,114.03900146484375,1156,AS,RU,RU-SA,Mirny,yes,UERR,MJZ,UERR,,Asia/Yakutsk
44870,UERS,medium_airport,Saskylakh Airport,71.927902,114.080002,,AS,RU,RU-SA,Saskylakh,yes,UERS,SYS,UERS,,Asia/Yakutsk
43667,UESG,medium_airport,Belaya Gora Airport,68.556227,146.22784,118,AS,RU,RU-SA,Belaya Gora,no,UESG,BGN,UESG,,Asia/Srednekolymsk
316761,UESK,medium_airport,Srednekolymsk Airport,67.4805,153.7364,60,AS,RU,RU-SA,Srednekolymsk,yes,,SEK,UESK,,
32514,UESO,medium_airport,Chokurdakh Airport,70.6231,147.901993,151,AS,RU,RU-SA,Chokurdah,yes,UESO,CKH,UESO,,Asia/Srednekolymsk
30870,UESS,medium_airport,Cherskiy Airport,68.740601,161.337997,20,AS,RU,RU-SA,Cherskiy,yes,UESS,CYX,UESS,,Asia/Srednekolymsk
6450,UEST,medium_airport,Tiksi Airport,71.697700500488,128.90299987793,26,AS,RU,RU-SA,Tiksi,yes,UEST,IKS,UEST,,Asia/Yakutsk
42980,UESU,medium_airport,Zyryanka Airport,65.7485,150.8889,140,AS,RU,RU-SA,Zyryanka,yes,UESU,ZKP,UESU,,Asia/Srednekolymsk
43684,UEVV,medium_airport,Zhigansk Airport,66.7965011597,123.361000061,292,AS,RU,RU-SA,Zhigansk,yes,UEVV,ZIX,UEVV,,Asia/Yakutsk
313726,UG-0001,small_airport,Kisoro Airport,-1.2837,29.7197,6200,AF,UG,UG-W,Kisoro,yes,HUKI,KXO,HUKI,,
315271,UG-0002,medium_airport,Savannah Airstrip,-0.7165,29.6997,3600,AF,UG,UG-W,Kihihi,yes,,KHX,,,
3086,UG0U,medium_airport,Gudauta Air Base,43.104,40.5793,79,AS,GE,GE-AB,Gudauta,no,,,UGSG,,Asia/Tbilisi
78,UG11,medium_airport,Dollyar Air Base,40.8876,45.957001,1099,AS,AZ,AZ-SKR,Dollyar,no,,,,UB11,
3085,UG22,medium_airport,Tbilisi Marneuli Air Base,41.459202,44.783199,1305,AS,GE,GE-KK,Tbilisi,no,,,,,
3087,UG24,medium_airport,Tbilisi Soganlug Air Base,41.649200439453125,44.9364013671875,1250,AS,GE,GE-TB,Tbilisi,no,,,,,
3090,UG27,medium_airport,Vaziani Air Base,41.627998,45.0308,1460,AS,GE,GE-KK,Gamarjveba 1,no,,,,,
3091,UG28,medium_airport,Bolshiye Shiraki Air Base,41.37950134277344,46.3672981262207,1795,AS,GE,GE-KA,Bolshiye Shiraki,no,,,,,
506946,UGAM,medium_airport,Ambrolauri Airport,42.52687,43.13538,1784,AS,GE,GE-RL,Ambrolauri,yes,UGAM,,UGAM,,
6451,UGKO,large_airport,David the Builder Kutaisi International Airport,42.177448,42.485353,223,AS,GE,GE-IM,Kopitnari,yes,UGKO,KUT,UGKO,,Asia/Tbilisi
315702,UGMS,small_airport,Mestia Queen Tamar Airport,43.053597,42.749012,4778,AS,GE,GE-SZ,Mestia,yes,UGMS,,UGMS,,
45186,UGSA,small_airport,Natakhtari Airfield,41.921198,44.714186,1674,AS,GE,GE-MM,Natakhtari,yes,UGSA,,UGSA,,
6452,UGSB,large_airport,Alexander Kartveli Batumi International Airport,41.60939,41.600315,105,AS,GE,GE-AJ,Batumi,yes,UGSB,BUS,UGSB,,Asia/Tbilisi
3092,UGSS,medium_airport,Vladislav Ardzinba Sukhum International Airport,42.8582,41.128101,53,AS,GE,GE-AB,Sukhumi,yes,UGSS,SUI,UGSS,,Asia/Tbilisi
6453,UGTB,large_airport,Tbilisi International Airport,41.669201,44.9547,1624,AS,GE,GE-TB,Tbilisi,yes,UGTB,TBS,UGTB,,Asia/Tbilisi
6454,UHBB,medium_airport,Ignatyevo Airport,50.426723,127.415502,638,AS,RU,RU-AMU,Blagoveschensk,yes,UHBB,BQS,UHBB,,Asia/Yakutsk
6455,UHHH,medium_airport,Khabarovsk Novy Airport,48.528338,135.188588,244,AS,RU,RU-KHA,Khabarovsk,yes,UHHH,KHV,UHHH,,Asia/Vladivostok
32517,UHKD,medium_airport,Dzemgi Airport,50.605625,137.081266,89,AS,RU,RU-KHA,Komsomolsk-na-Amur,no,,,UHKD,XHKD,Asia/Vladivostok
43011,UHKG,medium_airport,Kamenny Ruchey Naval Air Base,49.235703,140.1931,659,AS,RU,RU-KHA,Sovetskaya Gavan,no,UHKG,,UHKG,XHKG,Asia/Vladivostok
31790,UHKK,medium_airport,Komsomolsk-on-Amur Airport,50.409,136.934006,92,AS,RU,RU-KHA,Komsomolsk-on-Amur,yes,UHKK,KXK,UHKK,,Asia/Vladivostok
43866,UHKM,medium_airport,Sovetskaya Gavan (Maygatka) Airport,48.925067,140.035348,768,AS,RU,RU-KHA,Sovetskaya Gavan,no,UHKM,GVN,UHKM,,Asia/Vladivostok
6456,UHMA,medium_airport,Ugolny Yuri Ryktheu Airport,64.734902,177.740997,194,AS,RU,RU-CHU,Anadyr,yes,UHMA,DYR,UHMA,,Asia/Anadyr
6457,UHMD,medium_airport,Provideniya Bay Airport,64.378098,-173.242996,72,AS,RU,RU-CHU,Chukotka,no,UHMD,PVS,UHMD,XHMD,Asia/Anadyr
44659,UHMF,medium_airport,Omsukchan Airport,62.457001,155.744995,1732,AS,RU,RU-MAG,Omsukchan,yes,UHMF,,UHMF,,Asia/Magadan
42960,UHMG,medium_airport,Chaybukha Airport,61.834999,160.548004,207,AS,RU,RU-MAG,Chaybukha,no,UHMG,,UHMG,,Asia/Magadan
42964,UHMH,small_airport,Susuman Airport,62.764995,148.147014,2129,AS,RU,RU-MAG,Susman,yes,UHMH,,UHMH,,
44473,UHMK,medium_airport,Keperveem Airport,67.845001,166.139999,623,AS,RU,RU-CHU,Keperveem,yes,UHMK,KPW,UHMK,,Asia/Anadyr
6458,UHMM,medium_airport,Sokol Airport,59.9109992980957,150.72000122070312,574,AS,RU,RU-MAG,Magadan,yes,UHMM,GDX,UHMM,,Asia/Magadan
44610,UHMN,small_airport,Omolon Airport,65.239998,160.539993,869,AS,RU,RU-CHU,Omolon,yes,UHMN,,UHMN,,Asia/Anadyr
44660,UHMO,small_airport,Markovo Airport,64.665446,170.417626,75,AS,RU,RU-CHU,Markovo,yes,UHMO,KVM,UHMO,,Asia/Anadyr
6459,UHMP,medium_airport,Pevek Airport,69.783302,170.597,11,AS,RU,RU-CHU,Apapelgino,yes,UHMP,PWE,UHMP,,Asia/Anadyr
42963,UHMS,medium_airport,Seymchan Airport,62.92078,152.422775,679,AS,RU,RU-MAG,Seymchan,no,UHMS,,UHMS,,Asia/Magadan
42961,UHMT,medium_airport,Magadan-13 Airport,59.62329864501953,150.9219970703125,164,AS,RU,RU-MAG,Magadan,no,,,UHMT,,Asia/Magadan
42962,UHMW,medium_airport,Severo-Evensk Airport,61.921786,159.229059,32,AS,RU,RU-MAG,Evensk,no,UHMW,SWV,UHMW,,Asia/Magadan
45189,UHNB,small_airport,Bogorodskoye Airport,52.381041,140.449378,150,AS,RU,RU-KHA,Bogorodskoye,yes,UHNB,BQG,UHNB,,Asia/Vladivostok
44611,UHNN,medium_airport,Nikolayevsk-na-Amure Airport,53.154999,140.649994,170,AS,RU,RU-KHA,Nikolayevsk-na-Amure Airport,yes,UHNN,NLI,UHNN,,Asia/Vladivostok
35177,UHOO,medium_airport,Okhotsk Airport,59.410065,143.056503,45,AS,RU,RU-KHA,Okhotsk,yes,UHOO,OHO,UHOO,,Asia/Vladivostok
32519,UHPK,small_airport,Ust'-Kamchatsk Airport,56.238854,162.689989,200,AS,RU,RU-KAM,Ust'-Kamchatsk (Krutoberegovo),yes,UHPK,,UHPK,,Asia/Kamchatka
42938,UHPL,medium_airport,Palana Airport,59.082064,159.891577,112,AS,RU,RU-KAM,Palana,no,,,UHPL,,Asia/Kamchatka
6460,UHPP,large_airport,Yelizovo Airport,53.168716,158.451068,131,AS,RU,RU-KAM,Petropavlovsk-Kamchatsky,yes,UHPP,PKC,UHPP,,Asia/Kamchatka
319423,UHSI,small_airport,Iturup Airport,45.256389,147.95549,387,AS,RU,RU-SAK,Kurilsk,yes,UHSI,ITU,UHSI,,
35125,UHSK,small_airport,Shakhtyorsk Airport,49.1903,142.082993,50,AS,RU,RU-SAK,Shakhtyorsk,yes,UHSK,EKS,UHSK,,Asia/Sakhalin
41837,UHSM,small_airport,Yuzhno-Kurilsk Mendeleyevo Airport,43.961066,145.684977,584,AS,RU,RU-SAK,Yuzhno-Kurilsk,yes,UHSM,DEE,UHSM,,Asia/Magadan
41838,UHSN,small_airport,Nogliki Airport,51.783955,143.141785,109,AS,RU,RU-SAK,Nogliki,yes,,NGK,UHSN,,
6461,UHSS,large_airport,Yuzhno-Sakhalinsk International Airport,46.885461,142.717466,59,AS,RU,RU-SAK,Yuzhno-Sakhalinsk,yes,UHSS,UUS,UHSS,,Asia/Sakhalin
43867,UHWP,small_airport,Plastun Airport,44.814999,136.292007,66,AS,RU,RU-PRI,Plastun,yes,UHWP,TLY,UHWP,,Asia/Vladivostok
6462,UHWW,large_airport,Vladivostok International Airport,43.396256,132.148155,59,AS,RU,RU-PRI,Artyom,yes,UHWW,VVO,UHWW,,Asia/Vladivostok
6463,UIAA,large_airport,Chita-Kadala International Airport,52.024841,113.305839,2272,AS,RU,RU-ZAB,Chita,yes,UIAA,HTA,UIAA,,Asia/Chita
42997,UIAE,medium_airport,Krasnokamensk Airport,50.033108,118.061142,2139,AS,RU,RU-ZAB,Krasnokamensk,no,,,UIAE,,Asia/Chita
6464,UIBB,medium_airport,Bratsk Airport,56.3696,101.701822,1610,AS,RU,RU-IRK,Bratsk,yes,UIBB,BTK,UIBB,,Asia/Irkutsk
42931,UIBV,medium_airport,Zheleznogorsk Airport,56.487701,104.106003,1946,AS,RU,RU-IRK,Zheleznogorsk-Ilimsky,no,,,UIBV,,Asia/Irkutsk
546403,UIIH,small_airport,Khuzhir Airport,53.217869,107.410469,1626,AS,RU,RU-IRK,"Khuzhir, Olkhon Island",yes,UIIH,,UIIH,UIIH,
6465,UIII,large_airport,Irkutsk International Airport,52.266707,104.395563,1675,AS,RU,RU-IRK,Irkutsk,yes,UIII,IKT,UIII,,Asia/Irkutsk
32524,UIKB,small_airport,Bodaybo Airport,57.866100311299995,114.242996216,919,AS,RU,RU-IRK,Bodaybo,yes,UIKB,ODO,UIKB,,Asia/Irkutsk
42930,UITT,medium_airport,Ust-Kut Airport,56.856701,105.730003,2188,AS,RU,RU-IRK,Ust-Kut,yes,UITT,UKX,UITT,,Asia/Irkutsk
32528,UIUN,small_airport,Nizhneangarsk International Airport,55.8008,109.595001,1545,AS,RU,RU-BU,Nizhneangarsk,yes,UIUN,NZG,UIUN,,Asia/Irkutsk
6466,UIUU,large_airport,Baikal International Airport,51.808614,107.439652,1690,AS,RU,RU-BU,Ulan Ude,yes,UIUU,UUD,UIUU,,Asia/Irkutsk
6467,UKBB,large_airport,Boryspil International Airport,50.345001,30.894699,427,EU,UA,UA-32,Boryspil,no,UKBB,KBP,UKBB,,Europe/Kyiv
6469,UKCM,medium_airport,Mariupol International Airport,47.076099,37.4496,251,EU,UA,UA-14,Mariupol,no,UKCM,MPW,UKCM,,Europe/Kyiv
31019,UKDB,medium_airport,Berdyansk Airport,46.814999,36.758099,171,EU,UA,UA-23,Berdyansk,no,UKDB,ERD,UKDB,,Europe/Kyiv
6471,UKDD,medium_airport,Dnipro International Airport,48.357201,35.100601,481,EU,UA,UA-12,Dnipro,no,UKDD,DNK,UKDD,,Europe/Kyiv
6472,UKDE,medium_airport,Zaporizhzhia International Airport,47.866962,35.314723,373,EU,UA,UA-23,Zaporizhia,no,UKDE,OZH,UKDE,,Europe/Kyiv
6473,UKDR,medium_airport,Kryvyi Rih International Airport,48.043301,33.209999,408,EU,UA,UA-12,Kryvyi Rih,no,UKDR,KWG,UKDR,,Europe/Kyiv
44293,UKFB,medium_airport,Sevastopol International Airport / Belbek Air Base,44.691822,33.57462,344,EU,UA,UA-43,Sevastopol,no,UKFB,UKS,UKFB,,Europe/Simferopol
6474,UKFF,large_airport,Simferopol International Airport,45.0522,33.975101,639,EU,UA,UA-43,Simferopol,no,UKFF,SIP,UKFF,URFF,Europe/Simferopol
44291,UKFG,medium_airport,Gvardeyskoye (Hvardiiske) Air Base,45.116192,33.976625,721,EU,UA,UA-43,Hvardiiske,no,,,UKFG,XRFG,Europe/Simferopol
44296,UKFI,medium_airport,Saky Air Base,45.090611,33.598536,36,EU,UA,UA-43,Novofedorivka,no,,,UKFI,,Europe/Simferopol
43680,UKFY,medium_airport,Dzhankoy Air Base,45.700901,34.4189,75,EU,UA,UA-43,Dzhankoy,no,,,UKFY,XRFY,Europe/Simferopol
6476,UKHH,medium_airport,Kharkiv International Airport,49.926943,36.290814,508,EU,UA,UA-U-A,Kharkiv,no,UKHH,HRK,UKHH,,Europe/Kyiv
32532,UKHP,medium_airport,Suprunovka Airport,49.5686,34.397202,505,EU,UA,UA-53,Poltava,no,UKHP,PLV,UKHP,,Europe/Kyiv
6477,UKKE,medium_airport,Cherkasy International Airport,49.4156,31.9953,375,EU,UA,UA-71,Cherkasy,no,UKKE,CKC,UKKE,,Europe/Kyiv
6478,UKKK,medium_airport,Igor Sikorsky Kyiv International Airport (Zhuliany),50.40194,30.45194,587,EU,UA,UA-30,Kyiv,no,UKKK,IEV,,,Europe/Kyiv
6479,UKKM,medium_airport,Hostomel Airport,50.6035,30.1919,517,EU,UA,UA-32,Kiev,no,,,UKKM,,Europe/Kyiv
44432,UKKO,medium_airport,Ozerne Air Base,50.158298,28.7383,761,EU,UA,UA-18,Zhytomyr,no,,,UKKO,,
302309,UKKV,medium_airport,Zhytomyr Airport,50.270556,28.738611,,EU,UA,UA-18,Zhytomyr,no,UKKV,ZTR,UKKV,,Europe/Kyiv
6420,UKLH,medium_airport,Khmelnytskyi Airport,49.359699,26.933399,1150,EU,UA,UA-68,Khmelnytskyi,no,UKLH,HMJ,UKLH,,Europe/Kyiv
6480,UKLI,medium_airport,Ivano-Frankivsk International Airport,48.884201,24.6861,919,EU,UA,UA-26,Ivano-Frankivsk,no,UKLI,IFO,UKLI,,Europe/Kyiv
6481,UKLL,large_airport,Lviv International Airport,49.8125,23.9561,1071,EU,UA,UA-46,Lviv,no,UKLL,LWO,UKLL,,Europe/Kyiv
6482,UKLN,medium_airport,Chernivtsi International Airport,48.2593,25.980801,826,EU,UA,UA-77,Chernivtsi,no,UKLN,CWC,UKLN,,Europe/Kyiv
6483,UKLR,medium_airport,Rivne International Airport,50.607101,26.1416,755,EU,UA,UA-19,Rivne,no,UKLR,RWN,UKLR,,Europe/Kyiv
6485,UKLU,medium_airport,Uzhhorod International Airport,48.6343,22.263399,383,EU,UA,UA-21,Uzhhorod,no,UKLU,UDJ,UKLU,,Europe/Bratislava
32534,UKOH,medium_airport,Kherson International Airport,46.6758,32.506401,148,EU,UA,UA-65,Kherson,no,UKOH,KHE,UKOH,,Europe/Kyiv
6486,UKON,medium_airport,Mykolaiv International Airport [CLOSED],47.057899,31.9198,184,EU,UA,UA-48,Mykolaiv,no,UKON,NLV,UKON,,Europe/Kyiv
6487,UKOO,large_airport,Odesa International Airport,46.427196,30.672649,172,EU,UA,UA-51,Odesa,no,UKOO,ODS,,,Europe/Kyiv
30535,UKWW,medium_airport,Vinnytsia/Gavyryshivka International Airport,49.242531,28.613778,961,EU,UA,UA-05,Vinnitsa,no,UKWW,VIN,UKWW,,Europe/Kyiv
6488,ULAA,medium_airport,Talagi Airport,64.60030364990234,40.71670150756836,62,EU,RU,RU-ARK,Archangelsk,yes,ULAA,ARH,ULAA,,Europe/Moscow
35124,ULAH,medium_airport,Vaskovo Airport,64.441704,40.4217,82,EU,RU,RU-ARK,Arkhangelsk,no,,VKV,ULAH,ULAH,Europe/Moscow
44768,ULAL,small_airport,Leshukonskoye Airport,64.896004,45.723,220,EU,RU,RU-ARK,Leshukonskoye,yes,ULAL,LDG,ULAL,,Europe/Moscow
32040,ULAM,medium_airport,Naryan Mar Airport,67.639999,53.121899,36,EU,RU,RU-NEN,Naryan Mar,yes,ULAM,NNM,ULAM,,Europe/Moscow
42918,ULAS,small_airport,Solovki Airport,65.029996,35.730558,60,EU,RU,RU-ARK,Solovetsky Islands,yes,,CSH,ULAS,ULAS,Europe/Moscow
30643,ULDD,medium_airport,Amderma Airport,69.763712,61.556711,13,EU,RU,RU-NEN,Amderma,yes,ULDD,AMV,ULDD,XLDD,Europe/Moscow
31780,ULKK,medium_airport,Kotlas Airport,61.235801696777344,46.6974983215332,184,EU,RU,RU-ARK,Kotlas,yes,ULKK,KSZ,ULKK,,Europe/Moscow
6489,ULLI,large_airport,Pulkovo Airport,59.800301,30.262501,78,EU,RU,RU-SPE,St. Petersburg,yes,ULLI,LED,ULLI,,Europe/Moscow
34932,ULLP,medium_airport,Pushkin Airport,59.685001,30.338301,230,EU,RU,RU-SPE,St. Petersburg,no,,,ULLP,,Europe/Moscow
6490,ULMM,large_airport,Emperor Nicholas II Murmansk Airport,68.7817,32.750801,266,EU,RU,RU-MUR,Murmansk,yes,ULMM,MMK,ULMM,,Europe/Moscow
6491,ULOO,medium_airport,Princess Olga Pskov International Airport,57.781316,28.39384,154,EU,RU,RU-PSK,Pskov,yes,ULOO,PKV,ULOO,XLOO,Europe/Moscow
6492,ULPB,medium_airport,Petrozavodsk Airport,61.885201,34.154701,151,EU,RU,RU-KR,Petrozavodsk,yes,ULPB,PES,ULPB,XLPB,Europe/Moscow
43334,ULPP,medium_airport,Peski Airfield,61.831944,34.295555,154,EU,RU,RU-KR,Petrozavodsk,no,ULPP,,ULPP,,Europe/Moscow
30819,ULWC,medium_airport,Cherepovets Airport,59.273601532,38.015800476100004,377,EU,RU,RU-VLG,Cherepovets,yes,ULWC,CEE,ULWC,,Europe/Moscow
42994,ULWU,medium_airport,Velikiy Ustyug Airport,60.7883,46.259998,331,AS,RU,RU-VLG,Velikiy Ustyug,yes,ULWU,VUS,ULWU,,Europe/Moscow
32571,ULWW,medium_airport,Vologda Airport,59.282501,39.944401,387,EU,RU,RU-VLG,Vologda,no,ULWW,VGD,ULWW,,Europe/Moscow
6495,UMBB,large_airport,Brest International Airport,52.108138,23.89676,468,EU,BY,BY-BR,Brest,yes,UMBB,BQT,UMBB,,Europe/Minsk
6496,UMGG,medium_airport,Gomel Airport,52.527000427246094,31.016700744628906,472,EU,BY,BY-HO,Gomel,yes,UMGG,GME,UMGG,,Europe/Minsk
6497,UMII,medium_airport,Vitebsk Vostochny Airport,55.126499176025,30.349599838257,682,EU,BY,BY-VI,Vitebsk,no,UMII,VTB,UMII,,Europe/Minsk
6498,UMKK,large_airport,Khrabrovo Airport,54.89161,20.598559,42,EU,RU,RU-KGD,Kaliningrad,yes,UMKK,KGD,UMKK,,Europe/Kaliningrad
44338,UMMA,medium_airport,Baranavichi Air Base,53.099998,26.049999,,EU,BY,BY-BR,Baranavichi,no,,,UMMA,,Europe/Minsk
6499,UMMG,medium_airport,Hrodna Airport,53.602001,24.053801,443,EU,BY,BY-HR,Hrodna,no,UMMG,GNA,UMMG,,Europe/Minsk
6501,UMMS,large_airport,Minsk National Airport,53.888071,28.039964,670,EU,BY,BY-MI,Minsk,yes,UMMS,MSQ,UMMS,,Europe/Minsk
44375,UMNB,medium_airport,Babruisk Air Base,53.105,29.205,502,EU,BY,BY-MA,Babruisk,no,,,UMNB,,Europe/Minsk
6502,UMOO,medium_airport,Mogilev Airport,53.954898834228516,30.09510040283203,637,EU,BY,BY-MA,Mogilev,yes,UMOO,MVQ,UMOO,,Europe/Minsk
6503,UNAA,large_airport,Abakan International Airport,53.740002,91.385002,831,AS,RU,RU-KK,Abakan,yes,UNAA,ABA,UNAA,,Asia/Krasnoyarsk
6504,UNBB,large_airport,Barnaul Gherman Titov International Airport,53.361285,83.539701,837,AS,RU,RU-ALT,Barnaul,yes,UNBB,BAX,UNBB,,Asia/Barnaul
42913,UNBG,medium_airport,Gorno-Altaysk Airport,51.969204,85.836539,965,EU,RU,RU-AL,Gorno-Altaysk,no,UNBG,RGK,UNBG,,Asia/Barnaul
6505,UNEE,large_airport,Alexei Leonov Kemerovo International Airport,55.2701,86.107201,863,AS,RU,RU-KEM,Kemerovo,yes,UNEE,KEJ,UNEE,,Asia/Novokuznetsk
42951,UNIB,medium_airport,Baykit Airport,61.676701,96.355003,853,AS,RU,RU-KYA,Baykit,no,,BKA,UNIB,,Asia/Krasnoyarsk
30995,UNII,medium_airport,Yeniseysk Airport,58.474201,92.112503,253,AS,RU,RU-KYA,Yeniseysk,yes,UNII,EIE,UNII,,Asia/Krasnoyarsk
42955,UNIP,medium_airport,Podkamennaya Tunguska Airport,61.589699,89.994003,213,AS,RU,RU-KYA,Bor,no,UNIP,TGP,UNIP,,Asia/Krasnoyarsk
42956,UNIS,medium_airport,Severo-Yeniseysk Airport,60.373299,93.011703,1706,AS,RU,RU-KYA,Severo-Yeniseysk,yes,UNIS,VEO,UNIS,,Asia/Krasnoyarsk
32543,UNIT,small_airport,Tura Mountain Airport,64.333511,100.432892,2044,AS,RU,RU-KYA,Tura,yes,UNIT,GOY,UNIT,,Asia/Krasnoyarsk
32544,UNIW,medium_airport,Vanavara Airport,60.356229,102.309641,892,AS,RU,RU-KYA,Vanavara,yes,UNIW,VAQ,UNIW,,Asia/Krasnoyarsk
6506,UNKL,large_airport,Krasnoyarsk International Airport,56.175743,92.485788,942,AS,RU,RU-KYA,Krasnoyarsk,yes,UNKL,KJA,UNKL,,Asia/Krasnoyarsk
44425,UNKM,medium_airport,Krasnoyarsk Cheremshanka Airport,56.177584,92.545881,833,AS,RU,RU-KYA,Krasnoyarsk,yes,UNKM,KCY,UNKM,,Asia/Krasnoyarsk
30616,UNKS,medium_airport,Achinsk Airport,56.269185,90.57511,1033,AS,RU,RU-KYA,Achinsk,no,UNKS,ACS,UNKS,,Asia/Krasnoyarsk
31793,UNKY,medium_airport,Kyzyl Airport,51.669399,94.400597,2123,AS,RU,RU-TY,Kyzyl,yes,UNKY,KYZ,UNKY,,Asia/Krasnoyarsk
42974,UNNE,medium_airport,Yeltsovka Airport,55.0924,83.004501,617,AS,RU,RU-NVS,Novosibirsk,no,,,UNNE,,Asia/Novosibirsk
6507,UNNT,large_airport,Novosibirsk Tolmachevo Airport,55.019756,82.618675,365,EU,RU,RU-NVS,Novosibirsk,yes,UNNT,OVB,UNNT,,Asia/Novosibirsk
6508,UNOO,large_airport,Omsk Central Airport,54.963124,73.312418,311,AS,RU,RU-OMS,Omsk,yes,UNOO,OMS,UNOO,,Asia/Omsk
44356,UNOS,medium_airport,Omsk Severny Airport,54.974998,73.555,380,AS,RU,RU-OMS,Omsk,no,,,UNOS,,Asia/Omsk
32546,UNSS,medium_airport,Strezhevoy Airport,60.7094,77.660004,164,AS,RU,RU-TOM,Strezhevoy,no,UNSS,SWT,UNSS,,Asia/Tomsk
32468,UNTT,large_airport,Tomsk Kamov Airport,56.380299,85.208298,597,AS,RU,RU-TOM,Tomsk,yes,UNTT,TOF,UNTT,,Asia/Tomsk
32045,UNWW,medium_airport,Spichenkovo Airport,53.811401,86.877197,1024,AS,RU,RU-KEM,Novokuznetsk,yes,UNWW,NOZ,UNWW,,Asia/Novokuznetsk
42953,UODD,medium_airport,Dikson Airport,73.517807,80.379669,47,AS,RU,RU-KYA,Dikson,no,UODD,DKS,UODD,,Asia/Krasnoyarsk
35041,UODN,medium_airport,Nagurskoye Airfield,80.803207,47.663586,59,AS,RU,RU-ARK,Alexandra Land,no,UODN,,UODN,,Europe/Moscow
6509,UOHH,medium_airport,Khatanga Airport,71.97810363769531,102.49099731445312,95,AS,RU,RU-KYA,Khatanga,yes,UOHH,HTG,UOHH,,Asia/Krasnoyarsk
42958,UOIG,medium_airport,Svetlogorsk Airport,66.839996,88.403336,394,AS,RU,RU-KYA,Svetlogorsk,no,,SES,UOIG,,Asia/Krasnoyarsk
31660,UOII,medium_airport,Igarka Airport,67.437202,86.621902,82,AS,RU,RU-KYA,Igarka,yes,UOII,IAA,UOII,,Asia/Krasnoyarsk
6510,UOOO,large_airport,Alykel International Airport,69.307951,87.325906,574,AS,RU,RU-KYA,Norilsk,yes,UOOO,NSK,UOOO,,Asia/Krasnoyarsk
32547,UOTT,small_airport,Turukhansk Airport,65.797203,87.935303,128,AS,RU,RU-KYA,Turukhansk,yes,UOTT,THX,UOTT,,Asia/Krasnoyarsk
6511,URKA,medium_airport,Anapa Vityazevo Airport,45.002102,37.347301,174,EU,RU,RU-KDA,Krasnyi Kurgan,no,URKA,AAQ,URKA,XRKA,Europe/Moscow
31522,URKG,medium_airport,Gelendzhik Airport,44.5820926295,38.0124807358,98,EU,RU,RU-KDA,Gelendzhik,yes,URKG,GDZ,URKG,,Europe/Moscow
6512,URKK,large_airport,Krasnodar Pashkovsky International Airport,45.034465,39.174215,118,EU,RU,RU-KDA,Krasnodar,yes,URKK,KRR,URKK,,Europe/Moscow
42924,URMG,large_airport,Akhmat Kadyrov Grozny International Airport,43.388106,45.699772,548,AS,RU,RU-CE,Grozny,yes,URMG,GRV,URMG,,Europe/Moscow
6513,URML,large_airport,Makhachkala Uytash International Airport,42.816799,47.652302,12,AS,RU,RU-DA,Makhachkala,yes,URML,MCX,URML,,Europe/Moscow
6514,URMM,large_airport,Mineralnye Vody Airport,44.225101,43.081902,1054,EU,RU,RU-STA,Mineralnyye Vody,yes,URMM,MRV,URMM,,Europe/Moscow
6515,URMN,medium_airport,Nalchik Airport,43.512901,43.6366,1461,EU,RU,RU-KB,Nalchik,yes,URMN,NAL,URMN,,Europe/Moscow
6516,URMO,medium_airport,Vladikavkaz Beslan International Airport,43.205101,44.606602,1673,EU,RU,RU-SE,Beslan,yes,URMO,OGZ,URMO,,Europe/Moscow
43689,URMS,medium_airport,Magas Airport,43.323268,45.012568,1165,AS,RU,RU-IN,Sunzha,yes,URMS,IGT,URMS,,Europe/Moscow
6517,URMT,medium_airport,Stavropol Shpakovskoye Airport,45.10919952392578,42.11280059814453,1486,EU,RU,RU-STA,Stavropol,yes,URMT,STW,URMT,,Europe/Moscow
42954,UROD,medium_airport,Dudinka Airport,69.375,86.15667,82,AS,RU,RU-KYA,Dudinka,no,,,UROD,,Asia/Krasnoyarsk
326363,URRP,large_airport,Platov International Airport,47.493888,39.924722,213,EU,RU,RU-ROS,Rostov-on-Don,no,URRP,ROV,URRP,,Europe/Moscow
44865,URRT,medium_airport,Taganrog Yuzhny Airport,47.198333,38.849167,117,EU,RU,RU-ROS,Taganrog,no,,TGK,XRRT,URRT,Europe/Moscow
6519,URSS,large_airport,Sochi International Airport,43.449902,39.9566,89,EU,RU,RU-KDA,Sochi,yes,URSS,AER,URSS,,Europe/Moscow
6520,URWA,large_airport,Astrakhan Narimanovo Boris M. Kustodiev International Airport,46.282843,48.010511,-65,AS,RU,RU-AST,Astrakhan,yes,URWA,ASF,URWA,,Europe/Astrakhan
6521,URWI,medium_airport,Elista Airport,46.373901,44.330898,501,EU,RU,RU-KL,Elista,yes,URWI,ESL,URWI,,Europe/Moscow
6522,URWW,large_airport,Volgograd International Airport,48.78134,44.339194,482,EU,RU,RU-VGG,Volgograd,yes,URWW,VOG,URWW,,Europe/Volgograd
325489,US-0719,heliport,Manele Heliport,20.745933,-156.913039,475,OC,US,US-HI,Lanai,yes,,,HI02,HI02,Pacific/Honolulu
506004,US-7494,heliport,Point Retreat CG Light Station Helipad,58.41066,-134.954772,26,NA,US,US-AK,Admiralty Island,yes,,,,,
524547,US-8448,heliport,Akutan Seaplane Base Heliport,54.134358,-165.778048,10,NA,US,US-AK,Akutan,yes,,,,,
524739,US-8450,small_airport,Pilot Station Airport,61.96169,-162.941944,473,NA,US,US-AK,Pilot Station,yes,,PQS,0AK,0AK,
533670,US-8513,heliport,Hutchinson Health Heliport,44.876155,-94.371438,1075,NA,US,US-MN,Hutchinson,yes,,,71MN,71MN,
26370,USCC,large_airport,Kurchatov Chelyabinsk International Airport,55.303141,61.504927,769,AS,RU,RU-CHE,Chelyabinsk,yes,USCC,CEK,USCC,,Asia/Yekaterinburg
26371,USCM,large_airport,Magnitogorsk International Airport,53.391991,58.755235,1430,AS,RU,RU-BA,Magnitogorsk,yes,USCM,MQF,USCM,,Asia/Yekaterinburg
327554,USDA,medium_airport,Sabetta International Airport,71.219167,72.052222,46,AS,RU,RU-YAN,Sabetta,yes,USDA,SBT,USDA,,Asia/Yekaterinburg
343470,USDB,medium_airport,Bovanenkovo Airport,70.315278,68.333611,24,AS,RU,RU-YAN,Bovanenkovo,yes,USDB,BVJ,USDB,,Asia/Yekaterinburg
26372,USDD,medium_airport,Salekhard Airport,66.5907974243164,66.61100006103516,218,AS,RU,RU-YAN,Salekhard,yes,USDD,SLY,USDD,,Asia/Yekaterinburg
44669,USDO,small_airport,Tolka Airport,63.987808,82.050889,92,AS,RU,RU-YAN,Tolka,yes,USDO,,USDO,USDO,Asia/Yekaterinburg
43693,USHB,medium_airport,Berezovo Airport,63.92100143432617,65.03050231933594,98,AS,RU,RU-KHM,,no,,EZV,USHB,,Asia/Yekaterinburg
26373,USHH,medium_airport,Khanty Mansiysk Airport,61.0285,69.086098,76,AS,RU,RU-KHM,Khanty-Mansiysk,yes,USHH,HMA,USHH,,Asia/Yekaterinburg
44617,USHL,small_airport,Lugovoy Airport,59.725122,65.833281,,AS,RU,RU-KHM,Lugovoy,yes,USHL,,USHL,,Asia/Yekaterinburg
42944,USHN,medium_airport,Nyagan Airport,62.110001,65.614998,361,EU,RU,RU-KHM,Nyagan,yes,USHN,NYA,USHN,,Asia/Yekaterinburg
43692,USHQ,medium_airport,Beloyarskiy Airport,63.686901,66.698601,82,EU,RU,RU-KHM,,yes,USHQ,EYK,USHQ,,
32554,USHS,medium_airport,Sovetskiy Airport,61.326622009277344,63.60191345214844,351,AS,RU,RU-KHM,Sovetskiy,yes,USHS,OVS,USHS,,Asia/Yekaterinburg
32548,USHU,medium_airport,Uray Airport,60.103298,64.826698,190,AS,RU,RU-KHM,Uray,yes,USHU,URJ,USHU,,Asia/Yekaterinburg
31670,USII,medium_airport,Izhevsk Airport,56.834524,53.462172,531,AS,RU,RU-UD,Izhevsk,yes,USII,IJK,USII,,Europe/Samara
42945,USKK,medium_airport,Pobedilovo Airport,58.503883,49.347831,479,EU,RU,RU-KIR,Kirov,yes,USKK,KVX,USKK,,Europe/Kirov
35175,USMM,medium_airport,Nadym Airport,65.48090362548828,72.69889831542969,49,AS,RU,RU-YAN,Nadym,yes,USMM,NYM,USMM,,Asia/Yekaterinburg
32057,USMU,medium_airport,Novy Urengoy Airport,66.06939697265625,76.52030181884766,210,AS,RU,RU-YAN,Novy Urengoy,yes,USMU,NUX,USMU,,Asia/Yekaterinburg
26374,USNN,large_airport,Nizhnevartovsk Airport,60.949299,76.483597,177,AS,RU,RU-KHM,Nizhnevartovsk,yes,USNN,NJC,USNN,,Asia/Yekaterinburg
26375,USPP,large_airport,Perm International Airport,57.914501,56.021198,404,AS,RU,RU-PER,Perm,yes,USPP,PEE,USPP,,Asia/Yekaterinburg
26376,USRK,medium_airport,Kogalym International Airport,62.190399169921875,74.53379821777344,220,AS,RU,RU-KHM,Kogalym,yes,USRK,KGP,USRK,,Asia/Yekaterinburg
42943,USRN,medium_airport,Nefteyugansk Airport,61.108299,72.650002,115,AS,RU,RU-KHM,Nefteyugansk,no,,NFG,USRN,,Asia/Yekaterinburg
35176,USRO,medium_airport,Noyabrsk Airport,63.18330001831055,75.2699966430664,446,AS,RU,RU-YAN,Noyabrsk,yes,USRO,NOJ,USRO,,Asia/Yekaterinburg
26377,USRR,large_airport,Surgut International Airport,61.340501,73.405782,200,AS,RU,RU-KHM,Surgut,yes,USRR,SGC,USRR,,Asia/Yekaterinburg
42985,USSK,medium_airport,Uktus Airport,56.701698,60.790001,643,EU,RU,RU-SVE,Yekaterinburg,no,,,USSK,XSSK,Asia/Yekaterinburg
26378,USSS,large_airport,Koltsovo Airport,56.743099212646,60.802700042725,764,AS,RU,RU-SVE,Yekaterinburg,yes,USSS,SVX,USSS,,Asia/Yekaterinburg
342469,USTJ,medium_airport,Tobolsk Remezov Airport,58.059712,68.347997,167,AS,RU,RU-TYU,Tobolsk,yes,USTJ,RMZ,USTJ,,
26379,USTR,large_airport,Roshchino International Airport,57.178984,65.327696,378,AS,RU,RU-TYU,Tyumen,yes,USTR,TJM,USTR,,Asia/Yekaterinburg
31773,USUU,medium_airport,Kurgan Airport,55.4753,65.415604,240,AS,RU,RU-KGN,Kurgan,yes,USUU,KRO,USUU,,Asia/Yekaterinburg
6392,UT1G,medium_airport,Ashgabat Bezmein Air Base,38.012001,58.195,920,AS,TM,TM-S,Ashgabat,no,,,,,
6393,UT1H,closed,Balkanabat Airport,39.480598,54.366001,5,AS,TM,TM-B,Balkanabat,yes,,,,,
26380,UTAA,large_airport,Ashgabat International Airport,37.986801,58.361,692,AS,TM,TM-S,Ashgabat,yes,UTAA,ASB,UTAA,,Asia/Ashgabat
26381,UTAK,medium_airport,Turkmenbaşy International Airport,40.062833,53.005085,279,AS,TM,TM-B,Turkmenbaşy,yes,UTAK,KRW,UTAK,,Asia/Ashgabat
26382,UTAM,medium_airport,Mary International Airport,37.62353,61.895668,728,AS,TM,TM-M,Mary,yes,UTAM,MYP,UTAM,,Asia/Ashgabat
26383,UTAT,large_airport,Dashoguz International Airport,41.759853,59.836149,272,AS,TM,TM-D,Daşoguz,yes,UTAT,TAZ,UTAT,,Asia/Ashgabat
26384,UTAV,large_airport,Türkmenabat International Airport,38.930662,63.563982,649,AS,TM,TM-L,Türkmenabat,yes,UTAV,CRZ,UTAV,,Asia/Ashgabat
26385,UTDD,large_airport,Dushanbe International Airport,38.543746,68.822977,2575,AS,TJ,TJ-DU,Dushanbe,yes,UTDD,DYU,UTDD,,Asia/Dushanbe
6377,UTDK,large_airport,Kulob International Airport,37.988098,69.805,2293,AS,TJ,TJ-KT,Kulob,yes,UTDK,TJU,UTDK,,Asia/Dushanbe
26386,UTDL,large_airport,Khujand International Airport,40.215401,69.694702,1450,AS,TJ,TJ-SU,Khujand,yes,UTDL,LBD,UTDL,,Asia/Dushanbe
32556,UTDT,large_airport,Bokhtar International Airport,37.866315,68.864475,1473,AS,TJ,TJ-KT,Bokhtar,yes,UTDT,KQT,UTDT,,Asia/Dushanbe
32038,UTFN,large_airport,Namangan International Airport,40.984622,71.5578,1555,AS,UZ,UZ-NG,Namangan,yes,UZFN,NMA,UZFN,,Asia/Tashkent
30672,UTKA,medium_airport,Andijan International Airport,40.727699,72.293999,1515,AS,UZ,UZ-AN,Andijan,yes,UZFA,AZN,UZFA,,Asia/Tashkent
31118,UTKF,medium_airport,Fergana International Airport,40.358799,71.745003,1980,AS,UZ,UZ-FA,Fergana,yes,UZFF,FEG,UZFF,,Asia/Tashkent
32013,UTNN,large_airport,Nukus International Airport,42.4884,59.623299,246,AS,UZ,UZ-QR,Nukus,yes,UZNN,NCU,UZNN,,Asia/Samarkand
26387,UTNU,large_airport,Urgench International Airport,41.58274,60.64338,320,AS,UZ,UZ-XO,Urgench,yes,UZNU,UGC,UZNU,,Asia/Samarkand
32561,UTSA,medium_airport,Navoi International Airport,40.117599,65.172658,1140,AS,UZ,UZ-NW,Navoi,yes,UZSA,NVI,UZSA,,Asia/Samarkand
26388,UTSB,large_airport,Bukhara International Airport,39.775319,64.482279,751,AS,UZ,UZ-BU,Bukhara,yes,UZSB,BHK,UZSB,,Asia/Samarkand
26417,UTSK,small_airport,Karshi Airport,38.802246,65.773068,1230,AS,UZ,UZ-QA,Karshi,yes,UZSK,KSQ,UZSK,UT1N,Asia/Samarkand
26390,UTSS,large_airport,Samarkand International Airport,39.701842,66.981467,2224,AS,UZ,UZ-SA,Samarkand,yes,UZSS,SKD,UZSS,,Asia/Samarkand
26391,UTST,medium_airport,Termez Airport,37.287261,67.311869,1027,AS,UZ,UZ-SU,Termez,yes,UZST,TMJ,UZST,,Asia/Samarkand
41687,UTTP,medium_airport,Tashkent-Khumo International Airport,41.312889,69.395535,1574,AS,UZ,UZ-TO,Tashkent,yes,UZTP,TVT,UZTP,,Asia/Tashkent
26392,UTTT,large_airport,Tashkent International Airport,41.2579,69.281197,1417,AS,UZ,UZ-TO,Tashkent,yes,UZTT,TAS,UZTT,,Asia/Tashkent
598248,UTTZ,medium_airport,Zomin Airport,40.01402,68.41103,1760,AS,UZ,UZ-JI,Zomin,yes,UZTZ,OMN,UZTZ,,Asia/Tashkent
31761,UUBA,medium_airport,Kostroma Sokerkino Airport,57.796902,41.019402,446,EU,RU,RU-KOS,Kostroma,yes,UUBA,KMW,UUBA,,Europe/Moscow
42934,UUBC,medium_airport,Grabtsevo Airport,54.5499992371,36.3666687012,656,EU,RU,RU-KLU,Kaluga,no,UUBC,KLF,UUBC,,Europe/Moscow
31690,UUBI,medium_airport,Ivanovo South Airport,56.93939971923828,40.940799713134766,410,EU,RU,RU-IVA,Ivanovo,yes,UUBI,IWA,UUBI,,Europe/Moscow
32241,UUBK,medium_airport,Staroselye Airport,58.104198,38.929401,423,EU,RU,RU-YAR,Rybinsk,no,,RYB,XUBK,UUBK,Europe/Moscow
26393,UUBP,medium_airport,Bryansk International Airport,53.214403,34.175965,663,EU,RU,RU-BRY,Bryansk,no,UUBP,BZK,UUBP,,Europe/Moscow
42967,UUBW,large_airport,Zhukovsky International Airport,55.553299,38.150002,377,EU,RU,RU-MOS,Moscow,yes,UUBW,ZIA,UUBW,,Europe/Moscow
26394,UUDD,large_airport,Domodedovo International Airport,55.408798,37.9063,588,EU,RU,RU-MOS,Moscow,yes,UUDD,DME,UUDD,,Europe/Moscow
26395,UUDL,large_airport,Golden Ring Yaroslavl International Airport,57.560699,40.157398,287,EU,RU,RU-YAR,Tunoshna,yes,UUDL,IAR,UUDL,,Europe/Moscow
26396,UUEE,large_airport,Sheremetyevo International Airport,55.976858,37.41121,622,EU,RU,RU-MOS,Moscow,yes,UUEE,SVO,UUEE,,Europe/Moscow
26397,UUEM,medium_airport,Migalovo Air Base,56.82469940185547,35.7577018737793,469,EU,RU,RU-TVE,Tver,no,UUEM,KLD,UUEM,,Europe/Moscow
42968,UUMT,medium_airport,Tretyakovo Airport,54.904999,39.026669,515,EU,RU,RU-MOS,Lukhovitsy,no,,,UUMT,,Europe/Moscow
34969,UUMU,medium_airport,Chkalovskiy Air Base,55.8783,38.061699,499,EU,RU,RU-MOS,Moscow,no,UUMU,CKL,UUMU,,Europe/Moscow
26398,UUOB,medium_airport,Belgorod International Airport,50.643799,36.590099,735,EU,RU,RU-BEL,Belgorod,no,UUOB,EGO,UUOB,,Europe/Moscow
26399,UUOK,medium_airport,Kursk East Airport,51.750599,36.295601,686,EU,RU,RU-KRS,Kursk,no,UUOK,URS,UUOK,XUOK,Europe/Moscow
31846,UUOL,medium_airport,Lipetsk Airport,52.702801,39.5378,584,EU,RU,RU-LIP,Lipetsk,no,UUOL,LPK,UUOL,,Europe/Moscow
26400,UUOO,medium_airport,Voronezh International Airport,51.814324,39.230948,514,EU,RU,RU-VOR,Voronezh,yes,UUOO,VOZ,UUOO,,Europe/Moscow
32427,UUOT,medium_airport,Donskoye Airport,52.806099,41.4828,413,EU,RU,RU-TAM,Tambov,no,UUOT,TBW,UUOT,,Europe/Moscow
26401,UUWW,large_airport,Vnukovo International Airport,55.591499,37.261501,685,EU,RU,RU-MOW,Moscow,yes,UUWW,VKO,UUWW,,Europe/Moscow
32506,UUYH,medium_airport,Ukhta Airport,63.566898,53.804699,482,AS,RU,RU-KO,Ukhta,yes,UUYH,UCT,UUYH,,Europe/Moscow
42946,UUYI,medium_airport,Inta Airport,66.053372,60.105786,184,EU,RU,RU-KO,Inta,no,UUYI,INA,UUYI,,Europe/Moscow
42950,UUYK,medium_airport,Vuktyl Airport,63.823299,57.279999,358,AS,RU,RU-KO,Vuktyl,no,,,UUYK,,Europe/Moscow
32154,UUYP,medium_airport,Pechora Airport,65.121101,57.130798,98,EU,RU,RU-KO,Pechora,yes,UUYP,PEX,UUYP,,Europe/Moscow
32555,UUYS,medium_airport,Usinsk Airport,66.0047,57.367199,262,AS,RU,RU-KO,Usinsk,yes,UUYS,USK,UUYS,,Europe/Moscow
42947,UUYV,medium_airport,Izhma Airport,65.0317,53.970001,230,AS,RU,RU-KO,Izhma,no,,,UUYV,,Europe/Moscow
32581,UUYW,medium_airport,Vorkuta Airport,67.488602,63.993099,604,AS,RU,RU-KO,Vorkuta,yes,UUYW,VKT,UUYW,,Europe/Moscow
42949,UUYX,medium_airport,Ust-Tsylma Airport,65.437294,52.200336,262,AS,RU,RU-KO,Ust-Tsylma,no,UUYX,UTS,UUYX,,Europe/Moscow
26402,UUYY,medium_airport,Syktyvkar Airport,61.64699935913086,50.84510040283203,342,EU,RU,RU-KO,Syktyvkar,yes,UUYY,SCW,UUYY,,Europe/Moscow
26403,UWGG,large_airport,Nizhny Novgorod / Strigino International Airport,56.227351,43.785152,256,EU,RU,RU-NIZ,Nizhny Novgorod,yes,UWGG,GOJ,UWGG,,Europe/Moscow
35174,UWKB,medium_airport,Bugulma Airport,54.641184,52.800229,991,AS,RU,RU-TA,Bugulma,yes,UWKB,UUA,UWKB,,Europe/Moscow
26404,UWKD,large_airport,Kazan International Airport,55.606201,49.278702,411,AS,RU,RU-TA,Kazan,yes,UWKD,KZN,UWKD,,Europe/Moscow
26405,UWKE,medium_airport,Begishevo Airport,55.564701,52.092499,643,AS,RU,RU-TA,Nizhnekamsk,yes,UWKE,NBC,UWKE,,Europe/Moscow
34954,UWKG,medium_airport,Borisoglebskoye Airport,55.866699,49.133301,213,AS,RU,RU-TA,Kazan,no,,,UWKG,,Europe/Moscow
31707,UWKJ,medium_airport,Yoshkar-Ola Airport,56.7006,47.904701,348,AS,RU,RU-ME,Yoshkar-Ola,no,UWKJ,JOK,UWKJ,,Europe/Moscow
26406,UWKS,medium_airport,Cheboksary Airport,56.090302,47.347301,558,AS,RU,RU-CU,Cheboksary,yes,UWKS,CSY,UWKS,,Europe/Moscow
35104,UWLL,medium_airport,Ulyanovsk Baratayevka Airport,54.27016,48.225569,449,EU,RU,RU-ULY,Ulyanovsk,yes,UWLL,ULV,UWLL,,Europe/Ulyanovsk
26407,UWLW,medium_airport,Ulyanovsk Vostochny Airport,54.401001,48.8027,252,AS,RU,RU-ULY,Cherdakly,yes,UWLW,ULY,UWLW,,Europe/Ulyanovsk
26408,UWOO,medium_airport,Orenburg Central Airport,51.792668,55.457229,387,AS,RU,RU-ORE,Orenburg,yes,UWOO,REN,UWOO,,Asia/Yekaterinburg
26409,UWOR,medium_airport,Orsk Airport,51.072498,58.5956,909,AS,RU,RU-ORE,Orsk,yes,UWOR,OSW,UWOR,,Asia/Yekaterinburg
32155,UWPP,medium_airport,Penza Airport,53.1106,45.021099,614,AS,RU,RU-PNZ,Penza,yes,UWPP,PEZ,UWPP,,Europe/Moscow
42965,UWPS,large_airport,Saransk International Airport,54.12513,45.212257,676,EU,RU,RU-MO,Saransk,yes,UWPS,SKX,UWPS,,Europe/Moscow
30804,UWSB,medium_airport,Balakovo Airport,51.858299,47.745602,95,AS,RU,RU-SAR,Balakovo,yes,UWSB,BWO,UWSB,,Europe/Saratov
339001,UWSG,large_airport,Gagarin International Airport,51.712778,46.171111,103,AS,RU,RU-SAR,Saratov,yes,UWSG,GSV,UWSG,,Europe/Saratov
26411,UWUU,large_airport,Ufa International Airport,54.557499,55.874401,449,EU,RU,RU-BA,Ufa,yes,UWUU,UFA,UWUU,,Asia/Yekaterinburg
43671,UWWB,medium_airport,Buguruslan Severny Airport,53.718399,52.371899,728,EU,RU,RU-ORE,Buguruslan,no,,,UWWB,,Asia/Yekaterinburg
44614,UWWG,medium_airport,Bezymyanka Airfield,53.220001,50.325001,135,EU,RU,RU-SAM,Samara,no,,,UWWG,XWWG,Europe/Samara
26412,UWWW,large_airport,Kurumoch International Airport,53.504902,50.164299,477,EU,RU,RU-SAM,Samara,yes,UWWW,KUF,UWWW,,Europe/Samara
313684,UZR,small_airport,Urzhar Airport,47.091786,81.668216,,AS,KZ,KZ-ABA,Urzhar,yes,UASU,UZR,UASU,,
3288,VA1G,medium_airport,"Rewa Airport, Chorhata, REWA",24.503401,81.220299,1000,AS,IN,IN-MP,Rewa,yes,VERW,REW,VA1G,VA1G,Asia/Kolkata
3296,VA1P,small_airport,Diu Airport,20.714185,70.921855,31,AS,IN,IN-DH,Diu,yes,VADU,DIU,VADU,VADU,Asia/Kolkata
3299,VA2C,medium_airport,Gondia Airport,21.526817,80.290347,987,AS,IN,IN-MM,Gondia,yes,VAGD,GDB,VAGD,VA2C,Asia/Kolkata
26431,VAAH,large_airport,Sardar Vallabh Patel International Airport,23.0772,72.634697,189,AS,IN,IN-GJ,Ahmedabad,yes,VAAH,AMD,VAAH,,Asia/Kolkata
26432,VAAK,medium_airport,Akola Airport,20.698931,77.056883,999,AS,IN,IN-MM,Akola,no,VAAK,AKD,VAAK,,Asia/Kolkata
26433,VAAU,medium_airport,Aurangabad Airport,19.862875,75.396312,1911,AS,IN,IN-MM,Aurangabad,yes,VAAU,IXU,VAAU,,Asia/Kolkata
26434,VABB,large_airport,Chhatrapati Shivaji Maharaj International Airport,19.088699,72.867897,39,AS,IN,IN-MM,Mumbai,yes,VABB,BOM,VABB,,Asia/Kolkata
26436,VABJ,medium_airport,Bhuj Airport,23.2877998352,69.6701965332,268,AS,IN,IN-GJ,Bhuj,yes,VABJ,BHJ,VABJ,,Asia/Kolkata
26437,VABM,medium_airport,Belagavi Airport,15.8593,74.618301,2487,AS,IN,IN-KA,Belgaum,yes,VOBM,IXG,VOBM,,Asia/Kolkata
26438,VABO,large_airport,Vadodara International Airport,22.336201,73.226303,129,AS,IN,IN-GJ,Vadodara,yes,VABO,BDQ,VABO,,Asia/Kolkata
26439,VABP,large_airport,Raja Bhoj International Airport,23.2875,77.337402,1711,AS,IN,IN-MP,Bhopal,yes,VABP,BHO,VABP,,Asia/Kolkata
26440,VABV,medium_airport,Bhavnagar Airport,21.752199173,72.1852035522,44,AS,IN,IN-GJ,Bhavnagar,yes,VABV,BHU,VABV,,Asia/Kolkata
26441,VADN,medium_airport,Daman Airport,20.434401,72.843201,33,AS,IN,IN-DH,Daman,no,VADN,NMB,VADN,,Asia/Kolkata
26445,VAHB,medium_airport,Hubballi Airport,15.361084,75.082096,2171,AS,IN,IN-KA,Hubballi,yes,VOHB,HBX,VOHB,,Asia/Kolkata
512065,VAHS,large_airport,Rajkot International Airport,22.378824,71.039391,647,AS,IN,IN-GJ,Rajkot,yes,VAHS,HSR,VAHS,,Asia/Kolkata
26446,VAID,large_airport,Devi Ahilya Bai Holkar International Airport,22.721404,75.80051,1850,AS,IN,IN-MP,Indore,yes,VAID,IDR,VAID,,Asia/Kolkata
26447,VAJB,medium_airport,Jabalpur Airport,23.177799,80.052002,1624,AS,IN,IN-MP,Jabalpur,yes,VAJB,JLR,VAJB,,Asia/Kolkata
3303,VAJL,small_airport,Jalgaon Airport,20.962678,75.627492,818,AS,IN,IN-MM,Jalgaon,yes,VAJL,JLG,VAJL,,
26448,VAJM,medium_airport,Jamnagar Airport,22.465499877929688,70.01260375976562,69,AS,IN,IN-GJ,Jamnagar,yes,VAJM,JGA,VAJM,,Asia/Kolkata
26449,VAKE,medium_airport,Kandla Airport,23.1127,70.100304,96,AS,IN,IN-GJ,Kandla,yes,VAKE,IXY,VAKE,,Asia/Kolkata
26450,VAKJ,medium_airport,Khajuraho Airport,24.8172,79.918602,728,AS,IN,IN-MP,Khajuraho,yes,VEKO,HJR,VEKO,,Asia/Kolkata
26451,VAKP,medium_airport,Kolhapur Airport,16.6647,74.289398,1996,AS,IN,IN-MM,Kolhapur,yes,VAKP,KLH,VAKP,,Asia/Kolkata
26452,VAKS,medium_airport,Keshod Airport,21.317101,70.270401,167,AS,IN,IN-GJ,Keshod,yes,VAKS,IXK,VAKS,,Asia/Kolkata
3341,VALT,medium_airport,Murod Kond Airport,18.411501,76.464699,2136,AS,IN,IN-MM,Latur,yes,VALT,LTU,VALT,,Asia/Kolkata
30180,VAND,medium_airport,Nanded Airport,19.1833,77.316704,1250,AS,IN,IN-MM,Nanded,yes,VAND,NDC,VOND,VOND,Asia/Kolkata
26453,VANP,large_airport,Dr. Babasaheb Ambedkar International Airport,21.092199,79.047203,1033,AS,IN,IN-MM,Nagpur,yes,VANP,NAG,VANP,,Asia/Kolkata
3301,VAOZ,large_airport,Nashik International Airport,20.119101,73.912903,1900,AS,IN,IN-MM,Nashik,yes,VAOZ,ISK,VAOZ,,Asia/Kolkata
26455,VAPO,large_airport,Pune International Airport,18.5821,73.919701,1942,AS,IN,IN-MM,Pune,yes,VAPO,PNQ,VAPO,,Asia/Kolkata
26456,VAPR,medium_airport,Porbandar Airport,21.649524,69.656405,23,AS,IN,IN-GJ,Porbandar,yes,VAPR,PBD,VAPR,,Asia/Kolkata
26457,VARG,medium_airport,Ratnagiri Airport,17.013599,73.327797,305,AS,IN,IN-MM,,no,VARG,RTC,VARG,,Asia/Kolkata
26458,VARK,medium_airport,Rajkot Airport,22.3092,70.779503,441,AS,IN,IN-GJ,Rajkot,no,VARK,RAJ,VARK,,Asia/Kolkata
26459,VARP,medium_airport,Swami Vivekananda Airport,21.180401,81.7388,1041,AS,IN,IN-CT,Raipur,yes,VERP,RPR,VERP,,Asia/Kolkata
327452,VASD,large_airport,Shirdi International Airport,19.689211,74.373655,1926,AS,IN,IN-MM,Kakadi,yes,VASD,SAG,VASD,,Asia/Kolkata
26460,VASL,medium_airport,Solapur Airport,17.6280002594,75.93479919430001,1584,AS,IN,IN-MM,Solapur,no,VASL,SSE,VASL,,Asia/Kolkata
26461,VASU,large_airport,Surat International Airport,21.115531,72.743251,16,AS,IN,IN-GJ,Surat,yes,VASU,STV,VASU,,Asia/Kolkata
26462,VAUD,medium_airport,Maharana Pratap Airport,24.617700576799997,73.89610290530001,1684,AS,IN,IN-RJ,Udaipur,yes,VAUD,UDR,VAUD,,Asia/Kolkata
26463,VCBI,large_airport,Bandaranaike International Colombo Airport,7.180759906768799,79.88410186767578,30,AS,LK,LK-1,Colombo,yes,VCBI,CMB,VCBI,,Asia/Colombo
26464,VCCA,medium_airport,Anuradhapura Airport,8.301542,80.42848,324,AS,LK,LK-7,Anuradhapura,no,VCCA,ACJ,VCCA,,Asia/Colombo
26465,VCCB,medium_airport,Batticaloa International Airport,7.705073,81.677163,20,AS,LK,LK-5,Batticaloa,yes,VCCB,BTC,VCCB,,Asia/Colombo
26466,VCCC,large_airport,Colombo Ratmalana International Airport,6.821638,79.885859,22,AS,LK,LK-1,Colombo,yes,VCCC,RML,VCCC,,Asia/Colombo
26467,VCCG,medium_airport,Ampara Airport,7.336745,81.623869,150,AS,LK,LK-5,Ampara,no,VCCG,ADP,VCCG,,Asia/Colombo
31927,VCCH,medium_airport,Hingurakgoda Air Force Base,8.04981,80.9814,170,AS,LK,LK-7,Polonnaruwa Town,no,VCCH,HIM,VCCH,,Asia/Colombo
26468,VCCJ,large_airport,Jaffna International Airport,9.79233,80.070099,33,AS,LK,LK-4,Jaffna,yes,VCCJ,JAF,VCCJ,,Asia/Colombo
26469,VCCK,medium_airport,Koggala Airport,5.993680000305176,80.32029724121094,10,AS,LK,LK-3,Galle,yes,VCCK,KCT,VCCK,,Asia/Colombo
26471,VCCT,medium_airport,China Bay Airport,8.539159,81.18128,6,AS,LK,LK-5,Trincomalee,yes,VCCT,TRR,VCCT,,Asia/Colombo
309579,VCRI,medium_airport,Mattala Rajapaksa International Airport,6.283878,81.124163,157,AS,LK,LK-3,Mattala,yes,VCRI,HRI,VCRI,VCRI,Asia/Colombo
26473,VDBG,medium_airport,Battambang Airport,13.0956,103.223999,59,AS,KH,KH-2,Battambang,yes,VDBG,BBM,VDBG,,Asia/Phnom_Penh
26475,VDPP,large_airport,Phnom Penh International Airport,11.547155,104.844699,40,AS,KH,KH-12,Phnom Penh (Pou Senchey),no,VDPP,PNH,VDPP,,Asia/Phnom_Penh
35306,VDRK,medium_airport,Ratanakiri Airport,13.729999542236328,106.98699951171875,,AS,KH,KH-16,Ratanakiri,no,VDRK,RBE,VDRK,,Asia/Phnom_Penh
513482,VDSA,large_airport,Siem Reap-Angkor International Airport,13.36974,104.223831,191,AS,KH,KH-17,Siem Reap,yes,VDSA,SAI,VDSA,,Asia/Phnom_Penh
26478,VDSV,large_airport,Sihanouk International Airport,10.570557,103.632067,33,AS,KH,KH-18,Preah Sihanouk,yes,VDSV,KOS,VDSV,,Asia/Phnom_Penh
609615,VE-0526,medium_airport,(Misplaced duplicate?)Aeropuerto internacional Simón bolivar,12.504223,20.81543,,NA,VE,VE-V,,no,,,,,
26488,VEAN,medium_airport,Along Airport,28.17530059814453,94.802001953125,900,AS,IN,IN-AR,,no,VEAN,IXV,VEAN,,Asia/Kolkata
26489,VEAT,medium_airport,Agartala - Maharaja Bir Bikram Airport,23.886999,91.240402,46,AS,IN,IN-TR,Agartala,yes,VEAT,IXA,VEAT,,Asia/Kolkata
26491,VEBD,large_airport,Bagdogra Airport,26.6812,88.328598,412,AS,IN,IN-WB,Siliguri,yes,VEBD,IXB,VEBD,,Asia/Kolkata
26492,VEBI,medium_airport,Shillong Airport,25.70359992980957,91.97869873046875,2910,AS,IN,IN-ML,Shillong,yes,VEBI,SHL,VEBI,,Asia/Kolkata
26545,VEBN,large_airport,Lal Bahadur Shastri International Airport,25.452171,82.862549,266,AS,IN,IN-UP,Varanasi,yes,VEBN,VNS,VEBN,,Asia/Kolkata
26494,VEBS,large_airport,Biju Patnaik International Airport,20.251021,85.814747,138,AS,IN,IN-OR,Bhubaneswar,yes,VEBS,BBI,VEBS,,Asia/Kolkata
26435,VEBU,medium_airport,Bilaspur Airport,21.9884,82.111,899,AS,IN,IN-CT,Bilaspur,yes,VEBU,PAB,VEBU,,Asia/Kolkata
26496,VECC,large_airport,Netaji Subhash Chandra Bose International Airport,22.654012,88.44765,16,AS,IN,IN-WB,Kolkata,yes,VECC,CCU,VECC,,Asia/Kolkata
26498,VEDB,medium_airport,Dhanbad Airport,23.834,86.425301,847,AS,IN,IN-BR,,no,VEDB,DBD,VEDB,,Asia/Kolkata
317982,VEDG,medium_airport,Kazi Nazrul Islam Airport,23.6225,87.243,300,AS,IN,IN-WB,Durgapur,yes,VEDG,RDP,VEDG,,
3319,VEDH,medium_airport,Darbhanga Airport,26.192801,85.916901,156,AS,IN,IN-BR,Darbhanga,yes,VEDH,DBR,VEDH,VEDH,Asia/Kolkata
312234,VEDO,small_airport,Deoghar Airport,24.446842,86.704955,361,AS,IN,IN-JH,Deoghar,yes,VEDO,DGH,VEDO,,Asia/Kolkata
26500,VEGK,medium_airport,Gorakhpur Airport,26.739700317399997,83.4496994019,259,AS,IN,IN-UP,Gorakhpur,yes,VEGK,GOP,VEGK,,Asia/Kolkata
26501,VEGT,large_airport,Lokpriya Gopinath Bordoloi International Airport,26.106654,91.585226,162,AS,IN,IN-AS,Guwahati,yes,VEGT,GAU,VEGT,,Asia/Kolkata
26502,VEGY,medium_airport,Gaya Airport,24.744301,84.951202,380,AS,IN,IN-BR,Gaya,yes,VEGY,GAY,VEGY,,Asia/Kolkata
3312,VEHX,medium_airport,Hashimara Air Force Station,26.698299,89.369102,340,AS,IN,IN-WB,Jalpaiguri,no,VEHX,,VEHX,VE44,
26504,VEIM,large_airport,Bir Tikendrajit International Airport,24.76,93.896698,2540,AS,IN,IN-MN,Imphal,yes,VEIM,IMF,VEIM,,Asia/Kolkata
26505,VEJH,small_airport,Jharsuguda Airport,21.9135,84.0504,751,AS,IN,IN-OR,,yes,VEJH,JRG,VEJH,,Asia/Kolkata
26506,VEJS,medium_airport,Sonari Airport,22.813706,86.168981,475,AS,IN,IN-JH,Jamshedpur,no,VEJS,IXW,VEJS,,Asia/Kolkata
26507,VEJT,medium_airport,Jorhat Airport,26.730456,94.175416,311,AS,IN,IN-AS,Jorhat,yes,VEJT,JRH,VEJT,,Asia/Kolkata
350147,VEKI,medium_airport,Kushinagar International Airport,26.776534,83.889214,266,AS,IN,IN-UP,Kushinagar,no,VEKI,KBK,VEKI,,Asia/Kolkata
26508,VEKR,medium_airport,Kailashahar Airport,24.308657,92.00768,79,AS,IN,IN-TR,Kailashahar,no,VEKR,IXH,VEKR,,Asia/Dhaka
26509,VEKU,medium_airport,Silchar Airport,24.9129009247,92.97869873050001,352,AS,IN,IN-AS,Silchar,yes,VEKU,IXS,VEKU,,Asia/Kolkata
26510,VELP,medium_airport,Lengpui Airport,23.840599,92.619698,1398,AS,IN,IN-MZ,Aizawl (Lengpui),yes,VELP,AJL,VELP,,Asia/Kolkata
26511,VELR,medium_airport,Lilabari North Lakhimpur Airport,27.295682,94.097266,330,AS,IN,IN-AS,Lilabari,yes,VELR,IXI,VELR,,Asia/Kolkata
26512,VEMN,medium_airport,Dibrugarh Airport,27.4839000702,95.0168991089,362,AS,IN,IN-AS,Dibrugarh,yes,VEMN,DIB,VEMN,,Asia/Kolkata
26513,VEMR,medium_airport,Dimapur Airport,25.883899688699998,93.77110290530001,487,AS,IN,IN-NL,Dimapur,yes,VEMR,DMU,VEMR,,Asia/Kolkata
26514,VEMZ,medium_airport,Muzaffarpur Airport,26.119101,85.313698,174,AS,IN,IN-BR,Muzaffarpur,no,VEMZ,MZU,VEMZ,,Asia/Kolkata
26516,VEPH,medium_airport,Panagarh Air Force Station,23.474300384499998,87.4274978638,240,AS,IN,IN-WB,,no,,,VEPH,,Asia/Kolkata
26517,VEPT,medium_airport,Jay Prakash Narayan Airport,25.591299,85.087997,170,AS,IN,IN-BR,Patna,yes,VEPT,PAT,VEPT,,Asia/Kolkata
26519,VERC,medium_airport,Birsa Munda Airport,23.314300537100003,85.3217010498,2148,AS,IN,IN-JH,Ranchi,yes,VERC,IXR,VERC,,Asia/Kolkata
26520,VERK,medium_airport,Rourkela Airport,22.256571,84.815193,659,AS,IN,IN-OR,Rourkela,no,VERK,RRK,VERK,,Asia/Kolkata
26521,VETZ,medium_airport,Tezpur Airport,26.7091007232666,92.78469848632812,240,AS,IN,IN-AS,,yes,VETZ,TEZ,VETZ,,Asia/Kolkata
26522,VEUK,medium_airport,Utkela Airport,20.097778,83.183333,685,AS,IN,IN-OR,Bhawanipatna,yes,VEUK,UKE,VEUK,,Asia/Kolkata
26523,VEVZ,medium_airport,INS Dega Airport (visakhapatnam international airport),17.723506,83.227729,15,AS,IN,IN-AP,Visakhapatnam,no,VOVZ,,VOVZ,,Asia/Kolkata
26524,VEZO,medium_airport,Ziro Airport,27.588301,93.828102,5403,AS,IN,IN-AR,Ziro,no,VEZO,ZER,VEZO,,Asia/Kolkata
26525,VGBR,medium_airport,Barisal Airport,22.801001,90.301201,23,AS,BD,BD-A,Barisal,yes,VGBR,BZL,VGBR,,Asia/Dhaka
26526,VGCB,medium_airport,Cox's Bazar Airport,21.457517,91.963263,12,AS,BD,BD-B,Cox's Bazar,yes,VGCB,CXB,VGCB,,Asia/Dhaka
26527,VGEG,large_airport,Shah Amanat International Airport,22.249599,91.813301,12,AS,BD,BD-B,Chattogram (Chittagong),yes,VGEG,CGP,VGEG,,Asia/Dhaka
26534,VGHS,large_airport,Hazrat Shahjalal International Airport,23.843347,90.397783,30,AS,BD,BD-C,Dhaka,yes,VGHS,DAC,VGHS,5500,Asia/Dhaka
26528,VGIS,medium_airport,Ishurdi Airport,24.1525,89.0494,45,AS,BD,BD-E,Ishurdi,no,VGIS,IRD,VGIS,,Asia/Dhaka
26529,VGJR,medium_airport,Jessore Airport,23.1838,89.160797,20,AS,BD,BD-D,Jashore (Jessore),yes,VGJR,JSR,VGJR,,Asia/Dhaka
26530,VGRJ,medium_airport,Shah Makhdum Airport,24.437201,88.616501,64,AS,BD,BD-E,Rajshahi,yes,VGRJ,RJH,VGRJ,,Asia/Dhaka
26531,VGSD,medium_airport,Saidpur Airport,25.759199,88.908897,125,AS,BD,BD-E,Saidpur,yes,VGSD,SPD,VGSD,,Asia/Dhaka
26532,VGSY,large_airport,Osmany International Airport,24.963993,91.864749,50,AS,BD,BD-G,Sylhet,yes,VGSY,ZYL,VGSY,,Asia/Dhaka
26535,VHHH,large_airport,Hong Kong International Airport,22.31184,113.914862,28,AS,HK,HK-NT,Hong Kong,yes,VHHH,HKG,VHHH,,Asia/Hong_Kong
26536,VHSK,medium_airport,Shek Kong Air Base,22.4366,114.080002,50,AS,HK,HK-NT,Islands,no,VHSK,,VHSK,,Asia/Hong_Kong
43192,VHST,heliport,Shun Tak Heliport,22.288868,114.152369,107,AS,HK,HK-HK,Central and Western,yes,VHSS,HHP,VHSS,,
25495,VI22,seaplane_base,Charlotte Amalie Harbor Seaplane Base,18.338204,-64.939675,,NA,VI,VI-ST,Charlotte Amalie,yes,,SPB,VI22,VI22,
25496,VI32,seaplane_base,Christiansted Harbor Seaplane Base,17.747908,-64.707928,,NA,VI,VI-SC,Christiansted,yes,,SSB,VI32,VI32,
26537,VIAG,medium_airport,Agra Airport / Agra Air Force Station,27.157975,77.961025,551,AS,IN,IN-UP,Agra,yes,VIAG,AGR,VIAG,,Asia/Kolkata
26538,VIAL,medium_airport,Prayagraj Airport,25.4401,81.733902,322,AS,IN,IN-UP,Allahabad,yes,VEAB,IXD,VEAB,VEAB,Asia/Kolkata
26539,VIAM,medium_airport,Ambala Air Force Station,30.368099,76.816704,909,AS,IN,IN-HR,Ambala,no,,,VIAM,VI18,Asia/Kolkata
26540,VIAR,large_airport,Sri Guru Ram Das Ji International Airport,31.7096,74.797302,756,AS,IN,IN-PB,Amritsar,yes,VIAR,ATQ,VIAR,,Asia/Kolkata
26542,VIAX,small_airport,Adampur Airport,31.4338,75.758797,775,AS,IN,IN-PB,Adampur,yes,VIAX,AIP,VIAX,,Asia/Kolkata
26543,VIBK,medium_airport,Nal Airport,28.070601,73.207199,750,AS,IN,IN-RJ,Bikaner,no,VIBK,BKB,VIBK,,Asia/Kolkata
26546,VIBR,medium_airport,Kullu Manali Airport,31.876699,77.154404,3573,AS,IN,IN-HP,Bhuntar,yes,VIBR,KUU,VIBR,,Asia/Kolkata
26547,VIBT,medium_airport,Bhatinda Air Force Station,30.2701,74.755798,662,AS,IN,IN-PB,,no,VIBT,BUP,VIBT,,Asia/Kolkata
26549,VIBY,medium_airport,Bareilly Air Force Station,28.4221,79.450798,580,AS,IN,IN-UP,Bareilly,yes,VIBY,BEK,VIBY,,Asia/Kolkata
26550,VICG,large_airport,Shaheed Bhagat Singh International Airport,30.6735,76.788498,1012,AS,IN,IN-CH,Chandigarh,yes,VICG,IXC,VICG,,Asia/Kolkata
26551,VICX,medium_airport,Kanpur Airport,26.404301,80.410103,410,AS,IN,IN-UP,Kanpur,yes,VECX,KNU,VEKA,VEKA,Asia/Kolkata
26552,VIDD,medium_airport,Safdarjung Airport,28.585453,77.203563,705,AS,IN,IN-DL,New Delhi,no,VIDD,,VIDD,,Asia/Kolkata
26554,VIDN,medium_airport,Dehradun Jolly Grant Airport,30.189243,78.176651,1831,AS,IN,IN-UT,Dehradun (Jauligrant),yes,VIDN,DED,VIDN,,Asia/Kolkata
26555,VIDP,large_airport,Indira Gandhi International Airport,28.55563,77.09519,777,AS,IN,IN-DL,New Delhi,yes,VIDP,DEL,VIDP,,Asia/Kolkata
26556,VIDX,small_airport,Hindon Airport / Hindon Air Force Station,28.707701,77.358902,700,AS,IN,IN-UP,Ghaziabad,yes,VIDX,HDO,VIDX,,Asia/Kolkata
26557,VIGG,medium_airport,Kangra Airport,32.164902,76.263018,2525,AS,IN,IN-HP,Kangra,yes,VIGG,DHM,VIGG,,Asia/Kolkata
26558,VIGR,medium_airport,Gwalior Airport,26.29330062866211,78.22779846191406,617,AS,IN,IN-MP,Gwalior,yes,VIGR,GWL,VIGR,,Asia/Kolkata
26559,VIHR,large_airport,Maharaja Agrasen International Airport,29.186065,75.74142,700,AS,IN,IN-HR,Hisar,yes,VIHR,HSS,VIHR,,Asia/Kolkata
26560,VIHX,large_airport,Halwara International Airport,30.748501,75.629799,790,AS,IN,IN-PB,Halwara,yes,VIHX,HWR,VIHX,,Asia/Kolkata
26562,VIJO,medium_airport,Jodhpur Airport,26.251100540161133,73.04889678955078,717,AS,IN,IN-RJ,Jodhpur,yes,VIJO,JDH,VIJO,,Asia/Kolkata
26563,VIJP,large_airport,Jaipur International Airport,26.8242,75.812202,1263,AS,IN,IN-RJ,Jaipur,yes,VIJP,JAI,VIJP,,Asia/Kolkata
26564,VIJR,medium_airport,Jaisalmer Airport,26.8887,70.864998,751,AS,IN,IN-RJ,,yes,VIJR,JSA,VIJR,,Asia/Kolkata
26565,VIJU,medium_airport,Jammu Airport,32.688849,74.838152,996,AS,IN,IN-JK,Jammu,yes,VIJU,IXJ,VIJU,,Asia/Kolkata
327453,VIKG,medium_airport,Kishangarh Airport Ajmer,26.591007,74.812956,,AS,IN,IN-RJ,Ajmer (Kishangarh),yes,VIKG,KQH,VIKG,,Asia/Kolkata
26567,VIKO,medium_airport,Kota Airport,25.160200119,75.84559631350001,896,AS,IN,IN-RJ,Kota,no,VIKO,KTU,VIKO,,Asia/Kolkata
26568,VILD,medium_airport,Ludhiana Airport,30.854700088500977,75.95259857177734,834,AS,IN,IN-PB,,no,VILD,LUH,VILD,,Asia/Kolkata
26569,VILH,medium_airport,Leh Kushok Bakula Rimpochee Airport,34.135899,77.546501,10682,AS,IN,IN-LA,Leh,yes,VILH,IXL,VILH,,Asia/Kolkata
26570,VILK,large_airport,Chaudhary Charan Singh International Airport,26.760599,80.889297,410,AS,IN,IN-UP,Lucknow,yes,VILK,LKO,VILK,,Asia/Kolkata
558007,VIMB,medium_airport,Moradabad Airport,28.81746,78.92187,637,AS,IN,IN-UP,Moradabad,yes,VIMB,MZS,VIMB,,
26571,VIPK,medium_airport,Pathankot Airport,32.233611,75.634444,1017,AS,IN,IN-PB,Pathankot,yes,VIPK,IXP,VIPK,,Asia/Kolkata
26573,VIPT,medium_airport,Pantnagar Airport,29.0334,79.473701,769,AS,IN,IN-UP,Pantnagar,yes,VIPT,PGH,VIPT,,Asia/Kolkata
26575,VISA,medium_airport,Sirsa Air Force Station,29.5606,75.006104,650,AS,IN,IN-HR,,no,,,VISA,,Asia/Kolkata
26578,VISR,large_airport,Srinagar International Airport,33.987099,74.7742,5429,AS,IN,IN-JK,Srinagar,yes,VISR,SXR,VISR,,Asia/Kolkata
525168,VISV,small_airport,Shravasti Airport,27.499732,82.032927,366,AS,IN,IN-UP,Shravasti,yes,VISV,VSV,VISV,,Asia/Kolkata
26581,VIUX,medium_airport,Udhampur Air Force Station,32.902152,75.155709,2066,AS,IN,IN-JK,Udhampur,no,,,VIUX,,Asia/Kolkata
26583,VLLB,large_airport,Luang Phabang International Airport,19.904273,102.167191,955,AS,LA,LA-LP,Luang Phabang,yes,VLLB,LPQ,VLLB,,Asia/Vientiane
31868,VLLN,small_airport,Luang Namtha Airport,20.966999,101.400002,1968,AS,LA,LA-LM,Luang Namtha,yes,VLLN,LXG,VLLN,,Asia/Vientiane
32582,VLOS,small_airport,Oudomsay Airport,20.68269920349121,101.99400329589844,1804,AS,LA,LA-OU,Oudomsay,yes,VLOS,ODY,VLOS,,Asia/Vientiane
26584,VLPS,large_airport,Pakse International Airport,15.133973,105.779871,351,AS,LA,LA-CH,Pakse,yes,VLPS,PKZ,VLPS,,Asia/Vientiane
26586,VLSK,medium_airport,Savannakhet Airport,16.55660057067871,104.76000213623047,509,AS,LA,LA-SV,,no,VLSK,ZVK,VLSK,,Asia/Bangkok
26587,VLSN,medium_airport,Sam Neua Airport,20.4184,104.067001,3281,AS,LA,LA-HO,,no,VLSN,NEU,VLSN,,Asia/Vientiane
26588,VLVT,large_airport,Wattay International Airport,17.985052,102.566692,564,AS,LA,LA-VT,Vientiane,yes,VLVT,VTE,VLVT,,Asia/Vientiane
32703,VLXK,small_airport,Xieng Khouang Airport,19.450001,103.157997,3445,AS,LA,LA-XI,Xieng Khouang,yes,VLXK,XKH,VLXK,,Asia/Vientiane
41567,VMI,medium_airport,Aeropuerto Nacional Doctor Juan Plate,-22.159371,-57.942395,280,SA,PY,PY-1,Puerto Vallemi,no,,VMI,SGVM,,
26589,VMMC,large_airport,Macau International Airport,22.149599,113.592003,20,AS,MO,MO-CAR,Nossa Senhora do Carmo,yes,VMMC,MFM,VMMC,,Asia/Macau
342100,VN-0018,large_airport,Long Thanh International Airport (Under Construction),10.772842,107.040596,249,AS,VN,VN-SE,Ho Chi Minh City (Long Thanh),no,VVLT,LTH,VVLT,,
30707,VNBP,small_airport,Bharatpur Airport,27.678101,84.429398,600,AS,NP,NP-P3,Bharatpur,yes,VNBP,BHR,VNBP,,Asia/Kathmandu
26593,VNBW,large_airport,Gautam Buddha International Airport,27.504636,83.410381,358,AS,NP,NP-P5,Siddharthanagar (Bhairahawa),yes,VNBW,BWA,VNBW,,Asia/Kathmandu
26594,VNCG,small_airport,Bhadrapur Airport,26.5708007812,88.07959747310001,300,AS,NP,NP-P1,Bhadrapur,yes,VNCG,BDP,VNCG,,Asia/Kathmandu
30936,VNDP,small_airport,Dolpa Airport,28.985659,82.818703,8200,AS,NP,NP-P6,Dolpa,yes,VNDP,DOP,VNDP,,Asia/Kathmandu
32301,VNDT,small_airport,Silgadi Doti Airport,29.262226,80.935968,2100,AS,NP,NP-P7,Silgadi Doti,yes,VNDT,SIH,VNDT,,Asia/Kathmandu
31712,VNJL,small_airport,Jumla Airport,29.2742,82.193298,7700,AS,NP,NP-P6,Jumla,yes,VNJL,JUM,VNJL,,Asia/Kathmandu
26595,VNJP,medium_airport,Janakpur Airport,26.708799,85.922401,256,AS,NP,NP-P2,Janakpur,yes,VNJP,JKR,VNJP,,Asia/Kathmandu
308298,VNJS,small_airport,Jomsom Airport,28.780426,83.723,8976,AS,NP,NP-P4,Jomsom,yes,VNJS,JMO,VNJS,,Asia/Kathmandu
26596,VNKT,large_airport,Tribhuvan International Airport,27.6966,85.3591,4390,AS,NP,NP-P3,Kathmandu,yes,VNKT,KTM,VNKT,,Asia/Kathmandu
28150,VNLK,medium_airport,Tenzing-Hillary Airport,27.686768,86.729479,9380,AS,NP,NP-P1,Lukla,yes,VNLK,LUA,VNLK,,Asia/Kathmandu
26597,VNNG,medium_airport,Nepalgunj Airport,28.1036,81.667,540,AS,NP,NP-P5,Nepalgunj,yes,VNNG,KEP,VNNG,,Asia/Kathmandu
26598,VNPK,medium_airport,Pokhara Domestic Airport,28.200621,83.981203,2712,AS,NP,NP-P4,Pokhara,yes,VNPK,PKR,VNPK,,Asia/Kathmandu
26599,VNSI,small_airport,Simara Airport,27.159803,84.980021,450,AS,NP,NP-P2,Simara,yes,VNSI,SIF,VNSI,,Asia/Kathmandu
32311,VNSK,small_airport,Surkhet Airport,28.586,81.636002,2400,AS,NP,NP-P6,Surkhet,yes,VNSK,SKH,VNSK,,Asia/Kathmandu
337590,VNSL,small_airport,Rukum Salle Airport,28.636161,82.45018,5184,AS,NP,NP-P6,Musikot,yes,VNSL,,VNSL,,
31675,VNST,small_airport,Simikot Airport,29.9711,81.818901,9246,AS,NP,NP-P6,Simikot,yes,VNST,IMK,VNST,,Asia/Kathmandu
308293,VNTJ,medium_airport,Taplejung Airport,27.3509,87.69525,7990,AS,NP,NP-P1,Taplejung,yes,VNTJ,TPJ,VNTJ,,Asia/Kathmandu
32463,VNTR,small_airport,Tumling Tar Airport,27.315001,87.193298,1700,AS,NP,NP-P1,Tumling Tar,yes,VNTR,TMI,VNTR,,Asia/Kathmandu
26600,VNVT,medium_airport,Biratnagar Airport,26.48150062561035,87.26399993896484,236,AS,NP,NP-P1,Biratnagar,yes,VNVT,BIR,VNVT,,Asia/Kathmandu
3343,VO94,medium_airport,Campbell Bay Airport / INS Baaz,7.01304,93.922798,16,AS,IN,IN-AN,Campbell Bay,no,,,VOBX,,Asia/Kolkata
26602,VOAT,medium_airport,Agatti Airport,10.8237,72.176003,14,AS,IN,IN-LD,Agatti,yes,VOAT,AGX,VOAT,,Asia/Kolkata
26603,VOBG,medium_airport,HAL Airport,12.95,77.668198,2912,AS,IN,IN-KA,Bangalore,no,VOBG,,VOBG,,Asia/Kolkata
26604,VOBI,medium_airport,Bellary Airport,15.162799835205078,76.88279724121094,30,AS,IN,IN-KA,Bellary,no,VOBI,BEP,VOBI,,Asia/Kolkata
35145,VOBL,large_airport,Kempegowda International Airport Bengaluru,13.1979,77.706299,3000,AS,IN,IN-KA,Bengaluru,yes,VOBL,BLR,VOBL,,Asia/Kolkata
26605,VOBR,medium_airport,Bidar Airport / Bidar Air Force Station,17.9081,77.487099,2178,AS,IN,IN-KA,Bidar,no,VOBR,IXX,VOBR,,Asia/Kolkata
26606,VOBZ,large_airport,Vijayawada International Airport,16.530011,80.804888,82,AS,IN,IN-AP,Vijayawada,yes,VOBZ,VGA,VOBZ,,Asia/Kolkata
26607,VOCB,large_airport,Coimbatore International Airport,11.03,77.043404,1324,AS,IN,IN-TN,Coimbatore,yes,VOCB,CJB,VOCB,,Asia/Kolkata
26609,VOCI,large_airport,Cochin International Airport,10.151047,76.400838,30,AS,IN,IN-KL,Kochi,yes,VOCI,COK,VOCI,,Asia/Kolkata
26610,VOCL,large_airport,Calicut International Airport,11.135996,75.955152,342,AS,IN,IN-KL,Calicut,yes,VOCL,CCJ,VOCL,,Asia/Kolkata
26611,VOCP,medium_airport,Kadapa Airport,14.513154,78.769183,430,AS,IN,IN-AP,Kadapa,yes,VOCP,CDP,VOCP,,Asia/Kolkata
26612,VOCX,medium_airport,Car Nicobar Air Force Base,9.153056,92.819273,5,AS,IN,IN-AN,IAF Camp,no,VOCX,CBD,VOCX,,Asia/Kolkata
26613,VODG,medium_airport,Dundigul Air Force Academy,17.627199173,78.4033966064,2013,AS,IN,IN-TG,Hyderabad,no,,,VODG,,Asia/Kolkata
342094,VOGA,large_airport,Manohar International Airport,15.744257,73.860625,552,AS,IN,IN-GA,Mopa,yes,VOGA,GOX,VOGA,,Asia/Kolkata
506610,VOGB,small_airport,Kalaburagi Airport,17.308154,76.965246,1571,AS,IN,IN-KA,Kalaburagi,yes,VOGB,GBI,VOGB,,Asia/Kolkata
26444,VOGO,large_airport,Goa Dabolim International Airport,15.380062,73.833328,150,AS,IN,IN-GA,Vasco da Gama,yes,VOGO,GOI,VOGO,,Asia/Kolkata
35141,VOHS,large_airport,Rajiv Gandhi International Airport,17.231318,78.429855,2024,AS,IN,IN-TG,Hyderabad,yes,VOHS,HYD,VOHS,,Asia/Kolkata
26615,VOHY,medium_airport,Begumpet Airport,17.4531,78.467598,1742,AS,IN,IN-TG,Hyderabad,no,VOHY,BPM,VOHY,,Asia/Kolkata
329504,VOKN,large_airport,Kannur International Airport,11.916343,75.544979,330,AS,IN,IN-KL,Kannur,yes,VOKN,CNN,VOKN,,Asia/Kolkata
340146,VOKU,medium_airport,Kurnool Airport,15.716288,78.16923,920,AS,IN,IN-AP,Orvakal,yes,VOKU,KJB,VOKU,KJB,Asia/Kolkata
26616,VOMD,medium_airport,Madurai Airport,9.83450984955,78.09339904790001,459,AS,IN,IN-TN,Madurai,yes,VOMD,IXM,VOMD,,Asia/Kolkata
26617,VOML,large_airport,Mangaluru International Airport,12.95471,74.886812,337,AS,IN,IN-KA,Mangaluru,yes,VOML,IXE,VOML,,Asia/Kolkata
26618,VOMM,large_airport,Chennai International Airport,12.990005,80.169296,52,AS,IN,IN-TN,Chennai,yes,VOMM,MAA,VOMM,,Asia/Kolkata
31996,VOMY,medium_airport,Mysore Airport,12.229751,76.653683,2349,AS,IN,IN-KA,Mysore,yes,VOMY,MYQ,VOMY,,Asia/Kolkata
26620,VOPB,large_airport,Veer Savarkar International Airport / INS Utkrosh,11.640194,92.72902,13,AS,IN,IN-AN,Port Blair,yes,VOPB,IXZ,VOPB,,Asia/Kolkata
26621,VOPC,medium_airport,Pondicherry Airport,11.968,79.812,134,AS,IN,IN-PY,Puducherry (Pondicherry),yes,VOPC,PNY,VOPC,,Asia/Kolkata
26622,VOPN,medium_airport,Sri Sathya Sai Airport,14.1492996216,77.7910995483,1558,AS,IN,IN-AP,Puttaparthi,no,VOPN,PUT,VOPN,,
26623,VORY,medium_airport,Rajahmundry Airport,17.105799,81.813204,151,AS,IN,IN-AP,Madhurapudi,yes,VORY,RJA,VORY,,Asia/Kolkata
26624,VOSM,medium_airport,Salem Airport,11.78330039978,78.06559753418,1008,AS,IN,IN-TN,Salem,no,VOSM,SXV,VOSM,,Asia/Kolkata
3342,VOTK,small_airport,Tuticorin Airport,8.724241,78.025803,129,AS,IN,IN-TN,Vagaikulam,yes,VOTK,TCR,VOTK,,Asia/Kolkata
26627,VOTP,large_airport,Tirupati International Airport,13.631988,79.539869,350,AS,IN,IN-AP,Tirupati,yes,VOTP,TIR,VOTP,,Asia/Kolkata
26628,VOTR,large_airport,Tiruchirappalli International Airport,10.762915,78.717741,288,AS,IN,IN-TN,Tiruchirappalli,yes,VOTR,TRZ,VOTR,,Asia/Kolkata
26629,VOTV,large_airport,Thiruvananthapuram International Airport,8.481889,76.920029,15,AS,IN,IN-KL,Thiruvananthapuram,yes,VOTV,TRV,VOTV,,Asia/Kolkata
610317,VOVI,large_airport,Alluri Sitarama Raju International Airport (Vizag),17.971512,83.503617,188,AS,IN,IN-AP,Visakhapatnam,yes,VOVI,VTZ,VOVI,,Asia/Kolkata
315554,VQBT,small_airport,Bathpalathang Airport,27.5622,90.7471,8485,AS,BT,BT-33,Jakar,yes,VQBT,BUT,VQBT,,Asia/Thimphu
308995,VQGP,medium_airport,Gelephu Airport,26.88456,90.46412,980,AS,BT,BT-31,Gelephu,no,VQGP,GLU,VQGP,,Asia/Thimphu
26632,VQPR,large_airport,Paro International Airport,27.4032,89.424599,7364,AS,BT,BT-11,Paro,yes,VQPR,PBH,VQPR,,Asia/Thimphu
606,VQTY,small_airport,Yongphulla Airport,27.25627,91.514633,9000,AS,BT,BT-41,Yongphulla,yes,VQTY,YON,VQTY,,
509452,VRAH,small_airport,Hoarafushi Airport,6.96967,72.896287,,AS,MV,MV-07,,yes,VRAH,HRF,VRAH,,Indian/Maldives
336108,VRBK,small_airport,Kulhudhuffushi Airport,6.630762,73.067815,,AS,MV,MV-23,Kulhudhuffushi,yes,VRBK,HDK,VRBK,HDK,Indian/Maldives
335882,VRDA,medium_airport,Maafaru International Airport,5.817407,73.468404,6,AS,MV,MV-25,Noonu Atoll,yes,VRDA,NMF,VRDA,,Indian/Maldives
316420,VRMD,small_airport,Dharavandhoo Airport,5.1561,73.1302,6,AS,MV,MV-20,Baa Atoll,yes,VRMD,DRV,VRMD,,
26633,VRMG,large_airport,Gan International Airport,-0.692975,73.152627,6,AS,MV,MV-01,Gan,yes,VRMG,GAN,VRMG,,Indian/Maldives
26634,VRMH,large_airport,Hanimaadhoo International Airport,6.743235,73.167072,4,AS,MV,MV-23,Haa Dhaalu Atoll,yes,VRMH,HAQ,VRMH,,Indian/Maldives
26635,VRMK,medium_airport,Kadhdhoo Airport,1.8591699600219727,73.52189636230469,4,AS,MV,MV-05,Kadhdhoo,yes,VRMK,KDO,VRMK,,Indian/Maldives
26636,VRMM,large_airport,Velana International Airport,4.19183,73.529099,6,AS,MV,MV-MLE,Malé,yes,VRMM,MLE,VRMM,,Indian/Maldives
308991,VRMO,small_airport,Kooddoo Airport,0.7324,73.4336,29,AS,MV,MV-27,Huvadhu Atoll,yes,VRMO,GKK,VRMO,,Indian/Maldives
26637,VRMT,medium_airport,Kaadedhdhoo Airport,0.488131,72.996902,2,AS,MV,MV-28,Huvadhu Atoll,yes,VRMT,KDM,VRMT,,Indian/Maldives
301316,VRMV,medium_airport,Villa International Airport Maamigili,3.471751,72.832633,6,AS,MV,MV-00,Maamigili,yes,VRMV,VAM,VRMV,,Indian/Maldives
316419,VRNT,small_airport,Thimarafushi Airport,2.211,73.1533,6,AS,MV,MV-08,Thimarafushi,yes,VRNT,TMF,VRNT,,Indian/Maldives
336109,VRQM,small_airport,Maavaarulaa Airport,0.338085,73.512869,28,AS,MV,MV-28,Maavaarulu,yes,VRQM,RUL,VRQM,RUL,Indian/Maldives
26638,VTBD,large_airport,Don Mueang International Airport,13.9126,100.607002,9,AS,TH,TH-10,Bangkok,yes,VTBD,DMK,VTBD,,Asia/Bangkok
26641,VTBK,medium_airport,Kamphaeng Saen Airport,14.1020002365,99.9171981812,30,AS,TH,TH-72,Nakhon Pathom,no,VTBK,KDT,VTBK,,Asia/Bangkok
26642,VTBL,medium_airport,Khok Kathiam Airport,14.87462,100.663397,123,AS,TH,TH-16,Lop Buri,no,VTBL,KKM,VTBL,,Asia/Bangkok
26643,VTBO,medium_airport,Trat Airport,12.2746,102.319,105,AS,TH,TH-23,Laem Ngop,yes,VTBO,TDX,VTBO,,Asia/Bangkok
28118,VTBS,large_airport,Suvarnabhumi Airport,13.6811,100.747002,5,AS,TH,TH-10,Bangkok,yes,VTBS,BKK,VTBS,,Asia/Bangkok
26645,VTBU,large_airport,U-Tapao–Rayong–Pattaya International Airport,12.6799,101.004997,42,AS,TH,TH-21,Rayong,yes,VTBU,UTP,VTBU,,Asia/Bangkok
26647,VTCC,large_airport,Chiang Mai International Airport,18.766799926799997,98.962600708,1036,AS,TH,TH-50,Chiang Mai,yes,VTCC,CNX,VTCC,,Asia/Bangkok
26648,VTCH,medium_airport,Mae Hong Son Airport,19.3013,97.9758,929,AS,TH,TH-58,Mae Hong Son,yes,VTCH,HGN,VTCH,,Asia/Bangkok
26649,VTCL,medium_airport,Lampang Airport,18.27090072631836,99.50420379638672,811,AS,TH,TH-52,,yes,VTCL,LPT,VTCL,,Asia/Bangkok
26650,VTCN,medium_airport,Nan Airport,18.807899475097656,100.78299713134766,685,AS,TH,TH-55,,yes,VTCN,NNT,VTCN,,Asia/Bangkok
302310,VTCO,small_airport,Lamphun Airport,18.548986,99.012426,925,AS,TH,TH-51,,yes,VTCO,,VTCO,,Asia/Bangkok
26651,VTCP,medium_airport,Phrae Airport,18.1322,100.165001,538,AS,TH,TH-54,,no,VTCP,PRH,VTCP,,Asia/Bangkok
26653,VTCT,large_airport,Mae Fah Luang - Chiang Rai International Airport,19.952299,99.882896,1280,AS,TH,TH-57,Chiang Rai,yes,VTCT,CEI,VTCT,,Asia/Bangkok
26654,VTPB,medium_airport,Phetchabun Airport,16.6760005951,101.194999695,450,AS,TH,TH-67,,yes,VTPB,PHY,VTPB,,Asia/Bangkok
26655,VTPH,medium_airport,Hua Hin Airport,12.6361999512,99.951499939,62,AS,TH,TH-76,Hua Hin,yes,VTPH,HHQ,VTPH,,Asia/Bangkok
26656,VTPI,medium_airport,Takhli Royal Thai Air Force Base,15.2773,100.295998,107,AS,TH,TH-60,Takhli,no,VTPI,TKH,VTPI,,Asia/Bangkok
26658,VTPM,medium_airport,Mae Sot Airport,16.699899673461914,98.54509735107422,690,AS,TH,TH-63,,yes,VTPM,MAQ,VTPM,,Asia/Bangkok
26660,VTPO,medium_airport,Sukhothai Airport,17.238000869750977,99.81819915771484,179,AS,TH,TH-64,,yes,VTPO,THS,VTPO,,Asia/Bangkok
26661,VTPP,medium_airport,Phitsanulok Airport,16.7829,100.278999,154,AS,TH,TH-65,Phitsanulok,yes,VTPP,PHS,VTPP,,Asia/Bangkok
26662,VTPT,medium_airport,Tak Airport,16.896,99.253304,478,AS,TH,TH-63,,no,VTPT,TKT,VTPT,,Asia/Bangkok
26665,VTSB,medium_airport,Surat Thani Airport,9.13259983063,99.135597229,20,AS,TH,TH-84,Surat Thani,yes,VTSB,URT,VTSB,,Asia/Bangkok
26666,VTSC,medium_airport,Narathiwat Airport,6.5199198722839355,101.74299621582031,16,AS,TH,TH-96,,yes,VTSC,NAW,VTSC,,Asia/Bangkok
26667,VTSE,medium_airport,Chumphon Airport,10.7112,99.361702,18,AS,TH,TH-86,Chumphon,yes,VTSE,CJM,VTSE,,Asia/Bangkok
26668,VTSF,medium_airport,Nakhon Si Thammarat Airport,8.539620399475098,99.9447021484375,13,AS,TH,TH-80,Nakhon Si Thammarat,yes,VTSF,NST,VTSF,,Asia/Bangkok
26669,VTSG,large_airport,Krabi International Airport,8.095591,98.988955,82,AS,TH,TH-81,Krabi,yes,VTSG,KBV,VTSG,,Asia/Bangkok
26670,VTSH,medium_airport,Songkhla Airport,7.186560153961182,100.60800170898438,12,AS,TH,TH-90,,no,VTSH,SGZ,VTSH,,Asia/Bangkok
26671,VTSK,medium_airport,Pattani Airport,6.78546,101.153999,8,AS,TH,TH-94,,no,VTSK,PAN,VTSK,,Asia/Bangkok
26672,VTSM,large_airport,Samui International Airport,9.54779,100.061996,64,AS,TH,TH-84,Na Thon (Ko Samui Island),yes,VTSM,USM,VTSM,,Asia/Bangkok
26673,VTSN,medium_airport,Cha Eian Airport,8.47115,99.955597,44,AS,TH,TH-80,Nakhon Si Thammarat,no,VTSN,,VTSN,,Asia/Bangkok
26674,VTSP,large_airport,Phuket International Airport,8.113257,98.3174,82,AS,TH,TH-83,Phuket,yes,VTSP,HKT,VTSP,,Asia/Bangkok
26675,VTSR,medium_airport,Ranong Airport,9.77762,98.585503,57,AS,TH,TH-85,Ranong,yes,VTSR,UNN,VTSR,,Asia/Bangkok
26676,VTSS,large_airport,Hat Yai International Airport,6.93321,100.392998,90,AS,TH,TH-90,Hat Yai,yes,VTSS,HDY,VTSS,,Asia/Bangkok
26677,VTST,medium_airport,Trang Airport,7.50874,99.6166,67,AS,TH,TH-92,Trang,yes,VTST,TST,VTST,,Asia/Bangkok
26678,VTUD,large_airport,Udon Thani International Airport,17.386186,102.788577,579,AS,TH,TH-41,Udon Thani,yes,VTUD,UTH,VTUD,,Asia/Bangkok
26679,VTUI,medium_airport,Sakon Nakhon Airport,17.195100784301758,104.11900329589844,529,AS,TH,TH-47,,yes,VTUI,SNO,VTUI,,Asia/Bangkok
26680,VTUJ,medium_airport,Surin Airport,14.868300437927,103.49800109863,478,AS,TH,TH-32,Surin,yes,VTUJ,PXR,VTUJ,,Asia/Bangkok
26681,VTUK,medium_airport,Khon Kaen Airport,16.466600418099997,102.783996582,670,AS,TH,TH-40,Khon Kaen,yes,VTUK,KKC,VTUK,,Asia/Bangkok
26682,VTUL,medium_airport,Loei Airport,17.43910026550293,101.72200012207031,860,AS,TH,TH-42,,yes,VTUL,LOE,VTUL,,Asia/Bangkok
26684,VTUO,medium_airport,Buri Ram Airport,15.2295,103.252998,590,AS,TH,TH-31,Buriram,yes,VTUO,BFV,VTUO,,Asia/Bangkok
26685,VTUQ,medium_airport,Nakhon Ratchasima Airport,14.9495,102.313004,765,AS,TH,TH-30,Chaloem Phra Kiat,no,VTUQ,NAK,VTUQ,,Asia/Bangkok
26687,VTUU,medium_airport,Ubon Ratchathani Airport,15.2512998581,104.870002747,406,AS,TH,TH-34,Ubon Ratchathani,yes,VTUU,UBP,VTUU,,Asia/Bangkok
26688,VTUV,medium_airport,Roi Et Airport,16.1168,103.774002,451,AS,TH,TH-45,Roi Et,yes,VTUV,ROI,VTUV,,Asia/Bangkok
26689,VTUW,medium_airport,Nakhon Phanom Airport,17.383801,104.642998,587,AS,TH,TH-48,Nakhon Phanom,yes,VTUW,KOP,VTUW,,Asia/Bangkok
26690,VVBM,medium_airport,Buon Ma Thuot Airport,12.668299675,108.120002747,1729,AS,VN,VN-CH,Buon Ma Thuot,yes,VVBM,BMV,VVBM,,Asia/Ho_Chi_Minh
26691,VVCA,small_airport,Chu Lai Airport,15.4033,108.706001,10,AS,VN,VN-SCC,Tam Nghĩa,yes,VVCA,VCL,VVCA,,Asia/Ho_Chi_Minh
26692,VVCI,large_airport,Cat Bi International Airport,20.817428,106.724315,6,AS,VN,VN-RRD,Haiphong (Hai An),yes,VVCI,HPH,VVCI,,Asia/Bangkok
301824,VVCM,medium_airport,Cà Mau Airport,9.177667,105.177778,6,AS,VN,VN-SW,Ca Mau City,yes,VVCM,CAH,VVCM,,Asia/Ho_Chi_Minh
26693,VVCR,large_airport,Cam Ranh International Airport / Cam Ranh Air Base,11.9982,109.219002,40,AS,VN,VN-SCC,Nha Trang/nha Trang aiurportCam Ranh,yes,VVCR,CXR,VVCR,,Asia/Ho_Chi_Minh
26694,VVCS,medium_airport,Con Dao Airport,8.73183,106.633003,20,AS,VN,VN-SE,Con Dao,yes,VVCS,VCS,VVCS,,Asia/Ho_Chi_Minh
26695,VVCT,large_airport,Can Tho International Airport,10.083397,105.709371,9,AS,VN,VN-SW,Can Tho,yes,VVCT,VCA,VVCT,,Asia/Ho_Chi_Minh
26696,VVDB,medium_airport,Dien Bien Phu Airport,21.3974990845,103.008003235,1611,AS,VN,VN-NW,Dien Bien Phu,yes,VVDB,DIN,VVDB,,Asia/Bangkok
35144,VVDH,medium_airport,Dong Hoi Airport,17.515,106.590556,59,AS,VN,VN-NC,Dong Hoi,yes,VVDH,VDH,VVDH,,Asia/Bangkok
30923,VVDL,medium_airport,Lien Khuong Airport,11.750556,108.366997,3156,AS,VN,VN-CH,Da Lat,yes,VVDL,DLI,VVDL,,Asia/Ho_Chi_Minh
26697,VVDN,large_airport,Da Nang International Airport,16.0439,108.198997,33,AS,VN,VN-SCC,Da Nang,yes,VVDN,DAD,VVDN,,Asia/Ho_Chi_Minh
26698,VVGL,medium_airport,Gia Lam Air Base,21.040501,105.886002,50,AS,VN,VN-RRD,Hanoi  (Long Bien),no,,,VVGL,,Asia/Bangkok
26700,VVNB,large_airport,Noi Bai International Airport,21.221201,105.806999,39,AS,VN,VN-RRD,Hanoi (Soc Son),yes,VVNB,HAN,VVNB,,Asia/Bangkok
26702,VVPB,large_airport,Phu Bai International Airport,16.400581,107.704094,48,AS,VN,VN-NC,Huế,yes,VVPB,HUI,VVPB,,Asia/Ho_Chi_Minh
26703,VVPC,medium_airport,Phu Cat Airport,13.955,109.042,80,AS,VN,VN-SCC,Quy Nohn,yes,VVPC,UIH,VVPC,,Asia/Ho_Chi_Minh
26704,VVPK,medium_airport,Pleiku Airport,14.004500389099121,108.01699829101562,2434,AS,VN,VN-CH,Pleiku,yes,VVPK,PXU,VVPK,,Asia/Ho_Chi_Minh
26705,VVPQ,large_airport,Phú Quốc International Airport,10.169783,103.99353,37,AS,VN,VN-SW,Phu Quoc Island,yes,VVPQ,PQC,VVPQ,,Asia/Ho_Chi_Minh
32580,VVRG,medium_airport,Rach Gia Airport,9.95802997234,105.132379532,7,AS,VN,VN-SW,Rach Gia,yes,VVRG,VKG,VVRG,,Asia/Ho_Chi_Minh
26707,VVTH,medium_airport,Dong Tac Airport,13.0496,109.334,20,AS,VN,VN-SCC,Tuy Hoa,yes,VVTH,TBB,VVTH,,Asia/Ho_Chi_Minh
26708,VVTS,large_airport,Tan Son Nhat International Airport,10.8188,106.652,33,AS,VN,VN-SE,Ho Chi Minh City,yes,VVTS,SGN,VVTS,,Asia/Ho_Chi_Minh
327354,VVTX,small_airport,Tho Xuan Airport,19.901667,105.467778,59,AS,VN,VN-NC,Thanh Hóa,yes,VVTX,THD,VVTX,,Asia/Bangkok
332254,VVVD,medium_airport,Van Don International Airport,21.120693,107.41539,24,AS,VN,VN-NE,Van Don,yes,VVVD,VDO,VVVD,,Asia/Bangkok
26709,VVVH,medium_airport,Vinh Airport,18.7376003265,105.67099762,23,AS,VN,VN-NC,Vinh,yes,VVVH,VII,VVVH,,Asia/Bangkok
26712,VYBG,small_airport,Bagan Airport,21.178800582885742,94.9301986694336,312,AS,MM,MM-04,Nyaung U,yes,VYBG,NYU,VYBG,,Asia/Yangon
26713,VYBM,small_airport,Banmaw Airport,24.27044,97.2476,370,AS,MM,MM-11,Banmaw,yes,VYBM,BMO,VYBM,,Asia/Yangon
26716,VYDW,medium_airport,Dawei Airport,14.1039,98.203598,84,AS,MM,MM-05,Dawei,yes,VYDW,TVY,VYDW,,Asia/Yangon
509451,VYHH,medium_airport,Heho Airport,20.74714,96.792029,3858,AS,MM,MM-17,Heho,yes,VYHH,HEH,VYHH,,Asia/Yangon
26720,VYKG,medium_airport,Kengtung Airport,21.301599502563477,99.63600158691406,2798,AS,MM,MM-17,Kengtung,yes,VYKG,KET,VYKG,,Asia/Yangon
31749,VYKI,small_airport,Kanti Airport,25.9883,95.6744,6000,AS,MM,MM-01,Kanti,yes,VYKI,KHM,VYKI,,Asia/Yangon
26722,VYKP,medium_airport,Kyaukpyu Airport,19.42639923095703,93.53479766845703,20,AS,MM,MM-16,Kyaukpyu,yes,VYKP,KYP,VYKP,,Asia/Yangon
26723,VYKT,medium_airport,Kawthoung Airport,10.049300193786621,98.53800201416016,180,AS,MM,MM-05,Kawthoung,yes,VYKT,KAW,VYKT,,Asia/Yangon
26724,VYLK,medium_airport,Loikaw Airport,19.691499710083008,97.21479797363281,2940,AS,MM,MM-12,Loikaw,yes,VYLK,LIW,VYLK,,Asia/Yangon
26725,VYLS,medium_airport,Lashio Airport,22.9778995513916,97.752197265625,2450,AS,MM,MM-17,Lashio,yes,VYLS,LSH,VYLS,,Asia/Yangon
26727,VYMD,large_airport,Mandalay International Airport,21.702199935913086,95.97789764404297,300,AS,MM,MM-04,Mandalay,yes,VYMD,MDL,VYMD,,Asia/Yangon
26728,VYME,medium_airport,Myeik Airport,12.439800262451172,98.62149810791016,75,AS,MM,MM-05,Mkeik,yes,VYME,MGZ,VYME,,Asia/Yangon
26729,VYMK,medium_airport,Myitkyina Airport,25.3836,97.351898,475,AS,MM,MM-11,Myitkyina,yes,VYMK,MYT,VYMK,,Asia/Yangon
32609,VYML,medium_airport,Meiktila Air Base,20.88640022277832,95.89279174804688,699,AS,MM,MM-04,Meiktila,no,,,VYML,,Asia/Yangon
26730,VYMM,small_airport,Mawlamyine Airport,16.444700241088867,97.66069793701172,52,AS,MM,MM-15,Mawlamyine,yes,VYMM,MNU,VYMM,,Asia/Yangon
26731,VYMO,medium_airport,Momeik Airport,23.092500686645508,96.64530181884766,600,AS,MM,MM-17,,no,VYMO,MOE,VYMO,,Asia/Yangon
26732,VYMS,medium_airport,Mong Hsat Airport,20.516799926757812,99.25679779052734,1875,AS,MM,MM-17,Mong Hsat,yes,VYMS,MOG,VYMS,,Asia/Yangon
30101,VYMW,small_airport,Magway Airport,20.1656,94.941399,279,AS,MM,MM-03,Magway,yes,VYMW,MWQ,VYMW,,Asia/Yangon
26733,VYNP,medium_airport,Nampong Air Base,25.354400634799998,97.2951965332,459,AS,MM,MM-11,Myitkyina,no,,,VYNP,,Asia/Yangon
26734,VYNS,medium_airport,Namsang Airport,20.890499114990234,97.73590087890625,3100,AS,MM,MM-17,Namsang,no,VYNS,NMS,VYNS,,Asia/Yangon
26717,VYNT,large_airport,Nay Pyi Taw International Airport,19.623501,96.200996,302,AS,MM,MM-04,Naypyitaw,yes,VYNT,NYT,VYNT,,Asia/Yangon
26736,VYPN,small_airport,Pathein Airport,16.815201,94.7799,20,AS,MM,MM-07,Pathein,yes,VYPN,BSX,VYPN,,Asia/Yangon
26737,VYPT,medium_airport,Putao Airport,27.32990074157715,97.42630004882812,1500,AS,MM,MM-11,Putao,yes,VYPT,PBU,VYPT,,Asia/Yangon
26739,VYST,medium_airport,Shante Air Base,20.941699981689453,95.91449737548828,630,AS,MM,MM-04,Meiktila,no,,,VYST,,Asia/Yangon
26740,VYSW,medium_airport,Sittwe Airport,20.133165,92.870693,27,AS,MM,MM-16,Sittwe,yes,VYSW,AKY,VYSW,,Asia/Yangon
26741,VYTD,medium_airport,Thandwe Airport,18.4606990814209,94.30010223388672,20,AS,MM,MM-16,Thandwe,yes,VYTD,SNW,VYTD,,Asia/Yangon
26742,VYTL,medium_airport,Tachileik Airport,20.483800888061523,99.9354019165039,1280,AS,MM,MM-17,Tachileik,yes,VYTL,THL,VYTL,,Asia/Yangon
26744,VYYY,large_airport,Yangon International Airport,16.907300949099998,96.1332015991,109,AS,MM,MM-06,Yangon,yes,VYYY,RGN,VYYY,,Asia/Yangon
25579,W33,seaplane_base,Friday Harbor Seaplane Base,48.5373,-123.010002,,NA,US,US-WA,Friday Harbor,yes,,FBS,W33,W33,
25583,W39,seaplane_base,Roche Harbor Seaplane Base,48.610838,-123.16,,NA,US,US-WA,Roche Harbor,yes,,,W39,W39,
25586,W49,seaplane_base,Rosario Seaplane Base,48.645699,-122.867996,,NA,US,US-WA,Rosario,yes,,RSJ,W49,W49,
25589,W55,seaplane_base,Kenmore Air Harbor Seaplane Base,47.629002,-122.338997,14,NA,US,US-WA,Seattle,yes,,LKE,W55,W55,
25606,WA09,small_airport,Roche Harbor Airport,48.612301,-123.139,100,NA,US,US-WA,Roche Harbor,yes,,RCE,WA09,WA09,America/Los_Angeles
25673,WA81,seaplane_base,Fishermans Bay Seaplane Base,48.516499,-122.917999,,NA,US,US-WA,Lopez,yes,,,,81W,
25675,WA83,seaplane_base,Westsound/WSX Seaplane Base,48.617901,-122.956903,,NA,US,US-WA,West Sound,yes,,WSX,WA83,WA83,
26745,WAAA,large_airport,Sultan Hasanuddin International Airport,-5.075539,119.553702,47,AS,ID,ID-SN,Makassar,yes,WAAA,UPG,WAAA,,Asia/Makassar
26746,WABB,medium_airport,Frans Kaisiepo Airport,-1.19002,136.108002,46,AS,ID,ID-PA,Biak,yes,WABB,BIK,WABB,,Asia/Jayapura
525702,WABI,medium_airport,Douw Aturure Airport,-3.397973,135.393071,22,OC,ID,ID-PT,Nabire,no,WABI,NBX,WABI,,Asia/Jayapura
356138,WABO,medium_airport,Stevanus Rumbewas Airport,-1.82842,136.062402,20,AS,ID,ID-PA,Serui,no,WABO,ZRI,WABO,,Asia/Jayapura
26748,WABP,medium_airport,Mozes Kilangin Airport,-4.52978,136.887388,103,AS,ID,ID-PT,Timika,yes,WAYY,TIM,WAYY,,Asia/Jayapura
26750,WADB,medium_airport,Sultan Muhammad Salahuddin Airport,-8.537184,118.685002,3,AS,ID,ID-NB,Bima,yes,WADB,BMU,WADB,,Asia/Makassar
26751,WADD,large_airport,Denpasar I Gusti Ngurah Rai International Airport,-8.748409,115.167123,14,AS,ID,ID-BA,"Kuta, Badung",yes,WADD,DPS,WADD,,Asia/Makassar
46589,WADE,small_airport,Lieutenant Colonel Wisnu Airfield,-8.139292,114.615367,16,AS,ID,ID-BA,"Gerokgak, Buleleng",yes,WADE,,WADE,,
299629,WADL,large_airport,Lombok International Airport,-8.759962,116.278169,319,AS,ID,ID-NB,"Mataram (Pujut, Lombok Tengah)",yes,WADL,LOP,WADL,,Asia/Makassar
26752,WADS,small_airport,Sultan Muhammad Kaharuddin III Airport,-8.48904,117.412003,16,AS,ID,ID-NB,Sumbawa Besar,yes,WADS,SWQ,WADS,,Asia/Makassar
26753,WADT,small_airport,Tambolaka Airport,-9.409224,119.242558,161,AS,ID,ID-NT,Radamata,yes,WATK,TMC,WATK,,Asia/Makassar
26754,WADW,small_airport,Umbu Mehang Kunda Airport,-9.66922,120.302002,33,AS,ID,ID-NT,Waingapu-Sumba Island,yes,WATU,WGP,WATU,,Asia/Makassar
46587,WADY,small_airport,Banyuwangi Airport,-8.31015,114.3401,112,AS,ID,ID-JI,"Rogojampi, Banyuwangi",yes,WADY,BWX,WADY,BWI,
26773,WAEE,medium_airport,Sultan Babullah Airport,0.831012,127.381611,49,AS,ID,ID-MU,Ternate,yes,WAEE,TTE,WAEE,,Asia/Jayapura
26772,WAEW,medium_airport,Pitu Airport,2.04599,128.324997,49,AS,ID,ID-MU,Gotalalamo-Morotai Island,no,,OTI,WAEW,,Asia/Jayapura
352892,WAFB,medium_airport,Toraja Airport,-3.184359,119.919104,2884,AS,ID,ID-SN,Toraja,yes,WAFB,TRT,WAFB,,
331735,WAFD,small_airport,Bua - Palopo Lagaligo Airport,-3.08227,120.244823,14,AS,ID,ID-SN,Palopo,yes,WAFD,LLO,WAFD,,
26769,WAFF,medium_airport,Mutiara - SIS Al-Jufrie Airport,-0.916462,119.908647,284,AS,ID,ID-ST,Palu,yes,WAFF,PLW,WAFF,,Asia/Makassar
41440,WAFL,small_airport,Sultan Bantilan Airport,1.123428,120.793658,17,AS,ID,ID-ST,Toli Toli-Celebes Island,yes,WAFL,TLI,WAFL,,Asia/Makassar
26771,WAFP,medium_airport,Kasiguncu Airport,-1.414121,120.659241,174,AS,ID,ID-ST,Poso-Celebes Island,no,,PSJ,WAFP,,Asia/Makassar
506525,WAFU,small_airport,Tanjung Api Airport,-0.865437,121.628625,49,AS,ID,ID-ST,Tojo Una-Una,yes,WAFU,OJU,WAFU,,
26774,WAFW,medium_airport,Syukuran Aminuddin Amir Airport,-1.035893,122.773934,56,AS,ID,ID-ST,Luwok,no,WAFW,LUW,WAFW,,Asia/Makassar
344101,WAGB,small_airport,Haji Muhammad Sidik Airport,-1.02581,114.92881,145,AS,ID,ID-KT,Muara Teweh,yes,WAGB,HMS,WAGB,,
343797,WAGF,small_airport,Seruyan Kuala Pembuang Airport,-3.376062,112.536521,13,AS,ID,ID-KT,Seruyan,yes,WAGF,KLP,WAGF,,
26780,WAGG,medium_airport,Tjilik Riwut Airport,-2.227146,113.943388,82,AS,ID,ID-KT,Palangkaraya,yes,WAGG,PKY,WAGG,,Asia/Pontianak
332202,WAHI,large_airport,Yogyakarta International Airport,-7.905338,110.057264,24,AS,ID,ID-YO,Yogyakarta,yes,WAHI,YIA,WAHI,,Asia/Jakarta
26833,WAHL,medium_airport,Tunggul Wulung Airport,-7.64506,109.033997,69,AS,ID,ID-JT,Cilacap,yes,WAHL,CXP,WAHL,,Asia/Jakarta
42250,WAHU,small_airport,Dewadaru Airport,-5.80091,110.47838,35,AS,ID,ID-JT,Karimunjawa,yes,WAHU,KWB,WAHU,,
41423,WAJB,small_airport,Bokondini Airport,-3.68455,138.677437,4550,AS,ID,ID-PP,Bokondini,yes,WAVB,BUI,WAVB,,Asia/Jayapura
26755,WAJJ,large_airport,Dortheys Hiyo Eluay International Airport,-2.579627,140.519857,289,AS,ID,ID-PA,Sentani,yes,WAJJ,DJJ,WAJJ,,Asia/Jayapura
310461,WAJK,small_airport,Kiwirok Airstrip,-4.713481,140.740271,5470,AS,ID,ID-PP,Kiwirok,yes,WAJK,,WAJK,,
41428,WAJO,medium_airport,Oksibil Airport,-4.9071,140.6277,4315,AS,ID,ID-PP,Oksibil,yes,WAJO,OKL,WAJO,,Asia/Jayapura
26757,WAKK,medium_airport,Mopah International Airport,-8.523898,140.419693,10,AS,ID,ID-PS,Merauke,yes,WAKK,MKQ,WAKK,,Asia/Jayapura
41437,WAKT,medium_airport,Tanah Merah Airport,-6.09669,140.303521,57,AS,ID,ID-PS,Tanah Merah,yes,WAKT,TMH,WAKT,,Asia/Jayapura
26758,WALG,small_airport,Tanjung Harapan Airport,2.838139,117.374584,20,AS,ID,ID-KU,Tanjung Selor-Borneo Island,yes,WAGD,TJS,WAQD,,Asia/Makassar
35277,WALJ,small_airport,Datadawai Airport,0.807028,114.529052,508,AS,ID,ID-KI,Datadawai-Borneo Island,yes,WALJ,DTD,WALJ,,Asia/Makassar
550612,WALK,medium_airport,Nusantara International Airport,-1.16053,116.71193,23,AS,ID,ID-KI,Nusantara,no,WALK,,WALK,,Asia/Makassar
26760,WALL,large_airport,Sultan Aji Muhammad Sulaiman Sepinggan International Airport,-1.268342,116.89452,12,AS,ID,ID-KI,Balikpapan,yes,WALL,BPN,WALL,,Asia/Makassar
26762,WALR,medium_airport,Juwata International Airport / Suharnoko Harbani AFB,3.325145,117.564169,23,AS,ID,ID-KU,Tarakan,yes,WAQQ,TRK,WAQQ,TRK,Asia/Makassar
26763,WALS,medium_airport,Aji Pangeran Tumenggung Pranoto International Airport,-0.374478,117.250128,82,AS,ID,ID-KI,Samarinda,yes,WALS,AAP,WALS,,Asia/Makassar
26767,WAMG,small_airport,Jalaluddin Airport,0.637119,122.849998,105,AS,ID,ID-GO,Gorontalo,yes,WAMG,GTO,WAMG,,Asia/Makassar
26768,WAMH,medium_airport,Naha Airport,3.68478,125.527162,16,AS,ID,ID-SA,"Tabukan Utara, Sangihe Islands",yes,WAMH,NAH,WAMH,,Asia/Makassar
526307,WAMI,small_airport,Bolaang Mongondow Airport,0.88855,124.033634,28,AS,ID,ID-SA,Lolak,yes,WAMI,LKM,WAMI,,Asia/Makassar
26770,WAMM,large_airport,Sam Ratulangi International Airport,1.548591,124.92625,264,AS,ID,ID-SA,Manado,yes,WAMM,MDC,WAMM,,Asia/Makassar
41405,WAMY,small_airport,Buol - Pogogul Airport,1.102318,121.413358,49,AS,ID,ID-ST,Buol,yes,WAFY,UOL,WAFY,,Asia/Makassar
26775,WAOC,small_airport,Bersujud Airport,-3.41241,115.995003,3,AS,ID,ID-KS,Batu Licin,yes,WAOC,BTW,WAOC,,Asia/Makassar
26777,WAOI,small_airport,Iskandar Airport,-2.7052,111.672997,75,AS,ID,ID-KT,Pangkalanbun,yes,WAGI,PKN,WAGI,,Asia/Pontianak
31730,WAOK,small_airport,Gusti Syamsir Alam Airport,-3.294796,116.163815,4,AS,ID,ID-KS,Stagen,yes,WAOK,KBU,WAOK,,Asia/Makassar
26778,WAON,medium_airport,Warukin Airport,-2.21656,115.435997,197,AS,ID,ID-KS,Tanta-Tabalong,yes,WAON,TJG,WAON,,Asia/Makassar
26779,WAOO,large_airport,Syamsudin Noor International Airport,-3.440112,114.761209,66,AS,ID,ID-KS,Banjarbaru,yes,WAOO,BDJ,WAOO,,Asia/Makassar
26781,WAOS,small_airport,Sampit (H.Asan) Airport,-2.499198,112.974987,50,AS,ID,ID-KT,Sampit,yes,WAGS,SMQ,WAGS,,Asia/Pontianak
41402,WAOW,small_airport,Tumbang Samba Airport,-1.469024,113.080984,160,AS,ID,ID-KT,Tumbang Samba-Borneo Island,yes,WAGT,TBM,WAGT,,
333039,WAPF,medium_airport,Karel Sadsuitubun Airport,-5.760278,132.759444,78,AS,ID,ID-MA,Langgur,yes,WAPF,LUV,WAPF,,Asia/Jayapura
525059,WAPN,medium_airport,Namniwel Airport,-3.143159,126.976469,7,AS,ID,ID-MA,Namniwel,yes,WAPN,NAM,WAPN,,Asia/Jayapura
26784,WAPP,large_airport,Pattimura International Airport,-3.71026,128.089005,33,AS,ID,ID-MA,Ambon,yes,WAPP,AMQ,WAPP,,Asia/Jayapura
41486,WAQM,small_airport,Robert Atty Bessing,3.575256,116.619769,26,AS,ID,ID-KU,Malinau,yes,WAQM,LNU,WAQM,,
26759,WAQT,medium_airport,Kalimarau Airport,2.14776,117.430705,59,AS,ID,ID-KI,Tanjung Redeb - Borneo Island,yes,WAQT,BEJ,WAQT,,Asia/Makassar
26785,WARA,medium_airport,Abdul Rachman Saleh Airport,-7.929099,112.714233,1726,AS,ID,ID-JI,Malang,yes,WARA,MLG,WARA,,Asia/Jakarta
46586,WARE,small_airport,Notohadinegoro Airport,-8.242494,113.693476,281,AS,ID,ID-JI,Jember,yes,WARE,JBB,WARE,,
26787,WARJ,medium_airport,Adisutjipto International Airport,-7.78818,110.431999,379,AS,ID,ID-YO,Yogyakarta,yes,WAHH,JOG,WAHH,,Asia/Jakarta
26788,WARQ,large_airport,Adisoemarmo International Airport,-7.516044,110.757492,421,AS,ID,ID-JT,Surakarta,yes,WAHQ,SOC,WAHQ,,Asia/Jakarta
26789,WARR,large_airport,Juanda International Airport,-7.37983,112.787003,9,AS,ID,ID-JI,Surabaya,yes,WARR,SUB,WARR,,Asia/Jakarta
26790,WARS,large_airport,Jenderal Ahmad Yani Airport,-6.970732,110.373244,10,AS,ID,ID-JT,Semarang,yes,WAHS,SRG,WAHS,,Asia/Jakarta
26791,WASF,medium_airport,Fakfak Airport,-2.920508,132.267011,462,AS,ID,ID-PB,Fakfak,yes,WASF,FKQ,WASF,,Asia/Jayapura
26792,WASK,medium_airport,Utarom Airport,-3.6446,133.695116,19,AS,ID,ID-PB,Kaimana,yes,WASK,KNG,WASK,,Asia/Jayapura
333091,WASN,small_airport,Marinda Airport,-0.424969,130.773535,9,AS,ID,ID-PD,Waisai,yes,WASN,RJM,WASN,,
26793,WASO,medium_airport,Babo Airport,-2.53224,133.438995,10,AS,ID,ID-PB,Babo,no,WASO,BXB,WASO,,Asia/Jayapura
26794,WASR,medium_airport,Rendani Airport,-0.891833,134.048996,23,AS,ID,ID-PB,Manokwari,yes,WAUU,MKW,WAUU,,Asia/Jayapura
32634,WASS,medium_airport,Domine Eduard Osok Airport,-0.894,131.287,10,AS,ID,ID-PB,Sorong,yes,WASS,SOQ,WASS,,Asia/Jayapura
41475,WATA,small_airport,AA Bere Tallo (Haliwen) Airport,-9.074841,124.903285,1027,AS,ID,ID-NT,Atambua,yes,WATA,ABU,WATA,,Asia/Makassar
26796,WATC,small_airport,Frans Xavier Seda Airport,-8.639514,122.238135,115,AS,ID,ID-NT,Waioti,yes,WATC,MOF,WATC,,Asia/Makassar
26797,WATE,small_airport,H. Hasan Aroeboesman (Ende) Airport,-8.849114,121.66101,49,AS,ID,ID-NT,Ende,yes,WATE,ENE,WATE,,Asia/Makassar
26798,WATG,small_airport,Frans Sales Lega Airport,-8.596171,120.478177,3510,AS,ID,ID-NT,"Satar Tacik, Manggarai",yes,WATG,RTG,WATG,,Asia/Makassar
41478,WATL,small_airport,Larantuka Gewayentana Airport,-8.274424,123.002,63,AS,ID,ID-NT,Tiwatobi,yes,WATL,LKA,WATL,,Asia/Makassar
26799,WATM,small_airport,Alor Island - Mali Airport,-8.13234,124.597,10,AS,ID,ID-NT,Kabola,yes,WATM,ARD,WATM,,Asia/Makassar
26800,WATO,small_airport,Komodo Airport,-8.480694,119.888306,66,AS,ID,ID-NT,"Labuan Bajo, Manggarai Barat",yes,WATO,LBJ,WATO,,Asia/Makassar
41481,WATR,small_airport,David Constantijn Saudale Airport,-10.765834,123.076046,470,AS,ID,ID-NT,Ba'a - Rote Island,yes,WATR,RTI,WATR,,
26801,WATT,medium_airport,El Tari Airport,-10.1716,123.670998,335,AS,ID,ID-NT,Kupang,yes,WATT,KOE,WATT,,Asia/Makassar
26756,WAVV,medium_airport,Wamena Airport,-4.097324,138.952417,5435,AS,ID,ID-PP,Wamena,yes,WAVV,WMX,WAVV,,Asia/Jayapura
333072,WAWD,medium_airport,Matahora Airport,-5.292123,123.636233,88,AS,ID,ID-SG,Wangi-wangi Island,yes,WAWD,WNI,WAWD,,
311020,WAWH,small_airport,Selayar - Haji Aroeppala Airport,-6.17921,120.437479,13,AS,ID,ID-SN,Benteng,yes,WAWH,KSR,WAWH,,
505052,WAWP,medium_airport,Sangia Nibandera Airport,-4.338158,121.524047,40,AS,ID,ID-SG,Kolaka,yes,WAWP,KXB,WAWP,,Asia/Makassar
26806,WAWW,small_airport,Haluoleo Airport,-4.08161,122.417999,538,AS,ID,ID-SG,Kendari,yes,WAWW,KDI,WAWW,,Asia/Makassar
25692,WBB,small_airport,Stebbins Airport,63.515999,-162.278,14,NA,US,US-AK,Stebbins,yes,,WBB,WBB,WBB,
26807,WBGB,medium_airport,Bintulu Airport,3.12385010719,113.019996643,74,AS,MY,MY-13,Bintulu,yes,WBGB,BTU,WBGB,,Asia/Kuching
31816,WBGF,small_airport,Long Lellang Airport,3.4210000038099997,115.153999329,1400,AS,MY,MY-13,Long Datih,yes,WBGF,LGL,WBGF,,Asia/Kuching
26808,WBGG,large_airport,Kuching International Airport,1.487364,110.352859,89,AS,MY,MY-13,Kuching,yes,WBGG,KCH,WBGG,,Asia/Kuching
32086,WBGI,small_airport,Long Seridan Airport,3.976087,115.067303,607,AS,MY,MY-13,Long Seridan,yes,WBGI,ODN,WBGI,,Asia/Kuching
26809,WBGJ,medium_airport,Limbang Airport,4.808300018310547,115.01000213623047,14,AS,MY,MY-13,Limbang,yes,WBGJ,LMN,WBGJ,,Asia/Brunei
350992,WBGK,medium_airport,Mukah Airport,2.881944,112.043333,20,AS,MY,MY-13,Mukah,yes,WBGK,MKM,WBGK,,Asia/Kuching
26810,WBGM,medium_airport,Marudi Airport,4.178734,114.330318,103,AS,MY,MY-13,Marudi,yes,WBGM,MUR,WBGM,,Asia/Kuching
30764,WBGQ,small_airport,Bakalalan Airport,3.974,115.617996,2900,AS,MY,MY-13,Bakalalan,yes,WBGQ,BKM,WBGQ,,Asia/Kuching
26811,WBGR,medium_airport,Miri Airport,4.32201,113.987,59,AS,MY,MY-13,Miri,yes,WBGR,MYY,WBGR,,Asia/Kuching
26812,WBGS,medium_airport,Sibu Airport,2.2616,111.985001,122,AS,MY,MY-13,Sibu,yes,WBGS,SBW,WBGS,,Asia/Kuching
31866,WBGW,small_airport,Lawas Airport,4.84917,115.407997,5,AS,MY,MY-13,Lawas,yes,WBGW,LWY,WBGW,,Asia/Kuching
30682,WBGZ,medium_airport,Bario Airport,3.734648,115.478548,3350,AS,MY,MY-13,Bario,yes,WBGZ,BBN,WBGZ,,Asia/Kuching
26813,WBKD,medium_airport,Lahad Datu Airport,5.03241,118.32376,45,AS,MY,MY-12,Lahad Datu,yes,WBKD,LDU,WBKD,,Asia/Kuching
26814,WBKK,large_airport,Kota Kinabalu International Airport,5.932743,116.049324,10,AS,MY,MY-12,Kota Kinabalu,yes,WBKK,BKI,WBKK,,Asia/Kuching
26815,WBKL,medium_airport,Labuan Airport,5.301667,115.248333,101,AS,MY,MY-15,Labuan,yes,WBKL,LBU,WBKL,,Asia/Kuching
32462,WBKM,small_airport,Tomanggong Airport,5.40257,118.65763,26,AS,MY,MY-12,Tomanggong,yes,WBKM,TMG,WBKM,,Asia/Kuching
26816,WBKS,medium_airport,Sandakan Airport,5.900899887084961,118.05899810791016,46,AS,MY,MY-12,Sandakan,yes,WBKS,SDK,WBKS,,Asia/Kuching
31785,WBKT,small_airport,Kudat Airport,6.924111,116.837068,10,AS,MY,MY-12,Kudat,yes,WBKT,KUD,WBKT,,Asia/Kuching
26817,WBKW,medium_airport,Tawau Airport,4.31338,118.12152,57,AS,MY,MY-12,Tawau,yes,WBKW,TWU,WBKW,,Asia/Kuching
26818,WBMU,medium_airport,Mulu Airport,4.048329830169678,114.80500030517578,80,AS,MY,MY-13,Mulu,yes,WBMU,MZV,WBMU,,Asia/Kuching
26819,WBSB,large_airport,Brunei International Airport,4.9442,114.928001,73,AS,BN,BN-BM,Bandar Seri Begawan,yes,WBSB,BWN,WBSB,,Asia/Brunei
26821,WIBB,medium_airport,Sultan Syarif Kasim II International Airport / Roesmin Nurjadin AFB,0.458647,101.444321,102,AS,ID,ID-RI,Pekanbaru,yes,WIBB,PKU,WIBB,,Asia/Jakarta
26822,WIBD,medium_airport,Pinang Kampai Airport,1.609026,101.433493,55,AS,ID,ID-RI,Dumai,yes,WIBD,DUM,WIBD,,Asia/Jakarta
26857,WIBJ,medium_airport,Japura Airport,-0.352808,102.334999,62,AS,ID,ID-RI,Rengat-Sumatra Island,no,WIBJ,RGT,WIBJ,,Asia/Jakarta
333068,WICA,medium_airport,Kertajati International Airport,-6.647384,108.165561,134,AS,ID,ID-JB,Kertajati,yes,WICA,KJT,WICA,,Asia/Jakarta
26824,WICC,medium_airport,Husein Sastranegara International Airport,-6.90063,107.575996,2436,AS,ID,ID-JB,Bandung,yes,WICC,BDO,WICC,,Asia/Jakarta
3272,WICN,small_airport,Nusawiru Airport,-7.719895,108.488995,16,AS,ID,ID-JB,Cijulang,yes,WICN,CJN,WICN,,
26828,WIDD,large_airport,Hang Nadim International Airport,1.12103,104.119003,126,AS,ID,ID-KR,Batam,yes,WIDD,BTH,WIDD,,Asia/Jakarta
26830,WIDN,medium_airport,Raja Haji Fisabilillah International Airport,0.92397,104.53341,52,AS,ID,ID-KR,Tanjung Pinang-Bintan Island,yes,WIDN,TNJ,WIDN,,Asia/Jakarta
41468,WIGM,small_airport,Muko Muko Airport,-2.541058,101.087651,24,AS,ID,ID-BE,Muko Muko,yes,WIPU,MPC,WIGM,,Asia/Jakarta
26832,WIHH,large_airport,Halim Perdanakusuma International Airport,-6.266989,106.890318,84,AS,ID,ID-JK,Jakarta,yes,WIHH,HLP,WIHH,,Asia/Jakarta
26835,WIII,large_airport,Soekarno-Hatta International Airport,-6.12557,106.655998,34,AS,ID,ID-BT,Jakarta,yes,WIII,CGK,WIII,,Asia/Jakarta
26827,WILL,medium_airport,Radin Inten II International Airport,-5.246803,105.182531,282,AS,ID,ID-LA,Bandar Lampung,yes,WILL,TKG,WILL,,Asia/Jakarta
26861,WIMA,small_airport,Malikus Saleh Airport,5.22668,96.950302,90,AS,ID,ID-AC,Lhok Seumawe-Sumatra Island,yes,WIMA,LSW,WIMA,,Asia/Jakarta
26836,WIMB,medium_airport,Binaka Airport,1.166275,97.705196,20,AS,ID,ID-SU,Gunungsitoli,yes,WIMB,GNS,WIMB,,Asia/Jakarta
26837,WIME,medium_airport,Aek Godang Airport,1.4001,99.430496,922,AS,ID,ID-SU,Padang Sidempuan,no,WIME,AEG,WIME,,Asia/Jakarta
26839,WIMK,medium_airport,Soewondo Air Force Base,3.558425,98.672275,114,AS,ID,ID-SU,Medan,no,WIMK,MES,WIMK,,Asia/Jakarta
309577,WIMM,large_airport,Kualanamu International Airport,3.637847,98.870566,23,AS,ID,ID-SU,Beringin,yes,WIMM,KNO,WIMM,,Asia/Jakarta
26840,WIMN,small_airport,Silangit Airport,2.25973,98.991898,4700,AS,ID,ID-SU,Siborong-Borong,yes,WIMN,DTB,WIMN,,Asia/Jakarta
26841,WIMS,medium_airport,Dr. Ferdinand Lumban Tobing Airport,1.557127,98.887145,33,AS,ID,ID-SU,Sibolga (Pinangsori),yes,WIMS,FLZ,WIMS,,Asia/Jakarta
507992,WIMU,medium_airport,Alas Leuser Airport,3.391456,97.863726,419,AS,ID,ID-AC,Kutacane,yes,WIMU,LSR,WIMU,,
26842,WIOD,small_airport,H A S Hanandjoeddin International Airport,-2.744109,107.754535,164,AS,ID,ID-BB,Tanjung Pandan,yes,WIKT,TJQ,WIKT,,Asia/Jakarta
26843,WIOG,medium_airport,Nanga Pinoh Airport,-0.34864,111.746155,123,AS,ID,ID-KB,Nanga Pinoh-Borneo Island,yes,WIOG,NPO,WIOG,,Asia/Pontianak
26844,WIOK,medium_airport,Rahadi Osman Airport,-1.817165,109.963469,46,AS,ID,ID-KB,Ketapang,yes,WIOK,KTG,WIOK,,Asia/Pontianak
26846,WION,medium_airport,Ranai Airport,3.90871,108.388,7,AS,ID,ID-KR,Ranai-Natuna Besar Island,yes,WIDO,NTX,WIDO,,Asia/Jakarta
26847,WIOO,large_airport,Supadio International Airport,-0.152258,109.404493,10,AS,ID,ID-KB,Pontianak,yes,WIOO,PNK,WIOO,,Asia/Pontianak
26848,WIOP,medium_airport,Pangsuma Airport,0.834579,112.940217,297,AS,ID,ID-KB,Putussibau-Borneo Island,yes,WIOP,PSU,WIOP,,Asia/Pontianak
525696,WIOS,medium_airport,Tebelian Airport,-0.045214,111.458049,97,AS,ID,ID-KB,Sintang,yes,WIOS,SQG,WIOS,,Asia/Pontianak
26850,WIPA,small_airport,Sultan Thaha Airport,-1.638685,103.645063,82,AS,ID,ID-JA,Jambi,yes,WIJJ,DJB,WIJJ,,Asia/Jakarta
310599,WIPI,small_airport,Muara Bungo Airport,-1.541635,102.181613,192,AS,ID,ID-JA,Muara Bungo,yes,WIJB,BUU,WIJB,,
26852,WIPK,medium_airport,Depati Amir Airport,-2.1622,106.139,109,AS,ID,ID-BB,Pangkal Pinang,yes,WIKK,PGK,WIKK,,Asia/Jakarta
26853,WIPL,medium_airport,Fatmawati Soekarno Airport,-3.8637,102.338997,50,AS,ID,ID-BE,Bengkulu,yes,WIGG,BKS,WIGG,,Asia/Jakarta
26855,WIPP,medium_airport,Sultan Mahmud Badaruddin II Airport,-2.897653,104.698147,49,AS,ID,ID-SS,Palembang,yes,WIPP,PLM,WIPP,,Asia/Jakarta
26856,WIPQ,medium_airport,Pendopo Airport,-3.2860701084136963,103.87999725341797,184,AS,ID,ID-SS,Talang Gudang-Sumatra Island,yes,WIPQ,PDO,WIPQ,,Asia/Jakarta
26858,WIPT,large_airport,Minangkabau International Airport,-0.785964,100.280384,18,AS,ID,ID-SB,Padang (Katapiang),yes,WIEE,PDG,WIEE,,Asia/Jakarta
31889,WITC,medium_airport,Cut Nyak Dhien Airport,4.040998,96.253312,10,AS,ID,ID-AC,Kuala Pesisir,yes,WITC,MEQ,WITC,,Asia/Jakarta
32655,WITG,small_airport,Lasikin Airport,2.411328,96.327722,19,AS,ID,ID-AC,Lubang,yes,WIML,LKI,WIML,,Asia/Jakarta
333093,WITK,medium_airport,Rembele Airport,4.72113,96.851943,4648,AS,ID,ID-AC,Takengon,yes,WITK,TXE,WITK,,
26860,WITL,medium_airport,Lhok Sukon Airport,5.06951,97.259201,28,AS,ID,ID-AC,Lhok Sukon-Sumatra Island,no,WITL,LSX,WITL,,Asia/Jakarta
26862,WITT,large_airport,Sultan Iskandar Muda International Airport,5.525087,95.41997,65,AS,ID,ID-AC,Banda Aceh,yes,WITT,BTJ,WITT,,Asia/Jakarta
26863,WMAP,medium_airport,Kluang Airport,2.04138994217,103.306999207,150,AS,MY,MY-01,Kluang,no,,,WMAP,,Asia/Kuala_Lumpur
26864,WMBT,medium_airport,Tioman Airport,2.81818,104.160004,15,AS,MY,MY-06,Tioman Island,yes,WMBT,TOD,WMBT,,Asia/Kuala_Lumpur
26866,WMKA,medium_airport,Sultan Abdul Halim Airport,6.189670085906982,100.39800262451172,15,AS,MY,MY-02,Alor Satar,yes,WMKA,AOR,WMKA,,Asia/Kuala_Lumpur
26867,WMKB,medium_airport,RMAF Butterworth Air Base,5.46592,100.390999,11,AS,MY,MY-07,Butterworth,no,WMKB,BWH,WMKB,,Asia/Kuala_Lumpur
26868,WMKC,medium_airport,Sultan Ismail Petra Airport,6.1668500900268555,102.29299926757812,16,AS,MY,MY-03,Kota Baharu,yes,WMKC,KBR,WMKC,,Asia/Kuala_Lumpur
26869,WMKD,medium_airport,Kuantan Airport,3.7753899097442627,103.20899963378906,58,AS,MY,MY-06,Kuantan,yes,WMKD,KUA,WMKD,,Asia/Kuala_Lumpur
26870,WMKE,medium_airport,Kerteh Airport,4.53722,103.427002,18,AS,MY,MY-11,Kerteh,no,WMKE,KTE,WMKE,,Asia/Kuala_Lumpur
26872,WMKI,large_airport,Sultan Azlan Shah Airport,4.56733,101.091643,130,AS,MY,MY-08,Ipoh,yes,WMKI,IPH,WMKI,,Asia/Kuala_Lumpur
26873,WMKJ,large_airport,Senai International Airport,1.64131,103.669998,135,AS,MY,MY-01,Johor Bahru,yes,WMKJ,JHB,WMKJ,,Asia/Kuala_Lumpur
26874,WMKK,large_airport,Kuala Lumpur International Airport,2.74558,101.709999,69,AS,MY,MY-10,Sepang,yes,WMKK,KUL,WMKK,,Asia/Kuala_Lumpur
26875,WMKL,large_airport,Langkawi International Airport,6.32973,99.728699,29,AS,MY,MY-02,Langkawi,yes,WMKL,LGK,WMKL,,Asia/Kuala_Lumpur
26876,WMKM,medium_airport,Malacca International Airport,2.265613,102.252778,35,AS,MY,MY-04,Malacca,yes,WMKM,MKZ,WMKM,,Asia/Kuala_Lumpur
26877,WMKN,medium_airport,Sultan Mahmud Airport,5.3826398849487305,103.10299682617188,21,AS,MY,MY-11,Kuala Terengganu,yes,WMKN,TGG,WMKN,,Asia/Kuala_Lumpur
26878,WMKP,large_airport,Penang International Airport,5.296303,100.276185,11,AS,MY,MY-07,Penang,yes,WMKP,PEN,WMKP,,Asia/Kuala_Lumpur
35209,WMPA,small_airport,Pulau Pangkor Airport,4.244719982147217,100.5530014038086,19,AS,MY,MY-08,Pangkor Island,yes,WMPA,PKG,WMPA,,Asia/Kuala_Lumpur
26879,WMSA,large_airport,Sultan Abdul Aziz Shah International Airport,3.13058,101.549004,90,AS,MY,MY-10,Subang,yes,WMSA,SZB,WMSA,,Asia/Kuala_Lumpur
25802,WN07,small_airport,Decatur Shores Airport,48.500171,-122.813973,38,NA,US,US-WA,Decatur,yes,,DTR,WN07,WN07,America/Los_Angeles
311018,WPAS,small_airport,Mathilda Batlayeri Airport,-7.848354,131.337068,446,AS,ID,ID-MA,Saumlaki-Yamdena Island,yes,WAPS,SXK,WAPS,,Asia/Jayapura
26880,WPDB,medium_airport,"Commander in Chief of FALINTIL, Kay Rala Xanana Gusmão, International Airport",-9.301856,125.286302,96,AS,TL,TL-CO,Suai,yes,WPDB,UAI,WPDB,,Asia/Dili
26881,WPDL,large_airport,Presidente Nicolau Lobato International Airport,-8.546562,125.524507,154,AS,TL,TL-DI,Dili,yes,WPDL,DIL,WPDL,,Asia/Dili
26882,WPEC,medium_airport,Baucau Airport,-8.486479,126.399981,1771,AS,TL,TL-BA,Baucau,yes,WPEC,BCH,WPEC,,Asia/Dili
35138,WPOC,large_airport,Oecusse Route of the Sandalwood International Airport,-9.198419,124.337873,,AS,TL,TL-OE,Oecussi-Ambeno,yes,WPOC,OEC,WPOC,,Asia/Dili
35279,WRLB,small_airport,Yuvai Semaring Airport,3.900495,115.690089,2540,AS,ID,ID-KU,Long Bawan,yes,WAQJ,LBW,WAQJ,,Asia/Makassar
30806,WRLC,small_airport,LNG Badak Airport,0.121656,117.476558,49,AS,ID,ID-KI,Bontang-Borneo Island,yes,WALC,BXT,WALC,,Asia/Makassar
35278,WRLP,small_airport,Long Apung Airport,1.706932,114.969934,2437,AS,ID,ID-KU,Long Apung-Borneo Island,yes,WAQL,LPU,WAQL,,Asia/Makassar
32675,WSAC,medium_airport,Changi Air Base (East),1.3441400528,104.009002686,22,AS,SG,SG-04,Singapore,no,,,WSAC,,Asia/Singapore
26883,WSAG,medium_airport,Sembawang Air Base,1.42526,103.813004,86,AS,SG,SG-03,Sembawang,no,,,WSAG,,Asia/Singapore
26884,WSAP,medium_airport,Paya Lebar Air Base,1.36042,103.910004,65,AS,SG,SG-04,Paya Lebar,no,WSAP,QPG,WSAP,,Asia/Singapore
26885,WSAT,medium_airport,Tengah Air Base,1.387561,103.708291,50,AS,SG,SG-03,Western Water Catchment,no,WSAT,TGA,WSAT,,Asia/Singapore
25980,WSJ,seaplane_base,San Juan /Uganik/ Seaplane Base,57.7304,-153.320999,0,NA,US,US-AK,San Juan,yes,,UGI,,WSJ,
26886,WSSL,medium_airport,Seletar Airport,1.41555,103.86673,36,AS,SG,SG-02,Seletar,yes,WSSL,XSP,WSSL,,Asia/Kuala_Lumpur
26887,WSSS,large_airport,Singapore Changi Airport,1.35019,103.994003,22,AS,SG,SG-04,Singapore,yes,WSSS,SIN,WSSS,,Asia/Singapore
26061,WWT,seaplane_base,Newtok Seaplane Base,60.935,-164.6267,,NA,US,US-AK,Newtok,yes,,,WWT,WWT,
32745,XP-0003,small_airport,Yongxing Dao (Woody Island) Air Base,16.8328,112.344002,,AS,XP,XP-U-A,Woody Island,yes,,,,,
42923,XRMU,medium_airport,Khankala Air Base,43.2981,45.7841,548,EU,RU,RU-CE,Grozny,no,,,,XRMU,
35017,XRWL,medium_airport,Lebyazhye Air Base,50.201698,45.208302,381,AS,RU,RU-VGG,Kamyshin,no,,,XRWL,,Europe/Volgograd
26888,YABA,medium_airport,Albany Airport,-34.943333,117.808889,233,OC,AU,AU-WA,Albany,yes,YABA,ALH,YABA,,Australia/Perth
317734,YAJ,seaplane_base,Lyall Harbour Seaplane Base,48.795274,-123.181801,,NA,CA,CA-BC,Saturna Island,yes,,YAJ,,,
26889,YAMB,medium_airport,RAAF Base Amberley,-27.635381,152.711223,91,OC,AU,AU-QLD,,no,YAMB,,YAMB,,Australia/Brisbane
317735,YAQ,seaplane_base,Maple Bay Seaplane Base,48.8167,-123.6084,,NA,CA,CA-BC,Maple Bay,yes,,YAQ,,,
26891,YARA,medium_airport,Ararat Airport,-37.309978,142.988688,1008,OC,AU,AU-VIC,Ararat,no,YARA,ARY,YARA,,Australia/Melbourne
26893,YARM,medium_airport,Armidale Airport,-30.528099060099997,151.617004395,3556,OC,AU,AU-NSW,Armidale,yes,YARM,ARM,YARM,,Australia/Sydney
26894,YAUR,small_airport,Aurukun Airport,-13.354019,141.720028,31,OC,AU,AU-QLD,Aurukun,yes,YAUR,AUU,YAUR,,Australia/Brisbane
26895,YAYE,medium_airport,Ayers Rock Connellan Airport,-25.185913,130.97703,1626,OC,AU,AU-NT,Yulara,yes,YAYE,AYQ,YAYE,,Australia/Darwin
26899,YBAR,medium_airport,Barcaldine Airport,-23.566268,145.302086,878,OC,AU,AU-QLD,Barcaldine,yes,YBAR,BCI,YBAR,,Australia/Brisbane
26900,YBAS,medium_airport,Alice Springs Airport,-23.806588,133.903427,1789,OC,AU,AU-NT,Alice Springs,yes,YBAS,ASP,YBAS,,Australia/Darwin
27355,YBAU,small_airport,Badu Island Airport,-10.14955,142.173665,14,OC,AU,AU-QLD,Badu Island,yes,YBAU,BDD,YBAU,,Australia/Brisbane
26901,YBBN,large_airport,Brisbane International Airport,-27.384199142456055,153.11700439453125,13,OC,AU,AU-QLD,Brisbane,yes,YBBN,BNE,YBBN,,Australia/Brisbane
26902,YBCG,large_airport,Gold Coast Airport,-28.165962,153.506641,21,OC,AU,AU-QLD,Gold Coast,yes,YBCG,OOL,YBCG,,Australia/Brisbane
26903,YBCK,medium_airport,Blackall Airport,-24.431678,145.429716,928,OC,AU,AU-QLD,Blackall,yes,YBCK,BKQ,YBCK,,Australia/Brisbane
26904,YBCS,large_airport,Cairns International Airport,-16.878921,145.74948,10,OC,AU,AU-QLD,Cairns,yes,YBCS,CNS,YBCS,,Australia/Brisbane
26905,YBCV,medium_airport,Charleville Airport,-26.4132995605,146.261993408,1003,OC,AU,AU-QLD,Charleville,yes,YBCV,CTL,YBCV,,Australia/Brisbane
26906,YBDG,small_airport,Bendigo Airport,-36.739399,144.330002,705,OC,AU,AU-VIC,,yes,YBDG,BXG,YBDG,,Australia/Melbourne
26907,YBDV,medium_airport,Birdsville Airport,-25.897499084472656,139.34800720214844,159,OC,AU,AU-QLD,,yes,YBDV,BVI,YBDV,,Australia/Brisbane
26908,YBHI,medium_airport,Broken Hill Airport,-32.0013999939,141.472000122,958,OC,AU,AU-NSW,Broken Hill,yes,YBHI,BHQ,YBHI,,Australia/Broken_Hill
26909,YBHM,medium_airport,Hamilton Island Airport,-20.3581008911,148.95199585,15,OC,AU,AU-QLD,Hamilton Island,yes,YBHM,HTI,YBHM,,Australia/Lindeman
26910,YBIE,medium_airport,Bedourie Airport,-24.3461,139.460007,300,OC,AU,AU-QLD,Bedourie,yes,YBIE,BEU,YBIE,,Australia/Brisbane
26912,YBKE,medium_airport,Bourke Airport,-30.039199829101562,145.95199584960938,352,OC,AU,AU-NSW,,yes,YBKE,BRK,YBKE,,Australia/Sydney
26913,YBKT,small_airport,Burketown Airport,-17.748600006103516,139.53399658203125,21,OC,AU,AU-QLD,,yes,YBKT,BUC,YBKT,,Australia/Brisbane
26914,YBLA,medium_airport,Benalla Airport,-36.551899,146.007004,569,OC,AU,AU-VIC,Benalla,no,YBLA,BLN,YBLA,,Australia/Melbourne
26915,YBLN,small_airport,Busselton Margaret River Regional Airport,-33.687222,115.400278,55,OC,AU,AU-WA,Busselton,yes,YBLN,BQB,YBLN,,Australia/Perth
26917,YBMA,medium_airport,Mount Isa Airport,-20.66638,139.488468,1121,OC,AU,AU-QLD,Mount Isa,yes,YBMA,ISA,YBMA,,Australia/Brisbane
26919,YBMK,medium_airport,Mackay Airport,-21.170816,149.182588,19,OC,AU,AU-QLD,Mackay,yes,YBMK,MKY,YBMK,,Australia/Brisbane
26920,YBNA,medium_airport,Ballina Byron Gateway Airport,-28.833236,153.561471,7,OC,AU,AU-NSW,Ballina,yes,YBNA,BNK,YBNA,,Australia/Sydney
26921,YBNS,medium_airport,Bairnsdale Airport,-37.887539,147.569379,165,OC,AU,AU-VIC,Bairnsdale,no,YBNS,BSJ,YBNS,,Australia/Melbourne
29715,YBOI,small_airport,Boigu Island Airport,-9.23278,142.218002,23,OC,AU,AU-QLD,Boigu Island,yes,YBOI,GIC,YBOI,,Australia/Brisbane
26922,YBOK,medium_airport,Oakey Army Aviation Centre,-27.409262,151.736727,1335,OC,AU,AU-QLD,,yes,YBOK,OKY,YBOK,,Australia/Brisbane
26923,YBOU,medium_airport,Boulia Airport,-22.913299560546875,139.89999389648438,542,OC,AU,AU-QLD,,yes,YBOU,BQL,YBOU,,Australia/Brisbane
26924,YBPN,medium_airport,Proserpine Whitsunday Coast Airport,-20.494416,148.553583,82,OC,AU,AU-QLD,Proserpine,yes,YBPN,PPP,YBPN,,Australia/Brisbane
316461,YBQ,seaplane_base,Telegraph Harbour Seaplane Base,48.97,-123.664,,NA,CA,CA-BC,Thetis Island,yes,,YBQ,,,
26925,YBRK,medium_airport,Rockhampton Airport,-23.380019,150.475359,34,OC,AU,AU-QLD,Rockhampton,yes,YBRK,ROK,YBRK,,Australia/Brisbane
26927,YBRM,large_airport,Broome International Airport,-17.949194,122.2283,56,OC,AU,AU-WA,Broome,yes,YBRM,BME,YBRM,,Australia/Perth
26928,YBRN,medium_airport,Balranald Airport,-34.624834,143.577114,210,OC,AU,AU-NSW,,no,YBRN,BZD,YBRN,,Australia/Sydney
26929,YBRW,medium_airport,Brewarrina Airport,-29.975792,146.81438,414,OC,AU,AU-NSW,,no,YBRW,BWQ,YBRW,,Australia/Sydney
26918,YBSU,large_airport,Sunshine Coast Airport,-26.593324,153.08319,15,OC,AU,AU-QLD,Maroochydore,yes,YBSU,MCY,YBSU,,Australia/Brisbane
26932,YBTH,medium_airport,Bathurst Airport,-33.406817,149.651161,2435,OC,AU,AU-NSW,Bathurst,yes,YBTH,BHS,YBTH,,Australia/Sydney
26933,YBTI,medium_airport,Bathurst Island Airport,-11.764966,130.615774,67,OC,AU,AU-NT,Wurrumiyanga,no,YBTI,BRT,YBTI,,Australia/Darwin
26934,YBTL,medium_airport,Townsville Airport / RAAF Base Townsville,-19.252904,146.766512,18,OC,AU,AU-QLD,Townsville,yes,YBTL,TSV,YBTL,,Australia/Brisbane
26935,YBTR,medium_airport,Blackwater Airport,-23.6031,148.807007,657,OC,AU,AU-QLD,,no,YBTR,BLT,YBTR,,Australia/Brisbane
26936,YBUD,medium_airport,Bundaberg Airport,-24.905039,152.322612,107,OC,AU,AU-QLD,Bundaberg,yes,YBUD,BDB,YBUD,,Australia/Brisbane
26939,YBWP,medium_airport,Weipa Airport,-12.677493,141.922618,63,OC,AU,AU-QLD,Weipa,yes,YBWP,WEI,YBWP,,Australia/Brisbane
315119,YBWW,large_airport,Toowoomba Wellcamp Airport,-27.558332,151.793335,1509,OC,AU,AU-QLD,Toowoomba,yes,YBWW,WTB,YBWW,,Australia/Brisbane
26941,YCAR,medium_airport,Carnarvon Airport,-24.884337,113.666393,13,OC,AU,AU-WA,Carnarvon,yes,YCAR,CVQ,YCAR,,Australia/Perth
26943,YCBA,medium_airport,Cobar Airport,-31.538299560546875,145.79400634765625,724,OC,AU,AU-NSW,,yes,YCBA,CAZ,YCBA,,Australia/Sydney
26944,YCBB,medium_airport,Coonabarabran Airport,-31.3325,149.266998,2117,OC,AU,AU-NSW,,no,YCBB,COJ,YCBB,,Australia/Sydney
26946,YCBP,medium_airport,Coober Pedy Airport,-29.038312,134.722166,740,OC,AU,AU-SA,Coober Pedy,yes,YCBP,CPD,YCBP,,Australia/Adelaide
26947,YCCA,medium_airport,Chinchilla Airport,-26.771947,150.617571,1028,OC,AU,AU-QLD,Chinchilla,no,YCCA,CCL,YCCA,,Australia/Brisbane
27444,YCCT,small_airport,Coconut Island Airport,-10.050139,143.070007,3,OC,AU,AU-QLD,,yes,YCCT,CNC,YCCT,,Australia/Brisbane
26948,YCCY,medium_airport,Cloncurry Airport,-20.668600082399998,140.503997803,616,OC,AU,AU-QLD,Cloncurry,yes,YCCY,CNJ,YCCY,,Australia/Brisbane
26950,YCDU,medium_airport,Ceduna Airport,-32.13059997558594,133.7100067138672,77,OC,AU,AU-SA,,yes,YCDU,CED,YCDU,,Australia/Adelaide
26951,YCEE,medium_airport,Cleve Airport,-33.709702,136.505005,589,OC,AU,AU-SA,,no,YCEE,CVC,YCEE,,Australia/Adelaide
27132,YCFS,medium_airport,Coffs Harbour Airport,-30.320601,153.115997,18,OC,AU,AU-NSW,Coffs Harbour,yes,YCFS,CFS,YCFS,,Australia/Sydney
315620,YCHK,small_airport,Christmas Creek Airport,-22.354302,119.642603,1462,OC,AU,AU-WA,Christmas Creek Mine,yes,YCHK,CKW,YCHK,,Australia/Perth
26954,YCIN,medium_airport,RAAF Base Curtin,-17.581389,123.828333,300,OC,AU,AU-WA,Derby,no,YCIN,DCN,YCIN,,Australia/Perth
26955,YCKN,medium_airport,Cooktown Airport,-15.443649,145.183221,26,OC,AU,AU-QLD,,yes,YCKN,CTN,YCKN,,Australia/Brisbane
26956,YCMT,medium_airport,Clermont Airport,-22.7731,147.621002,908,OC,AU,AU-QLD,,no,YCMT,CMQ,YCMT,,Australia/Brisbane
26957,YCMU,medium_airport,Cunnamulla Airport,-28.030000686645508,145.6219940185547,630,OC,AU,AU-QLD,,yes,YCMU,CMA,YCMU,,Australia/Brisbane
26959,YCNM,medium_airport,Coonamble Airport,-30.980946,148.377833,604,OC,AU,AU-NSW,,yes,YCNM,CNB,YCNM,,Australia/Sydney
26961,YCOE,medium_airport,Coen Airport,-13.761133,143.113311,532,OC,AU,AU-QLD,Coen,yes,YCOE,CUQ,YCOE,,Australia/Brisbane
26962,YCOM,medium_airport,Cooma Snowy Mountains Airport,-36.300445,148.972408,3088,OC,AU,AU-NSW,Cooma,yes,YCOM,OOM,YCOM,,Australia/Sydney
26963,YCOR,medium_airport,Corowa Airport,-35.994701,146.356995,469,OC,AU,AU-NSW,,no,YCOR,CWW,YCOR,,Australia/Melbourne
26964,YCRG,medium_airport,Corryong Airport,-36.18280029296875,147.88800048828125,963,OC,AU,AU-VIC,,no,YCRG,CYG,YCRG,,Australia/Melbourne
26965,YCTM,medium_airport,Cootamundra Airport,-34.624283,148.036641,1110,OC,AU,AU-NSW,,no,YCTM,CMD,YCTM,,Australia/Sydney
26968,YCWR,medium_airport,Cowra Airport,-33.846894,148.648007,966,OC,AU,AU-NSW,,no,YCWR,CWT,YCWR,,Australia/Sydney
26970,YDBI,medium_airport,Dirranbandi Airport,-28.587912,148.217161,567,OC,AU,AU-QLD,,no,YDBI,DRN,YDBI,,Australia/Brisbane
26971,YDBY,medium_airport,Derby Airport,-17.37193,123.66221,24,OC,AU,AU-WA,Derby,no,YDBY,DRB,YDBY,,Australia/Perth
26972,YDLQ,medium_airport,Deniliquin Airport,-35.5593986511,144.945999146,316,OC,AU,AU-NSW,Deniliquin,no,YDLQ,DNQ,YDLQ,,Australia/Sydney
26973,YDMG,small_airport,Doomadgee Airport,-17.9403,138.822006,153,OC,AU,AU-QLD,,yes,YDMG,DMD,YDMG,,Australia/Brisbane
32037,YDNI,small_airport,Darnley Island Airport,-9.579176,143.780276,,OC,AU,AU-QLD,Darnley Island,yes,YDNI,NLF,YDNI,,Australia/Brisbane
26975,YDPO,medium_airport,Devonport Airport,-41.1697006226,146.429992676,33,OC,AU,AU-TAS,Devonport,yes,YDPO,DPO,YDPO,,Australia/Hobart
26976,YDYS,medium_airport,Dysart Airport,-22.6222,148.363998,670,OC,AU,AU-QLD,,no,YDYS,DYA,YDYS,,Australia/Brisbane
26979,YECH,medium_airport,Echuca Airport,-36.15719985961914,144.76199340820312,323,OC,AU,AU-VIC,,no,YECH,ECH,YECH,,Australia/Melbourne
26980,YELD,medium_airport,Elcho Island Airport,-12.019399642899998,135.570999146,101,OC,AU,AU-NT,Elcho Island,yes,YELD,ELC,YELD,,Australia/Darwin
26981,YEML,medium_airport,Emerald Airport,-23.5674991608,148.179000854,624,OC,AU,AU-QLD,Emerald,yes,YEML,EMD,YEML,,Australia/Brisbane
26982,YESP,medium_airport,Esperance Airport,-33.684399,121.822998,470,OC,AU,AU-WA,Esperance,yes,YESP,EPR,YESP,,Australia/Perth
342792,YEWA,medium_airport,Eliwana,-22.428395,116.887879,1576,OC,AU,AU-WA,,no,,WHB,YEWA,,
26984,YFBS,medium_airport,Forbes Airport,-33.363602,147.934998,760,OC,AU,AU-NSW,Forbes,no,YFBS,FRB,YFBS,,Australia/Sydney
27563,YFLI,small_airport,Flinders Island Airport,-40.091702,147.992996,10,OC,AU,AU-TAS,Whitemark,yes,YFLI,FLS,YFLI,,Australia/Hobart
26985,YFRT,medium_airport,Forrest Airport,-30.83662,128.112811,511,OC,AU,AU-WA,,no,YFRT,FOS,YFRT,,Australia/Perth
26986,YFTZ,medium_airport,Fitzroy Crossing Airport,-18.183596,125.559783,368,OC,AU,AU-WA,,yes,YFTZ,FIZ,YFTZ,,Australia/Perth
26989,YGDH,medium_airport,Gunnedah Airport,-30.957511,150.248981,863,OC,AU,AU-NSW,,no,YGDH,GUH,YGDH,,Australia/Sydney
26991,YGEL,medium_airport,Geraldton Airport,-28.796101,114.707001,121,OC,AU,AU-WA,Moonyoonooka,yes,YGEL,GET,YGEL,,Australia/Perth
26992,YGFN,medium_airport,Clarence Valley Regional Airport,-29.754795,153.031234,110,OC,AU,AU-NSW,Grafton,no,YGFN,GFN,YGFN,,Australia/Sydney
26994,YGLA,medium_airport,Gladstone Airport,-23.869763,151.225439,64,OC,AU,AU-QLD,Gladstone,yes,YGLA,GLT,YGLA,4680,Australia/Brisbane
26995,YGLB,medium_airport,Goulburn Airport,-34.810298919677734,149.7259979248047,2141,OC,AU,AU-NSW,,no,YGLB,GUL,YGLB,,Australia/Sydney
26996,YGLI,medium_airport,Glen Innes Airport,-29.676029,151.691156,3433,OC,AU,AU-NSW,Glen Innes,no,YGLI,GLI,YGLI,,Australia/Sydney
315834,YGN,seaplane_base,Greenway Sound Seaplane Base,50.839,-126.775,,NA,CA,CA-BC,Broughton Island,yes,,YGN,CYGN,CYGN,
26997,YGPT,medium_airport,Garden Point Airport,-11.399686,130.425568,90,OC,AU,AU-NT,Pirlangimpi,no,YGPT,GPN,YGPT,,Australia/Darwin
26998,YGTE,medium_airport,Groote Eylandt Airport,-13.972405,136.458553,53,OC,AU,AU-NT,Groote Eylandt,yes,YGTE,GTE,YGTE,,Australia/Darwin
26999,YGTH,medium_airport,Griffith Airport,-34.2508010864,146.067001343,439,OC,AU,AU-NSW,Griffith,yes,YGTH,GFF,YGTH,,Australia/Sydney
27002,YHAY,medium_airport,Hay Airport,-34.531399,144.830002,305,OC,AU,AU-NSW,,no,YHAY,HXX,YHAY,,Australia/Sydney
27003,YHBA,medium_airport,Hervey Bay Airport,-25.320127,152.880662,60,OC,AU,AU-QLD,Hervey Bay,yes,YHBA,HVB,YHBA,,Australia/Brisbane
27004,YHID,medium_airport,Horn Island Airport,-10.585636,142.29277,43,OC,AU,AU-QLD,Horn,yes,YHID,HID,YHID,,Australia/Brisbane
27005,YHLC,medium_airport,Halls Creek Airport,-18.2339,127.669998,1346,OC,AU,AU-WA,,no,YHLC,HCQ,YHLC,,Australia/Perth
27007,YHML,medium_airport,Hamilton Airport,-37.64889907836914,142.06500244140625,803,OC,AU,AU-VIC,,no,YHML,HLT,YHML,,Australia/Melbourne
27622,YHOO,small_airport,Hooker Creek Airport,-18.3367004395,130.638000488,320,OC,AU,AU-NT,Lajamanu,yes,YHOO,HOK,YHOO,,Australia/Darwin
27008,YHOT,medium_airport,Mount Hotham Airport,-37.0475006104,147.333999634,4260,OC,AU,AU-VIC,Mount Hotham,yes,YHOT,MHU,YHOT,,Australia/Melbourne
27010,YHPN,medium_airport,Hopetoun Airport,-35.715302,142.360001,256,OC,AU,AU-VIC,,no,YHPN,HTU,YHPN,,Australia/Melbourne
27011,YHSM,medium_airport,Horsham Airport,-36.669700622558594,142.17300415039062,445,OC,AU,AU-VIC,,no,YHSM,HSM,YHSM,,Australia/Melbourne
27012,YHUG,small_airport,Hughenden Airport,-20.815001,144.225006,1043,OC,AU,AU-QLD,Hughenden,yes,YHUG,HGD,YHUG,,Australia/Brisbane
27016,YIVL,medium_airport,Inverell Airport,-29.888299942,151.143997192,2667,OC,AU,AU-NSW,Inverell,no,YIVL,IVR,YIVL,,Australia/Sydney
27020,YJLC,small_airport,Julia Creek Airport,-20.66830062866211,141.72300720214844,404,OC,AU,AU-QLD,,yes,YJLC,JCK,YJLC,,Australia/Brisbane
354528,YKAR,small_airport,Karara Airport,-29.217223,116.687154,1011,OC,AU,AU-WA,Karara,yes,YKAR,KQR,YKAR,,
27670,YKBR,small_airport,Kalbarri Airport,-27.692813,114.259169,157,OC,AU,AU-WA,Kalbarri,yes,YKBR,KAX,YKBR,,Australia/Perth
27022,YKER,medium_airport,Kerang Airport,-35.751399993896484,143.93899536132812,254,OC,AU,AU-VIC,,no,YKER,KRA,YKER,,Australia/Melbourne
27023,YKII,medium_airport,King Island Airport,-39.877498626708984,143.8780059814453,132,OC,AU,AU-TAS,,yes,YKII,KNS,YKII,,Australia/Hobart
27024,YKKG,small_airport,Kalkgurung Airport,-17.431900024414062,130.80799865722656,646,OC,AU,AU-NT,,yes,YKKG,KFG,YKKG,,Australia/Darwin
27690,YKMB,small_airport,Karumba Airport,-17.45669937133789,140.8300018310547,5,OC,AU,AU-QLD,,yes,YKMB,KRB,YKMB,,Australia/Brisbane
27025,YKMP,medium_airport,Kempsey Airport,-31.07232,152.765313,54,OC,AU,AU-NSW,,no,YKMP,KPS,YKMP,,Australia/Sydney
27026,YKOW,medium_airport,Kowanyama Airport,-15.485369,141.752572,35,OC,AU,AU-QLD,Kowanyama,yes,YKOW,KWM,YKOW,,Australia/Brisbane
27027,YKRY,medium_airport,Kingaroy Airport,-26.581077,151.839927,1492,OC,AU,AU-QLD,,no,YKRY,KGY,YKRY,,Australia/Brisbane
27028,YKSC,medium_airport,Kingscote Airport,-35.71390151977539,137.52099609375,24,OC,AU,AU-SA,,yes,YKSC,KGC,YKSC,,Australia/Adelaide
27029,YKUB,small_airport,Kubin Island Airport,-10.22648,142.219619,15,OC,AU,AU-QLD,Kubin Island,yes,YKUB,KUG,YKUB,,Australia/Brisbane
27030,YLEC,medium_airport,Leigh Creek Airport,-30.598301,138.425995,856,OC,AU,AU-SA,,no,YLEC,LGH,YLEC,,Australia/Adelaide
27032,YLEO,medium_airport,Leonora Airport,-28.87809944152832,121.31500244140625,1217,OC,AU,AU-WA,Leonora,yes,YLEO,LNO,YLEO,,Australia/Perth
27033,YLEV,small_airport,Lake Evella Airport,-12.498900413513184,135.80599975585938,256,OC,AU,AU-NT,,yes,YLEV,LEL,YLEV,,Australia/Darwin
27721,YLHI,small_airport,Lord Howe Island Airport,-31.538204,159.07546,5,OC,AU,AU-NSW,Lord Howe Island,yes,YLHI,LDH,YLHI,,Australia/Lord_Howe
27034,YLHR,medium_airport,Lockhart River Airport,-12.7869,143.304993,77,OC,AU,AU-QLD,Lockhart River,yes,YLHR,IRG,YLHR,,Australia/Brisbane
27035,YLIS,medium_airport,Lismore Airport,-28.830689,153.258419,35,OC,AU,AU-NSW,Lismore,yes,YLIS,LSY,YLIS,,Australia/Sydney
27037,YLRD,medium_airport,Lightning Ridge Airport,-29.452857,147.977146,540,OC,AU,AU-NSW,,yes,YLRD,LHG,YLRD,,Australia/Sydney
27038,YLRE,medium_airport,Longreach Airport,-23.43202,144.277492,627,OC,AU,AU-QLD,Longreach,yes,YLRE,LRE,YLRE,,Australia/Brisbane
27039,YLST,medium_airport,Leinster Airport,-27.843299865722656,120.7030029296875,1631,OC,AU,AU-WA,,yes,YLST,LER,YLST,,Australia/Perth
27040,YLTN,small_airport,Laverton Airport,-28.614267,122.428673,1530,OC,AU,AU-WA,Laverton,yes,YLTN,LVO,YLTN,,Australia/Perth
27041,YLTV,medium_airport,Latrobe Valley Airport,-38.211004,146.470817,180,OC,AU,AU-VIC,Morwell,no,YLTV,TGN,YLTV,,Australia/Melbourne
32503,YMAA,small_airport,Mabuiag Island Airport,-9.950168,142.19523,,OC,AU,AU-QLD,Mabuiag Island,yes,YMAA,UBB,YMAA,,Australia/Brisbane
31993,YMAE,small_airport,Murray Island Airport,-9.915105,144.054644,300,OC,AU,AU-QLD,Murray Island,yes,YMAE,MYI,YMAE,,Australia/Brisbane
27043,YMAV,large_airport,Melbourne Avalon International Airport,-38.040269,144.467196,35,OC,AU,AU-VIC,Geelong/Melbourne,yes,YMAV,AVV,YMAV,,Australia/Melbourne
27044,YMAY,medium_airport,Albury Airport,-36.066758,146.959148,539,OC,AU,AU-NSW,East Albury,yes,YMAY,ABX,YMAY,,Australia/Melbourne
27045,YMBA,medium_airport,Mareeba Airport,-17.070277,145.424228,1560,OC,AU,AU-QLD,Mareeba,no,YMBA,MRG,YMBA,,Australia/Brisbane
27048,YMDG,medium_airport,Mudgee Airport,-32.564794,149.609452,1545,OC,AU,AU-NSW,Mudgee,no,YMDG,DGE,YMDG,,Australia/Sydney
27050,YMEK,medium_airport,Meekatharra Airport,-26.6117000579834,118.5479965209961,1713,OC,AU,AU-WA,,yes,YMEK,MKR,YMEK,,Australia/Perth
27051,YMEN,medium_airport,Melbourne Essendon Airport,-37.7281,144.901993,282,OC,AU,AU-VIC,Essendon Fields,yes,YMEN,MEB,YMEN,,Australia/Melbourne
27052,YMER,medium_airport,Merimbula Airport,-36.9085998535,149.901000977,7,OC,AU,AU-NSW,Merimbula,yes,YMER,MIM,YMER,,Australia/Sydney
27053,YMES,medium_airport,RAAF Base East Sale,-38.0989,147.149002,23,OC,AU,AU-VIC,,no,,,YMES,,Australia/Melbourne
27054,YMGB,small_airport,Milingimbi Airport,-12.0944004059,134.893997192,53,OC,AU,AU-NT,Milingimbi Island,yes,YMGB,MGT,YMGB,,Australia/Darwin
27055,YMGD,medium_airport,Maningrida Airport,-12.0560998917,134.23399353,123,OC,AU,AU-NT,Maningrida,yes,YMGD,MNG,YMGD,,Australia/Darwin
27058,YMHB,large_airport,Hobart International Airport,-42.837032,147.513022,13,OC,AU,AU-TAS,Hobart (Cambridge),yes,YMHB,HBA,YMHB,,Australia/Hobart
27059,YMHU,small_airport,McArthur River Mine Airport,-16.4424991608,136.083999634,131,OC,AU,AU-NT,McArthur River Mine,yes,YMHU,MCV,YMHU,,Australia/Darwin
27060,YMIA,medium_airport,Mildura Airport,-34.229198455799995,142.085998535,167,OC,AU,AU-VIC,Mildura,yes,YMIA,MQL,YMIA,,Australia/Melbourne
27063,YMLT,medium_airport,Launceston Airport,-41.544935,147.210785,562,OC,AU,AU-TAS,Launceston (Western Junction),yes,YMLT,LST,YMLT,,Australia/Hobart
27064,YMMB,medium_airport,Melbourne Moorabbin Airport,-37.977765,145.099799,50,OC,AU,AU-VIC,Melbourne,yes,YMMB,MBW,YMMB,,Australia/Melbourne
27066,YMML,large_airport,Melbourne Airport,-37.670732,144.837898,434,OC,AU,AU-VIC,Melbourne,yes,YMML,MEL,YMML,,Australia/Melbourne
27069,YMNE,medium_airport,Mount Keith Airport,-27.28733,120.554937,1792,OC,AU,AU-WA,,no,YMNE,WME,YMNE,,Australia/Perth
27071,YMOG,medium_airport,Mount Magnet Airport,-28.116100311279297,117.84200286865234,1354,OC,AU,AU-WA,,yes,YMOG,MMG,YMOG,,Australia/Perth
27072,YMOR,medium_airport,Moree Airport,-29.498899459799997,149.845001221,701,OC,AU,AU-NSW,Moree,yes,YMOR,MRZ,YMOR,,Australia/Sydney
27074,YMRB,medium_airport,Moranbah Airport,-22.057800293,148.07699585,770,OC,AU,AU-QLD,Moranbah,yes,YMRB,MOV,YMRB,,Australia/Brisbane
27803,YMRE,medium_airport,Marree Airport,-29.6633,138.065002,50,OC,AU,AU-SA,,no,YMRE,RRE,YMRE,,Australia/Adelaide
27075,YMRY,medium_airport,Moruya Airport,-35.8978004456,150.143997192,14,OC,AU,AU-NSW,Moruya,yes,YMRY,MYA,YMRY,,Australia/Sydney
507498,YMTG,medium_airport,Mount Gambier Airport,-37.744382,140.780561,,OC,AU,AU-SA,Mount Gambier,yes,YMTG,MGB,YMTG,,Australia/Adelaide
27077,YMTI,small_airport,Mornington Island Airport,-16.662500381469727,139.17799377441406,33,OC,AU,AU-QLD,,yes,YMTI,ONG,YMTI,,Australia/Brisbane
27081,YNAR,medium_airport,Narrandera Airport,-34.7022018433,146.511993408,474,OC,AU,AU-NSW,Narrandera,yes,YNAR,NRA,YNAR,,Australia/Sydney
27082,YNBR,medium_airport,Narrabri Airport,-30.3192005157,149.82699585,788,OC,AU,AU-NSW,Narrabri,yes,YNBR,NAA,YNBR,,Australia/Sydney
27083,YNGU,medium_airport,Ngukurr Airport,-14.7228,134.746994,45,OC,AU,AU-NT,Roper River,no,YNGU,RPM,YNGU,,Australia/Darwin
26898,YNPE,small_airport,Northern Peninsula Airport,-10.946194,142.455081,34,OC,AU,AU-QLD,Bamaga,yes,YNPE,ABM,YNPE,,Australia/Brisbane
27086,YNRM,medium_airport,Narromine Airport,-32.214699,148.225006,782,OC,AU,AU-NSW,,no,,QRM,YNRM,,Australia/Sydney
27088,YNTN,medium_airport,Normanton Airport,-17.68409,141.069664,73,OC,AU,AU-QLD,Normanton,yes,YNTN,NTN,YNTN,,Australia/Brisbane
27090,YNWN,medium_airport,Newman Airport,-23.417800903299998,119.803001404,1724,OC,AU,AU-WA,Newman,yes,YNWN,ZNE,YNWN,,Australia/Perth
27093,YOLD,small_airport,Olympic Dam Airport,-30.483861,136.876699,344,OC,AU,AU-SA,Olympic Dam,yes,YOLD,OLP,YOLD,,Australia/Adelaide
27095,YORG,medium_airport,Orange Airport,-33.382014,149.131262,3115,OC,AU,AU-NSW,Orange,no,YORG,OAG,YORG,,Australia/Sydney
27096,YPAD,large_airport,Adelaide International Airport,-34.947512,138.533393,20,OC,AU,AU-SA,Adelaide,yes,YPAD,ADL,YPAD,,Australia/Adelaide
27097,YPAG,medium_airport,Port Augusta Airport,-32.506900787353516,137.7169952392578,56,OC,AU,AU-SA,,yes,YPAG,PUG,YPAG,,Australia/Adelaide
27098,YPAM,small_airport,Palm Island Airport,-18.755301,146.580994,28,OC,AU,AU-QLD,,yes,YPAM,PMK,YPAM,,Australia/Brisbane
27099,YPBO,medium_airport,Paraburdoo Airport,-23.1711006165,117.745002747,1406,OC,AU,AU-WA,Paraburdoo,yes,YPBO,PBO,YPBO,,Australia/Perth
27100,YPCC,large_airport,Cocos (Keeling) Islands Airport,-12.192218,96.834103,10,AS,CC,CC-U-A,West Island,yes,YPCC,CCK,YPCC,,Indian/Cocos
27101,YPDN,large_airport,Darwin International Airport / RAAF Darwin,-12.41497,130.88185,103,OC,AU,AU-NT,Darwin,yes,YPDN,DRW,YPDN,,Australia/Darwin
27102,YPEA,medium_airport,RAAF Base Pearce,-31.667800903320312,116.01499938964844,149,OC,AU,AU-WA,Bullsbrook,no,,,YPEA,,Australia/Perth
27103,YPED,medium_airport,RAAF Base Edinburgh,-34.705705,138.615564,67,OC,AU,AU-SA,Adelaide,no,YPED,,YPED,,Australia/Adelaide
27104,YPGV,medium_airport,Gove Airport,-12.269399642899998,136.817993164,192,OC,AU,AU-NT,Nhulunbuy,yes,YPGV,GOV,YPGV,,Australia/Darwin
27105,YPIR,medium_airport,Port Pirie Airport,-33.238899,137.994995,40,OC,AU,AU-SA,,no,YPIR,PPI,YPIR,,Australia/Adelaide
27106,YPJT,medium_airport,Perth Jandakot Airport,-32.09749984741211,115.88099670410156,99,OC,AU,AU-WA,Perth,no,YPJT,JAD,YPJT,,Australia/Perth
27107,YPKA,medium_airport,Karratha Airport,-20.712200164799995,116.773002625,29,OC,AU,AU-WA,Karratha,yes,YPKA,KTA,YPKA,,Australia/Perth
27108,YPKG,medium_airport,Kalgoorlie Boulder Airport,-30.791543,121.464586,1203,OC,AU,AU-WA,Broadwood,yes,YPKG,KGI,YPKG,,Australia/Perth
27109,YPKS,medium_airport,Parkes Airport,-33.131401062,148.238998413,1069,OC,AU,AU-NSW,Parkes,yes,YPKS,PKE,YPKS,,Australia/Sydney
27110,YPKT,medium_airport,Port Keats Airport,-14.249701,129.529538,91,OC,AU,AU-NT,Wadeye,no,,PKT,YPKT,,Australia/Darwin
27111,YPKU,medium_airport,East Kimberley Regional (Kununurra) Airport,-15.7781,128.707993,145,OC,AU,AU-WA,Kununurra,yes,YPKU,KNX,YPKU,,Australia/Perth
27112,YPLC,medium_airport,Port Lincoln Airport,-34.6053009033,135.880004883,36,OC,AU,AU-SA,Port Lincoln,yes,YPLC,PLO,YPLC,,Australia/Adelaide
27113,YPLM,medium_airport,Learmonth Airport,-22.235201,114.090024,19,OC,AU,AU-WA,Exmouth,yes,YPLM,LEA,YPLM,,Australia/Perth
316690,YPMH,small_airport,Prominent Hill Airport,-29.716,135.5244,745,OC,AU,AU-SA,Mount Eba,yes,YPMH,PXH,YPMH,,
27114,YPMP,small_airport,Pormpuraaw Airport,-14.896451,141.60908,10,OC,AU,AU-QLD,Pormpuraaw,yes,YPMP,EDR,YPMP,,Australia/Brisbane
27115,YPMQ,medium_airport,Port Macquarie Airport,-31.4358005524,152.863006592,12,OC,AU,AU-NSW,Port Macquarie,yes,YPMQ,PQQ,YPMQ,,Australia/Sydney
27116,YPOD,medium_airport,Portland Airport,-38.31809997558594,141.4709930419922,265,OC,AU,AU-VIC,,yes,YPOD,PTJ,YPOD,,Australia/Melbourne
27117,YPPD,large_airport,Port Hedland International Airport,-20.382787,118.629789,33,OC,AU,AU-WA,Port Hedland,yes,YPPD,PHE,YPPD,,Australia/Perth
27119,YPPH,large_airport,Perth International Airport,-31.94029998779297,115.96700286865234,67,OC,AU,AU-WA,Perth,yes,YPPH,PER,YPPH,,Australia/Perth
27120,YPTN,medium_airport,Tindal Airport,-14.521100044250488,132.3780059814453,443,OC,AU,AU-NT,,no,YPTN,KTR,YPTN,,Australia/Darwin
27122,YPXM,medium_airport,Christmas Island International Airport,-10.450387,105.6911,916,AS,CX,CX-U-A,Flying Fish Cove,yes,YPXM,XCH,YPXM,,Indian/Christmas
27124,YQLP,medium_airport,Quilpie Airport,-26.609176,144.253746,655,OC,AU,AU-QLD,,yes,YQLP,ULP,YQLP,,Australia/Brisbane
27125,YREN,medium_airport,Renmark Airport,-34.1964,140.673996,115,OC,AU,AU-SA,,no,YREN,RMK,YREN,,Australia/Adelaide
27126,YRMD,small_airport,Richmond Airport,-20.701900482177734,143.11500549316406,676,OC,AU,AU-QLD,,yes,YRMD,RCM,YRMD,,Australia/Brisbane
27127,YRNG,small_airport,Ramingining Airport,-12.356399536132812,134.8979949951172,206,OC,AU,AU-NT,,yes,YRNG,RAM,YRNG,,Australia/Darwin
27128,YROM,medium_airport,Roma Airport,-26.545000076300003,148.774993896,1032,OC,AU,AU-QLD,Roma,yes,YROM,RMA,YROM,,Australia/Brisbane
27130,YSBK,medium_airport,Sydney Bankstown Airport,-33.923618,150.990792,29,OC,AU,AU-NSW,Sydney,no,YSBK,BWU,YSBK,,Australia/Sydney
27131,YSCB,medium_airport,Canberra Airport,-35.3069,149.195007,1886,OC,AU,AU-ACT,Canberra,yes,YSCB,CBR,YSCB,,Australia/Sydney
27133,YSCN,medium_airport,Camden Airport,-34.038338,150.686406,230,OC,AU,AU-NSW,Cobbitty,no,YSCN,CDU,YSCN,,Australia/Sydney
27135,YSDU,medium_airport,Dubbo City Regional Airport,-32.2167015076,148.574996948,935,OC,AU,AU-NSW,Dubbo,yes,YSDU,DBO,YSDU,,Australia/Sydney
27136,YSGE,small_airport,St George Airport,-28.049699783325195,148.59500122070312,656,OC,AU,AU-QLD,,yes,YSGE,SGO,YSGE,,Australia/Brisbane
27137,YSHK,medium_airport,Shark Bay Airport,-25.897294,113.575802,111,OC,AU,AU-WA,Denham,yes,YSHK,MJK,YSHK,,Australia/Perth
27177,YSHL,medium_airport,Shellharbour Airport,-34.5611,150.789001,31,OC,AU,AU-NSW,Albion Park Rail,no,YSHL,WOL,YSHL,,Australia/Sydney
27138,YSHT,medium_airport,Shepparton Airport,-36.428341,145.391473,374,OC,AU,AU-VIC,,no,YSHT,SHT,YSHT,,Australia/Melbourne
32252,YSII,small_airport,Saibai Island Airport,-9.37833,142.625,15,OC,AU,AU-QLD,Saibai Island,yes,YSII,SBR,YSII,,Australia/Brisbane
27139,YSMI,medium_airport,Smithton Airport,-40.834999084472656,145.08399963378906,31,OC,AU,AU-TAS,,no,YSMI,SIO,YSMI,,Australia/Hobart
27140,YSNB,medium_airport,Snake Bay Airport,-11.417674,130.648481,173,OC,AU,AU-NT,Milikapiti,yes,YSNK,SNB,YSNK,,Australia/Darwin
27141,YSNF,medium_airport,Norfolk Island International Airport,-29.041759,167.939474,371,OC,NF,NF-U-A,Burnt Pine,yes,YSNF,NLK,YSNF,,Pacific/Norfolk
27142,YSNW,medium_airport,Naval Air Station Nowra - HMAS Albatross,-34.9466,150.542451,400,OC,AU,AU-NSW,Nowra Hill,no,YSNW,NOA,YSNW,,Australia/Sydney
27144,YSRI,medium_airport,RAAF Base Richmond,-33.604652,150.783051,67,OC,AU,AU-NSW,Richmond,no,YSRI,XRH,YSRI,,Australia/Sydney
27145,YSSY,large_airport,Sydney Kingsford Smith International Airport,-33.946098,151.177002,21,OC,AU,AU-NSW,Sydney (Mascot),yes,YSSY,SYD,YSSY,,Australia/Sydney
27147,YSTW,medium_airport,Tamworth Airport,-31.077898,150.845484,1334,OC,AU,AU-NSW,Tamworth,yes,YSTW,TMW,YSTW,,Australia/Sydney
27148,YSWG,medium_airport,Wagga Wagga Airport,-35.163484,147.46832,724,OC,AU,AU-NSW,Forest Hill,yes,YSWG,WGA,YSWG,,Australia/Sydney
27149,YSWH,medium_airport,Swan Hill Airport,-35.37580108642578,143.5330047607422,234,OC,AU,AU-VIC,,no,YSWH,SWH,YSWH,,Australia/Melbourne
27150,YSWL,medium_airport,Stawell Airport,-37.07170104980469,142.74099731445312,807,OC,AU,AU-VIC,,no,YSWL,SWC,YSWL,,Australia/Melbourne
27152,YTEF,medium_airport,Telfer Airport,-21.715,122.228996,970,OC,AU,AU-WA,,no,YTEF,TEF,YTEF,,Australia/Perth
27153,YTEM,medium_airport,Temora Airport,-34.421398,147.511993,921,OC,AU,AU-NSW,Temora,no,YTEM,TEM,YTEM,,Australia/Sydney
27154,YTGM,medium_airport,Thargomindah Airport,-27.986368,143.812065,433,OC,AU,AU-QLD,Thargomindah,yes,YTGM,XTG,YTGM,,Australia/Brisbane
27155,YTIB,medium_airport,Tibooburra Airport,-29.451099,142.057999,584,OC,AU,AU-NSW,,no,YTIB,TYB,YTIB,,Australia/Sydney
27157,YTMU,medium_airport,Tumut Aerodrome,-35.26832,148.240526,878,OC,AU,AU-NSW,Tumut,no,YTMU,TUM,YTMU,,Australia/Sydney
27158,YTNG,medium_airport,Thangool Airport,-24.494863,150.577967,644,OC,AU,AU-QLD,Biloela,yes,YTNG,THG,YTNG,,Australia/Brisbane
27159,YTNK,medium_airport,Tennant Creek Airport,-19.6343994140625,134.18299865722656,1236,OC,AU,AU-NT,Tennant Creek,yes,YTNK,TCA,YTNK,,Australia/Darwin
27161,YTRE,medium_airport,Taree Airport,-31.888599,152.514008,38,OC,AU,AU-NSW,Taree,no,YTRE,TRO,YTRE,,Australia/Sydney
28035,YWBS,small_airport,Warraber Island Airport,-10.20829963684082,142.8249969482422,3,OC,AU,AU-QLD,Sue Islet,yes,YWBS,SYU,YWBS,,Australia/Brisbane
27168,YWDH,medium_airport,Windorah Airport,-25.410641,142.668428,452,OC,AU,AU-QLD,Windorah,yes,YWDH,WNR,YWDH,,Australia/Brisbane
27169,YWGT,medium_airport,Wangaratta Airport,-36.417914,146.306896,504,OC,AU,AU-VIC,Laceby,no,YWGT,WGT,YWGT,,Australia/Melbourne
27170,YWHA,medium_airport,Whyalla Airport,-33.05889892578125,137.51400756835938,41,OC,AU,AU-SA,Whyalla,yes,YWHA,WYA,YWHA,,Australia/Adelaide
27172,YWKB,medium_airport,Warracknabeal Airport,-36.32109832763672,142.41900634765625,397,OC,AU,AU-VIC,,no,YWKB,WKB,YWKB,,Australia/Melbourne
27174,YWLG,medium_airport,Walgett Airport,-30.032801,148.126007,439,OC,AU,AU-NSW,,yes,YWLG,WGE,YWLG,,Australia/Sydney
27175,YWLM,large_airport,Newcastle Airport,-32.796114,151.835025,31,OC,AU,AU-NSW,Williamtown,yes,YWLM,NTL,YWLM,,Australia/Sydney
27176,YWLU,medium_airport,Wiluna Airport,-26.632691,120.221906,1649,OC,AU,AU-WA,,yes,YWLU,WUN,YWLU,,Australia/Perth
27178,YWRN,medium_airport,Warren Airport,-31.733299,147.802994,669,OC,AU,AU-NSW,,no,,,YWRN,,Australia/Sydney
27179,YWSL,medium_airport,West Sale Airport,-38.090827,146.965335,72,OC,AU,AU-VIC,Sale,no,YWSL,SXE,YWSL,,Australia/Melbourne
27180,YWTN,medium_airport,Winton Airport,-22.36359977722168,143.08599853515625,638,OC,AU,AU-QLD,,yes,YWTN,WIN,YWTN,,Australia/Brisbane
27182,YWWL,medium_airport,West Wyalong Airport,-33.9371986389,147.190994263,859,OC,AU,AU-NSW,West Wyalong,no,YWWL,WWY,YWWL,,Australia/Sydney
27184,YWYY,medium_airport,Wynyard Airport,-40.997039,145.726,62,OC,AU,AU-TAS,Burnie,yes,YWYY,BWT,YWYY,,Australia/Hobart
32111,YYKI,small_airport,Yorke Island Airport,-9.752801,143.405673,10,OC,AU,AU-QLD,Yorke Island,yes,YYKI,OKR,YYKI,,Australia/Brisbane
32708,YYMI,small_airport,Yam Island Airport,-9.899187,142.774265,,OC,AU,AU-QLD,Yam Island,yes,YYMI,XMY,YYMI,,Australia/Brisbane
27186,YYNG,medium_airport,Young Airport,-34.255576,148.247118,1267,OC,AU,AU-NSW,,no,YYNG,NGA,YYNG,,Australia/Sydney
26345,Z13,small_airport,Akiachak Airport,60.913809,-161.493329,23,NA,US,US-AK,Akiachak,yes,PFZK,KKI,PFZK,Z13,
44936,Z19O,medium_airport,Wujah Al Hajar Air Base,34.281226,35.680096,840,AS,LB,LB-AS,Hamat,no,,,,Z19O,
26365,Z91,small_airport,Birch Creek Airport,66.2740020752,-145.824005127,450,NA,US,US-AK,Birch Creek,yes,,KBC,Z91,Z91,
27188,ZBAA,large_airport,Beijing Capital International Airport,40.077349,116.596702,116,AS,CN,CN-11,Beijing,yes,ZBAA,PEK,ZBAA,,Asia/Shanghai
330820,ZBAD,large_airport,Beijing Daxing International Airport,39.501289,116.413967,98,AS,CN,CN-11,Beijing,yes,ZBAD,PKX,ZBAD,,Asia/Shanghai
32006,ZBBB,medium_airport,Beijing Xijiao Airport,39.958592,116.256765,164,AS,CN,CN-11,Beijing,no,ZBBB,,ZBBB,,Asia/Shanghai
327347,ZBCD,medium_airport,Chengde Puning Airport,41.1225,118.073889,,AS,CN,CN-13,Chengde,yes,ZBCD,CDE,ZBCD,,Asia/Shanghai
30829,ZBCF,medium_airport,Chifeng Yulong Airport,42.159723,118.840971,2018,AS,CN,CN-15,Chifeng,yes,ZBCF,CIF,ZBCF,,Asia/Shanghai
30830,ZBCZ,small_airport,Changzhi Wangcun Airport,36.247501,113.125999,,AS,CN,CN-14,Changzhi,yes,ZBCZ,CIH,ZBCZ,,Asia/Shanghai
318174,ZBDH,medium_airport,Qinhuangdao Beidaihe Airport,39.666384,119.061384,46,AS,CN,CN-13,Qinhuangdao (Changli),yes,ZBDH,BPE,ZBDH,,
300513,ZBDS,large_airport,Ordos Ejin Horo International Airport,39.493514,109.8599,4557,AS,CN,CN-15,Ordos,yes,ZBDS,DSN,ZBDS,,Asia/Shanghai
30876,ZBDT,large_airport,Datong Yungang International Airport,40.06139,113.480509,3442,AS,CN,CN-14,Datong,yes,ZBDT,DAT,ZBDT,,Asia/Shanghai
300671,ZBER,medium_airport,Erenhot Saiwusu International Airport,43.424079,112.091081,3301,AS,CN,CN-15,Erenhot,yes,ZBER,ERL,ZBER,,Asia/Shanghai
315854,ZBES,medium_airport,Arxan Yi'ershi Airport,47.3106,119.9117,2925,AS,CN,CN-15,Arxan,yes,ZBES,YIE,ZBES,,Asia/Shanghai
300860,ZBHD,medium_airport,Handan Airport,36.524824,114.424126,229,AS,CN,CN-13,Handan,yes,ZBHD,HDG,ZBHD,,Asia/Shanghai
27189,ZBHH,large_airport,Hohhot Baita International Airport,40.849658,111.824598,3556,AS,CN,CN-15,Hohhot,yes,ZBHH,HET,ZBHH,,Asia/Shanghai
327443,ZBHZ,medium_airport,Holingol Huolinhe Airport,45.487222,119.407222,,AS,CN,CN-15,Holingol,yes,ZBHZ,HUO,ZBHZ,,Asia/Shanghai
27190,ZBLA,large_airport,Hulunbuir Hailar Airport,49.208616,119.822301,2169,AS,CN,CN-15,Hailar,yes,ZBLA,HLD,ZBLA,,Asia/Shanghai
323216,ZBLF,medium_airport,Linfen Yaodu Airport,36.132629,111.641236,1483,AS,CN,CN-14,Linfen (Yaodu),yes,ZBLF,LFQ,ZBLF,,
327444,ZBLL,medium_airport,Lüliang Dawu Airport,37.683333,111.142778,,AS,CN,CN-61,Lüliang,yes,ZBLL,LLV,ZBLL,,
322165,ZBMZ,medium_airport,Manzhouli Xijiao Airport,49.566667,117.33,2231,AS,CN,CN-15,Manzhouli,yes,ZBMZ,NZH,ZBMZ,,Asia/Shanghai
30679,ZBOW,large_airport,Baotou Donghe International Airport,40.560001,109.997002,3321,AS,CN,CN-15,Baotou,yes,ZBOW,BAV,ZBOW,,Asia/Shanghai
526860,ZBSG,medium_airport,Shuozhou Zirun Airport,39.273241,112.691552,,AS,CN,CN-14,Shuozhou,yes,ZBSG,SZH,ZBSG,,Asia/Shanghai
27191,ZBSJ,large_airport,Shijiazhuang Zhengding International Airport,38.280701,114.696999,233,AS,CN,CN-13,Shijiazhuang,yes,ZBSJ,SJW,ZBSJ,,Asia/Shanghai
43975,ZBSN,small_airport,Tangshan Sannühe Airport,39.7178,118.002625,50,AS,CN,CN-13,Tangshan (Fengrun),yes,ZBSN,TVS,ZBSN,,Asia/Shanghai
27192,ZBTJ,large_airport,Tianjin Binhai International Airport,39.124401092499994,117.346000671,10,AS,CN,CN-12,Tianjin,yes,ZBTJ,TSN,ZBTJ,,Asia/Shanghai
32440,ZBTL,medium_airport,Tongliao Airport,43.556702,122.199997,2395,AS,CN,CN-15,Tongliao,yes,ZBTL,TGO,ZBTL,,Asia/Shanghai
327445,ZBUC,medium_airport,Ulanqab Jining Airport,41.130266,113.107274,,AS,CN,CN-15,Ulanqab,yes,ZBUC,UCB,ZBUC,,Asia/Shanghai
308728,ZBUH,medium_airport,Wuhai Airport,39.7934,106.7993,3650,AS,CN,CN-15,Wuhai,yes,ZBUH,WUA,ZBUH,,Asia/Shanghai
35315,ZBUL,small_airport,Ulanhot Yilelite Airport,46.195333,122.008333,,AS,CN,CN-15,Ulanhot,yes,ZBUL,HLH,ZBUL,,Asia/Shanghai
523113,ZBUT,small_airport,Ruad Zhongqi Hailiutu Airport,41.694354,108.378439,4675,AS,CN,CN-15,Ruad Zhongqi (Urad Middle Banner),yes,ZBUT,,ZBUT,,
32700,ZBXH,medium_airport,Xilinhot Airport,43.91559982299805,115.96399688720703,,AS,CN,CN-15,Xilinhot,yes,ZBXH,XIL,ZBXH,,Asia/Shanghai
323217,ZBXZ,small_airport,Xinzhou Wutaishan Airport,38.597456,112.969173,2527,AS,CN,CN-14,Xinzhou,yes,ZBXZ,WUT,ZBXZ,,
300455,ZBYC,large_airport,Yuncheng Yanhu International Airport,35.117823,111.034023,1242,AS,CN,CN-61,Yuncheng (Yanhu),yes,ZBYC,YCU,ZBYC,,Asia/Shanghai
27193,ZBYN,large_airport,Taiyuan Wusu International Airport,37.746899,112.627998,2575,AS,CN,CN-14,Taiyuan,yes,ZBYN,TYN,ZBYN,,Asia/Shanghai
314499,ZBYZ,medium_airport,Bayannur Tianjitai Airport,40.926358,107.74093,3400,AS,CN,CN-15,Bayannur,yes,ZBYZ,RLK,ZBYZ,,Asia/Shanghai
44100,ZBZJ,medium_airport,Zhangjiakou Ningyuan Airport,40.738664,114.933395,2347,AS,CN,CN-13,Zhangjiakou,yes,ZBZJ,ZQZ,ZBZJ,,
323666,ZBZL,medium_airport,Zhalantun Genghis Khan Airport,47.865942,122.768662,928,AS,CN,CN-15,Zhalantun,yes,ZBZL,NZL,ZBZL,,Asia/Shanghai
30708,ZGBH,medium_airport,Beihai Fucheng Airport,21.538659,109.293683,75,AS,CN,CN-45,Beihai,yes,ZGBH,BHY,ZGBH,,Asia/Shanghai
44160,ZGBS,medium_airport,Baise (Bose) Bama Airport,23.7206,106.959999,490,AS,CN,CN-45,Baise (Tianyang),yes,ZGBS,AEB,ZGBS,,Asia/Shanghai
30825,ZGCD,medium_airport,Changde Taohuayuan Airport,28.9189,111.639999,128,AS,CN,CN-43,Changde (Dingcheng),yes,ZGCD,CGD,ZGCD,,Asia/Shanghai
300890,ZGCJ,medium_airport,Huaihua Zhijiang Airport,27.443087,109.704666,882,AS,CN,CN-43,Huaihua,yes,ZGCJ,HJJ,ZGCJ,,Asia/Shanghai
352634,ZGCZ,medium_airport,Chenzhou Beihu Airport,25.753419,112.845404,1071,AS,CN,CN-43,Chenzhou,yes,ZGCZ,HCZ,ZGCZ,,Asia/Shanghai
30958,ZGDY,large_airport,Zhangjiajie Hehua International Airport,29.104749,110.442786,8530,AS,CN,CN-43,Zhangjiajie (Yongding),yes,ZGDY,DYG,ZGDY,,Asia/Shanghai
44139,ZGFS,medium_airport,Foshan Shadi Airport,23.0825,113.070833,6,AS,CN,CN-44,Foshan (Nanhai),yes,ZGFS,FUO,ZGFS,,Asia/Shanghai
27194,ZGGG,large_airport,Guangzhou Baiyun International Airport,23.392401,113.299004,50,AS,CN,CN-44,Guangzhou (Huadu),yes,ZGGG,CAN,ZGGG,,Asia/Shanghai
27195,ZGHA,large_airport,Changsha Huanghua International Airport,28.189199,113.220001,217,AS,CN,CN-43,Changsha (Changsha),yes,ZGHA,CSX,ZGHA,,Asia/Shanghai
318152,ZGHC,medium_airport,Hechi Jinchengjiang Airport,24.804344,107.710819,2221,AS,CN,CN-45,Hechi (Jinchengjiang),yes,ZGHC,HCJ,ZGHC,,Asia/Shanghai
31610,ZGHY,small_airport,Hengyang Nanyue Airport,26.72208,112.617958,,AS,CN,CN-43,Hengyang,yes,ZGHY,HNY,ZGHY,,Asia/Shanghai
44146,ZGHZ,medium_airport,Huizhou Pingtan Airport,23.049999,114.599998,50,AS,CN,CN-44,Huizhou (Pingtan),yes,ZGHZ,HUZ,ZGHZ,,Asia/Shanghai
27196,ZGKL,large_airport,Guilin Liangjiang International Airport,25.219828,110.039553,570,AS,CN,CN-45,Guilin (Lingui),yes,ZGKL,KWL,ZGKL,,Asia/Shanghai
308238,ZGLG,medium_airport,Yongzhou Lingling Airport,26.338661,111.610043,340,AS,CN,CN-43,Yongzhou,yes,ZGLG,LLF,ZGLG,,Asia/Shanghai
35314,ZGMX,small_airport,Meizhou Meixian Changgangji International Airport,24.263425,116.097857,312,AS,CN,CN-44,Meizhou (Meixian),yes,ZGMX,MXZ,ZGMX,,Asia/Shanghai
27197,ZGNN,large_airport,Nanning Wuxu International Airport,22.598071,108.181922,421,AS,CN,CN-45,Nanning (Jiangnan),yes,ZGNN,NNG,ZGNN,,Asia/Shanghai
32400,ZGOW,large_airport,Jieyang Chaoshan International Airport,23.552,116.5033,,AS,CN,CN-44,Jieyang (Rongcheng),yes,ZGOW,SWA,ZGOW,,Asia/Shanghai
30593,ZGSD,large_airport,Zhuhai Jinwan Airport,22.006399,113.375999,23,AS,CN,CN-44,Zhuhai (Jinwan),yes,ZGSD,ZUH,ZGSD,,Asia/Shanghai
327446,ZGSY,medium_airport,Shaoyang Wugang Airport,26.806123,110.641042,1444,AS,CN,CN-43,Shaoyang (Wugang),yes,ZGSY,WGN,ZGSY,,
27198,ZGSZ,large_airport,Shenzhen Bao'an International Airport,22.639474,113.803262,13,AS,CN,CN-44,Shenzhen,yes,ZGSZ,SZX,ZGSZ,,Asia/Shanghai
336110,ZGWZ,medium_airport,Wuzhou Xijiang Airport,23.40316,111.09331,357,AS,CN,CN-45,Tangbu,yes,ZGWZ,WUZ,ZGWZ,WUZ,Asia/Shanghai
514411,ZGXX,small_airport,Xiangxi Biancheng Airport,28.4972,109.5218,,AS,CN,CN-43,Xiangxi,yes,ZGXX,DXJ,ZGXX,,
344100,ZGYL,medium_airport,Yulin Fumian Airport,22.433042,110.119996,328,AS,CN,CN-45,Yulin,yes,ZGYL,YLX,ZGYL,,Asia/Shanghai
325171,ZGYY,medium_airport,Yueyang Sanhe Airport,29.311699,113.281574,230,AS,CN,CN-43,Yueyang (Yueyanglou),yes,ZGYY,YYA,ZGYY,YYA,Asia/Shanghai
31874,ZGZH,medium_airport,Liuzhou Bailian Airport / Bailian Air Base,24.2075,109.390999,295,AS,CN,CN-45,Liuzhou (Liujiang),yes,ZGZH,LZH,ZGZH,,Asia/Shanghai
354995,ZGZJ,large_airport,Zhanjiang Wuchuan International Airport,21.481667,110.590278,,AS,CN,CN-44,Zhanjiang,yes,ZGZJ,ZHA,ZGZJ,,Asia/Shanghai
27199,ZHCC,large_airport,Zhengzhou Xinzheng International Airport,34.526497,113.849165,495,AS,CN,CN-41,Zhengzhou,yes,ZHCC,CGO,ZHCC,,Asia/Shanghai
347108,ZHEC,large_airport,Ezhou Huahu International Airport,30.341178,115.03926,86,AS,CN,CN-42,Ezhou,yes,ZHEC,EHU,ZHEC,,Asia/Shanghai
31006,ZHES,medium_airport,Enshi Xujiaping Airport,30.320299,109.485001,1605,AS,CN,CN-42,Enshi (Enshi),yes,ZHES,ENH,ZHES,,Asia/Shanghai
31818,ZHGH,medium_airport,Guangzhou MR Air Base / Guanghua Airport,32.38866,111.69425,,AS,CN,CN-42,Xiangyang (Laohekou),no,ZHGH,LHK,ZHGH,,Asia/Shanghai
27200,ZHHH,large_airport,Wuhan Tianhe International Airport,30.774798,114.213723,113,AS,CN,CN-42,Wuhan (Huangpi),yes,ZHHH,WUH,ZHHH,,Asia/Shanghai
347636,ZHJZ,medium_airport,Jingzhou Shashi Airport,30.29281,112.44854,95,AS,CN,CN-42,Jingzhou (Shashi),yes,ZHJZ,SHS,ZHJZ,SHS,Asia/Shanghai
31870,ZHLY,large_airport,Luoyang Beijiao Airport,34.7411,112.388,840,AS,CN,CN-41,Luoyang (Laocheng),yes,ZHLY,LYA,ZHLY,,Asia/Shanghai
32041,ZHNY,small_airport,Nanyang Jiangying Airport,32.982696,112.617467,840,AS,CN,CN-41,Nanyang (Wancheng),yes,ZHNY,NNY,ZHNY,,Asia/Shanghai
518484,ZHQQ,small_airport,Anyang Hongqiqu Airport,35.870833,114.461944,,AS,CN,CN-41,Anyang,yes,ZHQQ,HQQ,ZHQQ,,
319811,ZHSN,medium_airport,Shennongjia Hongping Airport,31.626,110.34,8365,AS,CN,CN-42,Shennongjia (Hongping),yes,ZHSN,HPG,ZHSN,,
318173,ZHSY,medium_airport,Shiyan Wudangshan Airport,32.592889,110.906296,,AS,CN,CN-42,Shiyan (Maojian),yes,ZHSY,WDS,ZHSY,,
32697,ZHXF,medium_airport,Xiangyang Liuji Airport,32.152222,112.291666,234,AS,CN,CN-42,Xiangyang (Xiangzhou),yes,ZHXF,XFN,ZHXF,,Asia/Shanghai
323907,ZHXY,medium_airport,Xinyang Minggang Airport,32.540819,114.079141,312,AS,CN,CN-41,Xinyang,yes,ZHXY,XAI,ZHXY,,Asia/Shanghai
32723,ZHYC,medium_airport,Yichang Sanxia Airport,30.554132,111.482563,673,AS,CN,CN-42,Yichang (Xiaoting),yes,ZHYC,YIH,ZHYC,,Asia/Shanghai
27201,ZJHK,large_airport,Haikou Meilan International Airport,19.9349,110.459,75,AS,CN,CN-46,Haikou (Meilan),yes,ZJHK,HAK,ZJHK,,Asia/Shanghai
323220,ZJQH,medium_airport,Qionghai Bo'ao Airport,19.140951,110.452766,30,AS,CN,CN-46,Qionghai (Basuo),yes,ZJQH,BAR,ZJQH,,Asia/Shanghai
27202,ZJSY,large_airport,Sanya Phoenix International Airport,18.3029,109.412003,92,AS,CN,CN-46,Sanya (Tianya),yes,ZJSY,SYX,ZJSY,,Asia/Shanghai
35242,ZKHM,medium_airport,Orang (Chongjin) Airport,41.428538,129.647555,12,AS,KP,KP-09,Hoemun-ri,yes,ZKHM,RGO,ZKHM,,Asia/Pyongyang
27203,ZKPY,large_airport,Pyongyang Sunan International Airport,39.224098,125.669998,117,AS,KP,KP-01,Pyongyang,yes,ZKPY,FNJ,ZKPY,,Asia/Pyongyang
35231,ZKSC,medium_airport,Sunchon Air Base,39.412463,125.890273,141,AS,KP,KP-02,Sunchon,no,,,ZKSC,,
35218,ZKSD,medium_airport,Sondok Airport,39.745201,127.473999,12,AS,KP,KP-08,Sŏndŏng-ni,yes,ZKSD,DSO,ZKSD,,Asia/Pyongyang
35213,ZKWS,medium_airport,Wonsan Kalma Airport,39.165219,127.487931,7,AS,KP,KP-07,Wonsan,yes,ZKWS,WOS,ZKWS,,
30632,ZLAK,small_airport,Ankang Fuqiang Airport,32.75696,108.87338,1209,AS,CN,CN-61,Ankang (Hanbin),yes,ZLAK,AKA,ZLAK,,Asia/Shanghai
30929,ZLDH,large_airport,Dunhuang Mogao International Airport,40.161953,94.812827,,AS,CN,CN-62,Dunhuang,yes,ZLDH,DNH,ZLDH,,Asia/Shanghai
318171,ZLDL,medium_airport,Haixi Delingha Airport,37.125286,97.268658,9843,AS,CN,CN-63,Delingha,yes,ZLDL,HXD,ZLDL,,Asia/Shanghai
319715,ZLGL,medium_airport,Golog Maqên Airport,34.418066,100.301144,12426,AS,CN,CN-63,Golog (Maqên),yes,ZLGL,GMQ,ZLGL,,
35308,ZLGM,medium_airport,Golmud Airport,36.4006,94.786102,9334,AS,CN,CN-63,Golmud,yes,ZLGM,GOQ,ZLGM,,Asia/Shanghai
300741,ZLGY,medium_airport,Guyuan Liupanshan Airport,36.078889,106.216944,5727,AS,CN,CN-64,Guyuan (Yuanzhou),yes,ZLGY,GYU,ZLGY,,Asia/Shanghai
333096,ZLHB,small_airport,Haibei Qilian Airport,38.008068,100.645065,10377,AS,CN,CN-63,Haibei (Qilian),yes,ZLHB,HBQ,ZLHB,,Asia/Shanghai
319417,ZLHX,medium_airport,Huatugou Airport,38.201645,90.837843,2945,AS,CN,CN-63,Mengnai,yes,ZLHX,HTT,ZLHX,,
31659,ZLHZ,medium_airport,Hanzhong Chenggu Airport,33.133527,107.203817,,AS,CN,CN-61,Hanzhong (Chenggu),yes,ZLHZ,HZG,ZLHZ,,Asia/Shanghai
298989,ZLIC,large_airport,Yinchuan Hedong International Airport,38.322758,106.393214,3743,AS,CN,CN-64,Yinchuan,yes,ZLIC,INC,ZLIC,,Asia/Shanghai
301010,ZLJC,medium_airport,Jinchang Jinchuan Airport,38.542222,102.348333,4740,AS,CN,CN-62,Jinchang,yes,ZLJC,JIC,ZLJC,,Asia/Shanghai
31699,ZLJQ,large_airport,Jiayuguan International Airport,39.859052,98.339344,5112,AS,CN,CN-62,Jiayuguan,yes,ZLJQ,JGN,ZLJQ,,Asia/Shanghai
27204,ZLLL,large_airport,Lanzhou Zhongchuan International Airport,36.515202,103.620003,6388,AS,CN,CN-62,Lanzhou (Yongdeng),yes,ZLLL,LHW,ZLLL,,Asia/Shanghai
327544,ZLLN,medium_airport,Longnan Chengzhou Airport,33.789918,105.790014,3707,AS,CN,CN-62,Longnan (Cheng),yes,ZLLN,LNL,ZLLN,,Asia/Shanghai
31685,ZLQY,medium_airport,Qingyang Xifeng Airport,35.802638,107.598896,,AS,CN,CN-62,Qingyang (Xifeng),yes,ZLQY,IQN,ZLQY,,Asia/Shanghai
32299,ZLSN,medium_airport,Xi'an Xiguan Airport,34.376701,109.120003,,AS,CN,CN-61,Xi'an (Baqiao),no,ZLSN,SIA,ZLSN,,Asia/Shanghai
44208,ZLTS,medium_airport,Tianshui Maijishan Airport,34.5601,105.860343,3590,AS,CN,CN-62,Tianshui (Maiji),yes,ZLTS,THQ,ZLTS,,Asia/Shanghai
312986,ZLXH,medium_airport,Gannan Xiahe Airport,34.819014,102.622261,10510,AS,CN,CN-62,Gannan (Xiahe),yes,ZLXH,GXH,ZLXH,,
32709,ZLXN,large_airport,Xining Caojiabao International Airport,36.52775,102.040215,7119,AS,CN,CN-63,Haidong (Huzhu Tu Autonomous County),yes,ZLXN,XNN,ZLXN,,Asia/Shanghai
27205,ZLXY,large_airport,Xi'an Xianyang International Airport,34.442207,108.762385,1572,AS,CN,CN-61,Xi'an,yes,ZLXY,XIY,ZLXY,,Asia/Shanghai
336112,ZLYA,medium_airport,Yan'an Nanniwan Airport,36.479413,109.464083,,AS,CN,CN-61,Yan'an (Baota),yes,ZLYA,ENY,ZLYA,ENY,Asia/Shanghai
32563,ZLYL,medium_airport,Yulin Yuyang Airport,38.35971,109.590927,3891,AS,CN,CN-61,Yulin,yes,ZLYL,UYN,ZLYL,,Asia/Shanghai
300516,ZLYS,medium_airport,Yushu Batang Airport,32.836389,97.036389,12816,AS,CN,CN-63,Yushu (Batang),yes,ZLYS,YUS,ZLYS,,Asia/Shanghai
308462,ZLZW,medium_airport,Zhongwei Shapotou Airport,37.573125,105.154454,4088,AS,CN,CN-64,Zhongwei (Shapotou),yes,ZLZW,ZHY,ZLZW,,Asia/Shanghai
44221,ZLZY,medium_airport,Zhangye Ganzhou Airport,38.801899,100.675003,5280,AS,CN,CN-62,Zhangye (Ganzhou),yes,ZLZY,YZY,ZLZY,,America/Vancouver
508595,ZM-0045,medium_airport,Kalumbila Airport,-12.25358,25.44432,4354,AF,ZM,ZM-06,Kalumbila,no,,UMB,,,
29670,ZMAH,medium_airport,Arvaikheer Airport,46.250301361083984,102.802001953125,5932,AS,MN,MN-055,Arvaikheer,yes,ZMAH,AVK,ZMAH,,Asia/Ulaanbaatar
29654,ZMAT,medium_airport,Altai Airport,46.376399993896484,96.22109985351562,7260,AS,MN,MN-065,Altai,yes,ZMAT,LTI,ZMAT,,Asia/Hovd
27206,ZMBH,medium_airport,Bayankhongor Airport,46.1633,100.704002,6085,AS,MN,MN-069,Bayankhongor,yes,ZMBH,BYN,ZMBH,,Asia/Ulaanbaatar
29736,ZMBN,medium_airport,Bulgan Airport,48.85499954223633,103.47599792480469,4311,AS,MN,MN-067,Bulgan,yes,ZMBN,UGA,ZMBN,,Asia/Ulaanbaatar
27207,ZMBU,medium_airport,Baruun Urt Airport,46.660301208496094,113.28500366210938,3205,AS,MN,MN-051,,no,ZMBU,UUN,ZMBU,,Asia/Choibalsan
27208,ZMCD,medium_airport,Choibalsan Airport,48.135381,114.647231,2457,AS,MN,MN-061,,yes,ZMCD,COQ,ZMCD,,Asia/Choibalsan
335326,ZMCK,large_airport,Ulaanbaatar Chinggis Khaan International Airport,47.646916,106.819833,4482,AS,MN,MN-047,Ulaanbaatar (Sergelen),yes,ZMCK,UBN,ZMCK,,Asia/Ulaanbaatar
308755,ZMDN,small_airport,Donoi Airport,47.7093,96.5258,5800,AS,MN,MN-057,Uliastai,yes,ZMDN,ULZ,ZMDN,,
27209,ZMDZ,medium_airport,Dalanzadgad Airport,43.608628,104.367734,4787,AS,MN,MN-053,Dalanzadgad,yes,ZMDZ,DLZ,ZMDZ,,Asia/Ulaanbaatar
27210,ZMKD,medium_airport,Khovd Airport,47.954102,91.628197,4898,AS,MN,MN-043,Khovd,yes,ZMKD,HVD,ZMKD,,Asia/Hovd
31983,ZMMG,small_airport,Mandalgobi Airport,45.7380981445,106.268997192,4550,AS,MN,MN-059,Mandalgobi,yes,ZMMG,MXW,ZMMG,,
27211,ZMMN,medium_airport,Mörön Airport,49.663677,100.100028,4272,AS,MN,MN-041,Mörön,yes,ZMMN,MXV,ZMMN,,Asia/Ulaanbaatar
27212,ZMUB,large_airport,Buyant-Ukhaa International Airport,47.843102,106.766998,4364,AS,MN,MN-1,Ulaanbaatar,no,ZMUB,ULN,ZMUB,,Asia/Ulaanbaatar
302316,ZMUG,medium_airport,Ulaangom Airport,50.066588,91.938273,5676,AS,MN,MN-046,Ulaangom,yes,ZMUG,ULO,ZMUG,,Asia/Hovd
30505,ZMUL,medium_airport,Ölgii Mongolei International Airport,48.993301,89.922501,5732,AS,MN,MN-071,Ölgii,yes,ZMUL,ULG,ZMUL,,Asia/Hovd
44103,ZPBS,medium_airport,Baoshan Yunrui Airport,25.053301,99.168297,5453,AS,CN,CN-53,Baoshan (Longyang),yes,ZPBS,BSD,ZPBS,,Asia/Shanghai
327447,ZPCW,medium_airport,Cangyuan Washan Airport,23.276331,99.373169,,AS,CN,CN-53,Lincang (Cangyuan),yes,ZPCW,CWJ,ZPCW,,
30925,ZPDL,medium_airport,Dali Fengyi Airport,25.649401,100.319,7050,AS,CN,CN-53,Dali (Xiaguan),yes,ZPDL,DLU,ZPDL,,Asia/Shanghai
30916,ZPDQ,medium_airport,Diqing Shangri-La Airport,27.7936,99.6772,10761,AS,CN,CN-53,Diqing (Shangri-La),yes,ZPDQ,DIG,ZPDQ,,Asia/Shanghai
27213,ZPJH,large_airport,Xishuangbanna Gasa International Airport,21.974648,100.762224,1815,AS,CN,CN-53,Jinghong (Gasa),yes,ZPJH,JHG,ZPJH,,Asia/Shanghai
327448,ZPJM,medium_airport,Lancang Jingmai Airport,22.417733,99.784012,,AS,CN,CN-53,Pu'er (Lancang),yes,ZPJM,JMJ,ZPJM,,
44116,ZPLC,medium_airport,Lincang Boshang Airport,23.7381,100.025002,6230,AS,CN,CN-53,Lincang,yes,ZPLC,LNJ,ZPLC,,Asia/Shanghai
31828,ZPLJ,large_airport,Lijiang Sanyi International Airport,26.677483,100.244944,7359,AS,CN,CN-53,Lijiang,yes,ZPLJ,LJG,ZPLJ,,Asia/Shanghai
31862,ZPMS,medium_airport,Dehong Mangshi International Airport,24.4011,98.5317,2890,AS,CN,CN-53,Dehong (Mangshi),yes,ZPMS,LUM,ZPMS,,Asia/Shanghai
27214,ZPPP,large_airport,Kunming Changshui International Airport,25.110313,102.936743,6903,AS,CN,CN-53,Kunming,yes,ZPPP,KMG,ZPPP,,Asia/Shanghai
32417,ZPSM,small_airport,Pu'er Simao Airport,22.793301,100.959,,AS,CN,CN-53,Pu'er,yes,ZPSM,SYM,ZPSM,,Asia/Shanghai
318119,ZPWS,small_airport,Wenshan Puzhehei Airport,23.5583,104.3255,5217,AS,CN,CN-53,Wenshan,yes,ZPWS,WNH,ZPWS,,
44127,ZPYM,medium_airport,Yuanmou Air Base,25.737499,101.882004,3810,AS,CN,CN-53,Chuxiong (Yuanmou),no,ZPYM,YUA,ZPYM,,
27215,ZSAM,large_airport,Xiamen Gaoqi International Airport,24.543889,118.127454,59,AS,CN,CN-35,Xiamen,yes,ZSAM,XMN,ZSAM,,Asia/Shanghai
30650,ZSAQ,medium_airport,Anqing Tianzhushan Airport / Anqing North Air Base,30.582199,117.050003,,AS,CN,CN-34,Anqing,yes,ZSAQ,AQG,ZSAQ,,Asia/Shanghai
301883,ZSBB,medium_airport,Bengbu Renheji Airport,32.847733,117.320244,100,AS,CN,CN-34,Bengbu,no,ZSBB,BFU,ZSBB,,Asia/Shanghai
30871,ZSCG,medium_airport,Changzhou Benniu International Airport,31.920485,119.77546,33,AS,CN,CN-32,Changzhou,yes,ZSCG,CZX,ZSCG,,Asia/Shanghai
27216,ZSCN,large_airport,Nanchang Changbei International Airport,28.864815,115.90271,143,AS,CN,CN-36,Nanchang,yes,ZSCN,KHN,ZSCN,,Asia/Shanghai
44169,ZSDY,medium_airport,Dongying Shengli Airport,37.50137,118.789863,15,AS,CN,CN-37,Dongying (Kenli),yes,ZSDY,DOY,ZSDY,,Asia/Shanghai
308240,ZSFY,medium_airport,Fuyang Xiguan Airport,32.882157,115.734364,104,AS,CN,CN-34,"Yingzhou, Fuyang",yes,ZSFY,FUG,ZSFY,,Asia/Shanghai
27217,ZSFZ,large_airport,Fuzhou Changle International Airport,25.929254,119.672524,46,AS,CN,CN-35,Fuzhou (Changle),yes,ZSFZ,FOC,ZSFZ,FOC,Asia/Shanghai
31769,ZSGZ,small_airport,Ganzhou Huangjin Airport,25.853333,114.778889,387,AS,CN,CN-36,Ganzhou,yes,ZSGZ,KOW,ZSGZ,,Asia/Shanghai
27218,ZSHC,large_airport,Hangzhou Xiaoshan International Airport,30.23609,120.428865,23,AS,CN,CN-33,Hangzhou,yes,ZSHC,HGH,ZSHC,,Asia/Shanghai
352633,ZSHZ,medium_airport,Heze Mudan Airport,35.212972,115.736748,151,AS,CN,CN-37,Heze (Dingtao),yes,ZSHZ,HZA,ZSHZ,,
31695,ZSJD,medium_airport,Jingdezhen Luojia Airport,29.3386,117.176003,112,AS,CN,CN-36,Jingdezhen,yes,ZSJD,JDZ,ZSJD,,Asia/Shanghai
548284,ZSJG,medium_airport,Jining Da'an Airport,35.647358,116.743269,171,AS,CN,CN-37,Jining,yes,ZSJG,JNG,ZSJG,,Asia/Shanghai
35309,ZSJJ,small_airport,Jiujiang Lushan Airport,29.476944,115.801111,,AS,CN,CN-36,Jiujiang,yes,ZSJJ,JIU,ZSJJ,,Asia/Shanghai
27219,ZSJN,large_airport,Jinan Yaoqiang International Airport,36.857201,117.216003,76,AS,CN,CN-37,Jinan (Licheng),yes,ZSJN,TNA,ZSJN,,Asia/Shanghai
31714,ZSJU,medium_airport,Quzhou Airport,28.96613,118.898793,213,AS,CN,CN-33,Quzhou (Kezheng),yes,ZSJU,JUZ,ZSJU,,Asia/Shanghai
44167,ZSLG,large_airport,Lianyungang Huaguoshan International Airport,34.41406,119.17899,,AS,CN,CN-32,Lianyungang,yes,ZSLG,LYG,ZSLG,,Asia/Shanghai
44234,ZSLO,medium_airport,Liancheng Guanzhishan Airport,25.67592,116.745907,1225,AS,CN,CN-35,Longyan (Liancheng),yes,ZSLO,LCX,ZSLO,,Asia/Shanghai
31658,ZSLQ,medium_airport,Taizhou Luqiao Airport,28.562201,121.429001,,AS,CN,CN-33,Taizhou (Luqiao),yes,ZSLQ,HYN,ZSLQ,,Asia/Shanghai
31871,ZSLY,medium_airport,Linyi Qiyang Airport,35.052918,118.411828,177,AS,CN,CN-37,Linyi (Hedong),yes,ZSLY,LYI,ZSLY,,Asia/Shanghai
27220,ZSNB,large_airport,Ningbo Lishe International Airport,29.82670021057129,121.46199798583984,13,AS,CN,CN-33,Ningbo,yes,ZSNB,NGB,ZSNB,,Asia/Shanghai
27221,ZSNJ,large_airport,Nanjing Lukou International Airport,31.735032,118.865949,49,AS,CN,CN-32,Nanjing,yes,ZSNJ,NKG,ZSNJ,,Asia/Shanghai
32048,ZSNT,medium_airport,Nantong Xingdong International Airport,32.073566,120.980076,16,AS,CN,CN-32,Nantong (Tongzhou),yes,ZSNT,NTG,ZSNT,,Asia/Shanghai
27222,ZSOF,large_airport,Hefei Xinqiao International Airport,31.98779,116.9769,207,AS,CN,CN-34,Hefei,yes,ZSOF,HFE,ZSOF,,Asia/Shanghai
27223,ZSPD,large_airport,Shanghai Pudong International Airport,31.1434,121.805,13,AS,CN,CN-31,Shanghai (Pudong),yes,ZSPD,PVG,ZSPD,,Asia/Shanghai
342096,ZSQD,large_airport,Qingdao Jiaodong International Airport,36.361953,120.088171,30,AS,CN,CN-37,Qingdao (Jiaozhou),yes,ZSQD,TAO,ZSQD,,Asia/Shanghai
31705,ZSQZ,large_airport,Quanzhou Jinjiang International Airport,24.795855,118.588599,39,AS,CN,CN-35,Quanzhou,yes,ZSQZ,JJN,ZSQZ,,Asia/Shanghai
32235,ZSRG,medium_airport,Rugao Air Base,32.258341,120.501131,,AS,CN,CN-32,Rugao (Nantong),no,ZSRG,RUG,ZSRG,,Asia/Shanghai
323218,ZSRZ,medium_airport,Rizhao Shanzihe Airport,35.405033,119.324403,121,AS,CN,CN-37,Rizhao (Donggang),yes,ZSRZ,RIZ,ZSRZ,,
300863,ZSSH,large_airport,Huai'an Lianshui Airport,33.792712,119.126657,28,AS,CN,CN-32,Huai'an,yes,ZSSH,HIA,ZSSH,,Asia/Shanghai
316774,ZSSM,medium_airport,Sanming Shaxian Airport,26.4263,117.8336,830,AS,CN,CN-35,Sanming (Sha),yes,ZSSM,SQJ,ZSSM,,Asia/Shanghai
316767,ZSSR,medium_airport,Shangrao Sanqingshan Airport,28.3797,117.9643,340,AS,CN,CN-36,Shangrao (Hengfeng),yes,ZSSR,SQD,ZSSR,,America/Lima
27225,ZSSS,large_airport,Shanghai Hongqiao International Airport,31.198104,121.33426,10,AS,CN,CN-31,Shanghai (Minhang),yes,ZSSS,SHA,ZSSS,,Asia/Shanghai
32420,ZSSZ,medium_airport,Suzhou Guangfu Airport,31.2631,120.401001,,AS,CN,CN-32,Suzhou,no,ZSSZ,SZV,ZSSZ,,Asia/Shanghai
32489,ZSTX,large_airport,Huangshan Tunxi International Airport,29.733299,118.255997,,AS,CN,CN-34,Huangshan,yes,ZSTX,TXN,ZSTX,,Asia/Shanghai
348698,ZSWA,medium_airport,Wuhu Xuanzhou Airport,31.1045,118.66687,80,AS,CN,CN-34,Wuhu,yes,ZSWA,WHA,ZSWA,WHA,Asia/Shanghai
32646,ZSWF,medium_airport,Weifang Nanyuan Airport,36.646702,119.119003,,AS,CN,CN-37,Weifang (Kuiwen),yes,ZSWF,WEF,ZSWF,,Asia/Shanghai
27226,ZSWH,medium_airport,Weihai Dashuibo Airport,37.187099,122.228996,145,AS,CN,CN-37,Weihai,yes,ZSWH,WEH,ZSWH,,Asia/Shanghai
32684,ZSWX,large_airport,Sunan Shuofang International Airport,31.496952,120.43038,24,AS,CN,CN-32,Wuxi,yes,ZSWX,WUX,ZSWX,,Asia/Shanghai
32683,ZSWY,medium_airport,Nanping Wuyishan Airport,27.7019,118.000999,614,AS,CN,CN-35,Wuyishan,yes,ZSWY,WUS,ZSWY,,Asia/Shanghai
32672,ZSWZ,large_airport,Wenzhou Longwan International Airport,27.910572,120.853465,13,AS,CN,CN-33,Wenzhou (Longwan),yes,ZSWZ,WNZ,ZSWZ,,Asia/Shanghai
32713,ZSXZ,medium_airport,Xuzhou Guanyin International Airport,34.059056,117.555278,108,AS,CN,CN-32,Xuzhou,yes,ZSXZ,XUZ,ZSXZ,,Asia/Shanghai
317774,ZSYA,medium_airport,Yangzhou Taizhou Airport,32.5634,119.7198,7,AS,CN,CN-32,Yangzhou,yes,ZSYA,YTY,ZSYA,,Asia/Shanghai
315853,ZSYC,medium_airport,Yichun Mingyueshan Airport,27.8025,114.3062,430,AS,CN,CN-36,Yichun,yes,ZSYC,YIC,ZSYC,,
35316,ZSYN,large_airport,Yancheng Nanyang International Airport,33.428317,120.20545,10,AS,CN,CN-32,Yancheng (Tinghu),yes,ZSYN,YNZ,ZSYN,,Asia/Shanghai
332096,ZSYT,large_airport,Yantai Penglai International Airport,37.659724,120.978124,154,AS,CN,CN-37,Yantai,yes,ZSYT,YNT,ZSYT,,Asia/Shanghai
32726,ZSYW,large_airport,Yiwu Airport,29.342095,120.03116,262,AS,CN,CN-33,Yiwu/Jinhua,yes,ZSYW,YIW,ZSYW,,Asia/Shanghai
31624,ZSZS,large_airport,Zhoushan Putuoshan International Airport,29.933874,122.362307,6,AS,CN,CN-33,Zhoushan,yes,ZSZS,HSN,ZSZS,,Asia/Shanghai
300545,ZUAL,medium_airport,Ngari Gunsa Airport,32.09794,80.053971,14022,AS,CN,CN-54,Shiquanhe,yes,ZUAL,NGQ,ZUAL,,Asia/Shanghai
300785,ZUAS,medium_airport,Anshun Huangguoshu Airport,26.260556,105.873333,4812,AS,CN,CN-52,Anshun (Xixiu),yes,ZUAS,AVA,ZUAS,,Asia/Shanghai
30788,ZUBD,medium_airport,Qamdo Bangda Airport,30.553600311279297,97.1082992553711,14219,AS,CN,CN-54,Bangda,yes,ZUBD,BPX,ZUBD,,Asia/Shanghai
318169,ZUBJ,medium_airport,Bijie Feixiong Airport,27.267066,105.472097,4751,AS,CN,CN-52,Bijie,yes,ZUBJ,BFJ,ZUBJ,,Asia/Shanghai
27228,ZUCK,large_airport,Chongqing Jiangbei International Airport,29.712254,106.651895,1365,AS,CN,CN-50,Chongqing,yes,ZUCK,CKG,ZUCK,,Asia/Shanghai
352223,ZUDA,medium_airport,Dazhou Jinya Airport,31.048815,107.435646,1342,AS,CN,CN-51,Dazhou (Dachuan),yes,ZUDA,DZH,ZUDA,,Asia/Shanghai
327348,ZUDC,medium_airport,Daocheng Yading Airport,29.31632,100.060317,14472,AS,CN,CN-51,Garzê (Daocheng),yes,ZUDC,DCY,ZUDC,,Asia/Shanghai
600647,ZUDJ,medium_airport,Tongren Dejiang Airport (Under Construction),28.121,108.1631,3542,AS,CN,CN-52,Tongren,no,ZUDJ,DEJ,ZUDJ,,
35307,ZUDX,small_airport,Dachuan Airport,31.1302,107.4295,,AS,CN,CN-51,Dazhou (Daxian),yes,ZUDX,DAX,ZUDX,,Asia/Shanghai
308739,ZUGH,medium_airport,Guanghan Airport,30.9485,104.3296,1531,AS,CN,CN-51,Deyang (Guanghan),no,ZUGH,GHN,ZUGH,,
31562,ZUGU,medium_airport,Guangyuan Panlong Airport,32.390254,105.694571,,AS,CN,CN-51,Guangyuan (Lizhou),yes,ZUGU,GYS,ZUGU,,Asia/Shanghai
27229,ZUGY,large_airport,Guiyang Longdongbao International Airport,26.541805,106.80402,3736,AS,CN,CN-52,Guiyang (Nanming),yes,ZUGY,KWE,ZUGY,,Asia/Shanghai
336107,ZUGZ,small_airport,Garze Gesar Airport,31.7575,99.554167,13346,AS,CN,CN-51,Garzê (Garzê),yes,ZUGZ,GZG,ZUGZ,GZG,Asia/Shanghai
312371,ZUHY,medium_airport,Hongyuan Airport,32.53154,102.35224,11600,AS,CN,CN-51,Ngawa (Hongyuan),no,ZUHY,AHJ,ZUHY,,Asia/Shanghai
300512,ZUJZ,medium_airport,Jiuzhai Huanglong Airport,32.853333,103.682222,11327,AS,CN,CN-51,Ngawa (Songpan),yes,ZUJZ,JZH,ZUJZ,,Asia/Shanghai
327350,ZUKD,medium_airport,Kangding Airport,30.142464,101.73872,14042,AS,CN,CN-51,Garzê (Kangding),yes,ZUKD,KGT,ZUKD,,
313427,ZUKJ,medium_airport,Kaili Huangping Airport,26.972,107.988,3115,AS,CN,CN-52,Kaili  (Huangping),yes,ZUKJ,KJH,ZUKJ,,Asia/Shanghai
327351,ZULB,small_airport,Libo Airport,25.4525,107.961667,,AS,CN,CN-52,Qiannan (Libo),yes,ZULB,LLB,ZULB,,Asia/Shanghai
31867,ZULS,large_airport,Lhasa Gonggar International Airport,29.298001,90.911951,11713,AS,CN,CN-54,Shannan (Gonggar),yes,ZULS,LXA,ZULS,,Asia/Shanghai
336114,ZULZ,medium_airport,Luzhou Yunlong Airport,29.030357,105.468407,,AS,CN,CN-51,Luzhou (Yunlong),yes,ZULZ,LZO,ZULZ,,Asia/Shanghai
327355,ZUMT,medium_airport,Zunyi Maotai Airport,27.961837,106.435416,4068,AS,CN,CN-52,Zunyi,yes,ZUMT,WMT,ZUMT,,Asia/Shanghai
31908,ZUMY,medium_airport,Mianyang Nanjiao Airport,31.428101,104.740997,7874,AS,CN,CN-51,Mianyang (Fucheng),yes,ZUMY,MIG,ZUMY,,Asia/Shanghai
32003,ZUNC,small_airport,Nanchong Gaoping Airport,30.798104,106.16415,1145,AS,CN,CN-51,Nanchong (Gaoping),yes,ZUNC,NAO,ZUNC,,Asia/Shanghai
308782,ZUNP,medium_airport,Liping Airport,26.32217,109.1499,1620,AS,CN,CN-52,Liping,yes,ZUNP,HZH,ZUNP,,Asia/Shanghai
31876,ZUNZ,medium_airport,Nyingchi Mainling Airport,29.303301,94.335297,9675,AS,CN,CN-54,Nyingchi (Mainling),yes,ZUNZ,LZY,ZUNZ,,Asia/Shanghai
327352,ZUPS,medium_airport,Liupanshui Yuezhao Airport,26.609417,104.979,,AS,CN,CN-52,Liupanshui (Zhongshan),yes,ZUPS,LPF,ZUPS,,Asia/Shanghai
300865,ZUQJ,medium_airport,Qianjiang Wulingshan Airport,29.5133333333,108.831111111,2075,AS,CN,CN-50,Qianjiang,yes,ZUQJ,JIQ,ZUQJ,,Asia/Shanghai
44122,ZURK,large_airport,Xigaze Peace Airport / Shigatse Air Base,29.350876,89.299157,12408,AS,CN,CN-54,Xigazê (Samzhubzê),yes,ZURK,RKZ,ZURK,,
509453,ZUSH,small_airport,Shannan Longzi Airport,28.422422,92.348082,12959,AS,CN,CN-54,Shannan,yes,ZUSH,LGZ,ZUSH,,
300514,ZUTC,medium_airport,Tengchong Tuofeng Airport,24.938056,98.485833,6250,AS,CN,CN-53,Baoshan (Tengchong),yes,ZPTC,TCZ,ZPTC,,Asia/Shanghai
342095,ZUTF,large_airport,Chengdu Tianfu International Airport,30.31252,104.441284,1440,AS,CN,CN-51,Chengdu (Jianyang),yes,ZUTF,TFU,ZUTF,,Asia/Shanghai
302314,ZUTR,medium_airport,Tongren Fenghuang Airport,27.883333,109.308889,,AS,CN,CN-52,Tongren (Daxing),yes,ZUTR,TEN,ZUTR,,Asia/Shanghai
27230,ZUUU,large_airport,Chengdu Shuangliu International Airport,30.558257,103.945966,1625,AS,CN,CN-51,Chengdu (Shuangliu),yes,ZUUU,CTU,ZUUU,,Asia/Shanghai
350117,ZUWL,medium_airport,Chongqing Xiannüshan Airport,29.465658,107.693664,1747,AS,CN,CN-50,Wulong,yes,ZUWL,CQW,ZUWL,,Asia/Shanghai
336105,ZUWS,small_airport,Chongqing Wushan Airport,31.06896,109.708958,,AS,CN,CN-50,Wushan,yes,ZUWS,WSK,ZUWS,WSK,Asia/Shanghai
32688,ZUWX,small_airport,Wanzhou Wuqiao Airport,30.8017,108.433,,AS,CN,CN-50,Wanzhou,yes,ZUWX,WXN,ZUWX,,Asia/Shanghai
27231,ZUXC,medium_airport,Xichang Qingshan Airport,27.9891,102.183998,5112,AS,CN,CN-51,Liangshan (Xichang),yes,ZUXC,XIC,ZUXC,,Asia/Shanghai
336111,ZUYB,medium_airport,Yibin Wuliangye Airport,28.858431,104.526157,1378,AS,CN,CN-51,Yibin (Cuiping),yes,ZUYB,YBP,ZUYB,YBP,Asia/Shanghai
301647,ZUYI,medium_airport,Xingyi Wanfenglin Airport,25.083423,104.960804,4150,AS,CN,CN-52,Xingyi,yes,ZUYI,ACX,ZUYI,,Asia/Shanghai
44126,ZUZH,medium_airport,Panzhihua Bao'anying Airport,26.54,101.79852,1620,AS,CN,CN-51,Panzhihua (Renhe),yes,ZUZH,PZI,ZUZH,,Asia/Shanghai
308403,ZUZY,medium_airport,Zunyi Xinzhou Airport,27.810723,107.247189,2723,AS,CN,CN-52,Zunyi,yes,ZUZY,ZYI,ZUZY,,Asia/Shanghai
30635,ZWAK,medium_airport,Aksu Hongqipo Airport,41.262501,80.291702,3816,AS,CN,CN-65,Aksu (Onsu),yes,ZWAK,AKU,ZWAK,,Asia/Shanghai
354654,ZWAL,small_airport,Aral Tarim Airport,40.434748,81.26206,,AS,CN,CN-65,Aral,yes,ZWAL,ACF,ZWAL,,Asia/Shanghai
44191,ZWAT,medium_airport,Altay Xuedu Airport,47.749886,88.085808,2460,AS,CN,CN-65,Altay,yes,ZWAT,AAT,ZWAT,,Asia/Shanghai
46650,ZWBL,medium_airport,Bole Alashankou Airport,44.895461,82.30007,1253,AS,CN,CN-65,Bole,yes,ZWBL,BPL,ZWBL,,Asia/Shanghai
31684,ZWCM,medium_airport,Qiemo Yudu Airport,38.234516,85.465462,,AS,CN,CN-65,Qiemo,yes,ZWCM,IQM,ZWCM,,Asia/Shanghai
323219,ZWFY,medium_airport,Fuyun Koktokay Airport,46.804169,89.512006,3081,AS,CN,CN-65,Fuyun,yes,ZWFY,FYN,ZWFY,,
31609,ZWHM,medium_airport,Hami Airport,42.8414,93.669197,2703,AS,CN,CN-65,Hami,yes,ZWHM,HMI,ZWHM,,Asia/Shanghai
316764,ZWHZ,small_airport,Shihezi Huayuan Airport,44.2421,85.8905,1700,AS,CN,CN-65,Shihezi,yes,ZWHZ,SHF,ZWHZ,,
31731,ZWKC,small_airport,Kuqa Qiuci Airport,41.677856,82.872917,3524,AS,CN,CN-65,Kuqa,yes,ZWKC,KCA,ZWKC,,Asia/Shanghai
31771,ZWKL,medium_airport,Korla Licheng Airport,41.614979,86.140817,3041,AS,CN,CN-65,Korla,yes,ZWKL,KRL,ZWKL,,Asia/Shanghai
35310,ZWKM,small_airport,Karamay Airport,45.46655,84.9527,,AS,CN,CN-65,Karamay,yes,ZWKM,KRY,ZWKM,,Asia/Shanghai
313426,ZWKN,medium_airport,Burqin Kanas Airport,48.2223,86.9959,3921,AS,CN,CN-65,Burqin,yes,ZWKN,KJI,ZWKN,,
605890,ZWLK,medium_airport,Barkol Dahe Airport,43.756544,93.137164,5720,AS,CN,CN-65,Barkol,no,ZWLK,DHH,ZWLK,,
316548,ZWNL,medium_airport,Xinyuan Nalati Airport,43.4318,83.3786,3050,AS,CN,CN-65,Xinyuan,yes,ZWNL,NLT,ZWNL,,
333070,ZWRQ,medium_airport,Ruoqiang Loulan Airport,38.974722,88.008333,2916,AS,CN,CN-65,Ruoqiang Town,yes,ZWRQ,RQA,ZWRQ,,Asia/Shanghai
326731,ZWSC,medium_airport,Shache Airport,38.24542,77.056149,4232,AS,CN,CN-65,Shache,yes,ZWSC,QSZ,ZWSC,,
27234,ZWSH,large_airport,Kashgar Laining International Airport,39.542273,76.02023,4529,AS,CN,CN-65,Kashgar,yes,ZWSH,KHG,ZWSH,,Asia/Shanghai
32406,ZWSS,medium_airport,Shanshan Airport,42.911701,90.247498,,AS,CN,CN-65,Shanshan,no,ZWSS,SXJ,ZWSS,,Asia/Shanghai
28144,ZWTC,small_airport,Tacheng Qianquan Airport,46.672501,83.340797,,AS,CN,CN-65,Tacheng,yes,ZWTC,TCG,ZWTC,,Asia/Shanghai
314799,ZWTL,medium_airport,Turpan Jiaohe Airport,43.0308,89.0987,934,AS,CN,CN-65,Turpan,yes,ZWTL,TLQ,ZWTL,,Asia/Shanghai
27235,ZWTN,medium_airport,Hotan Airport,37.03850173950195,79.86489868164062,4672,AS,CN,CN-65,Hotan,yes,ZWTN,HTN,ZWTN,,Asia/Shanghai
27236,ZWWW,large_airport,Ürümqi Tianshan International Airport,43.913584,87.479372,2125,AS,CN,CN-65,Ürümqi,yes,ZWWW,URC,ZWWW,,Asia/Shanghai
32725,ZWYN,medium_airport,Ili Yining International Airport,43.955799,81.330299,,AS,CN,CN-65,Ili (Yining / Ghulja),yes,ZWYN,YIN,ZWYN,,Asia/Shanghai
342843,ZWYT,small_airport,Yutian Wanfang Airport,36.8085,81.7827,4731,AS,CN,CN-65,Hotan (Yutian),yes,ZWYT,YTW,ZWYT,YTW,Asia/Shanghai
30646,ZYAS,medium_airport,Anshan Teng'ao Airport / Anshan Air Base,41.105301,122.853996,,AS,CN,CN-21,Anshan,yes,ZYAS,AOG,ZYAS,,Asia/Shanghai
316519,ZYBA,medium_airport,Baicheng Chang'an Airport,45.505278,123.019722,480,AS,CN,CN-22,Baicheng,yes,ZYBA,DBC,ZYBA,,
300544,ZYBS,medium_airport,Changbaishan Airport,42.066944,127.602222,2874,AS,CN,CN-22,Baishan,yes,ZYBS,NBS,ZYBS,,Asia/Shanghai
27237,ZYCC,large_airport,Changchun Longjia International Airport,43.996201,125.684998,706,AS,CN,CN-22,Changchun,yes,ZYCC,CGQ,ZYCC,,Asia/Shanghai
300858,ZYCH,small_airport,Changhai Dachangshandao Airport,39.266441,122.66696,80,AS,CN,CN-21,Dalian (Changhai),yes,ZYCH,CNI,ZYCH,,Asia/Shanghai
30827,ZYCY,medium_airport,Chaoyang Airport,41.538101,120.434998,568,AS,CN,CN-21,"Shuangta, Chaoyang",yes,ZYCY,CHG,ZYCY,,Asia/Shanghai
44267,ZYDD,medium_airport,Dandong Langtou International Airport,40.025453,124.28669,30,AS,CN,CN-21,Dandong (Zhenxing),yes,ZYDD,DDG,ZYDD,,Asia/Shanghai
300323,ZYDQ,small_airport,Daqing Sartu Airport,46.750883,125.138642,496,AS,CN,CN-23,Daqing,yes,ZYDQ,DQA,ZYDQ,,Asia/Shanghai
327349,ZYDU,medium_airport,Wudalianchi Dedu Airport,48.441037,126.128374,984,AS,CN,CN-23,Heihe,yes,ZYDU,DTU,ZYDU,,
313994,ZYFY,medium_airport,Fuyuan Dongji Airport,48.197219,134.36298,,AS,CN,CN-23,Fuyuan,yes,ZYFY,FYJ,ZYFY,,
27238,ZYHB,large_airport,Harbin Taiping International Airport,45.623402,126.25,457,AS,CN,CN-23,Harbin,yes,ZYHB,HRB,ZYHB,,Asia/Shanghai
31576,ZYHE,medium_airport,Heihe Aihui Airport,50.171621,127.308884,1047,AS,CN,CN-23,Heihe,yes,ZYHE,HEK,ZYHE,,Asia/Shanghai
301009,ZYJD,medium_airport,Daxing'anling Elunchun Airport,50.371389,124.1175,1205,AS,CN,CN-23,Jiagedaqi,yes,ZYJD,JGD,ZYJD,,
27239,ZYJM,medium_airport,Jiamusi Songjiang International Airport,46.842793,130.46426,262,AS,CN,CN-23,Jiamusi,yes,ZYJM,JMU,ZYJM,,Asia/Shanghai
327450,ZYJS,medium_airport,Jiansanjiang Shidi Airport,47.108248,132.65792,,AS,CN,CN-23,Jiansanjiang,yes,ZYJS,JSJ,ZYJS,,
313337,ZYJX,medium_airport,Jixi Xingkaihu Airport,45.293,131.193,760,AS,CN,CN-23,Jixi,yes,ZYJX,JXA,ZYJX,,Asia/Shanghai
339959,ZYJZ,medium_airport,Jinzhou Bay Airport,40.936032,121.277114,,AS,CN,CN-21,Jinzhou (Linghai),yes,ZYJZ,JNZ,ZYJZ,,Asia/Shanghai
307012,ZYLD,medium_airport,Yichun Lindu Airport,47.752056,129.019125,791,AS,CN,CN-23,Yichun,yes,ZYLD,LDS,ZYLD,,Asia/Shanghai
27240,ZYMD,medium_airport,Mudanjiang Hailang International Airport,44.525172,129.568634,883,AS,CN,CN-23,Mudanjiang,yes,ZYMD,MDG,ZYMD,,Asia/Shanghai
301193,ZYMH,medium_airport,Mohe Gulian Airport,52.916871,122.422759,1836,AS,CN,CN-23,Mohe,yes,ZYMH,OHE,ZYMH,,Asia/Shanghai
27241,ZYQQ,large_airport,Qiqihar Sanjiazi Airport,47.229969,123.914179,477,AS,CN,CN-23,Qiqihar,yes,ZYQQ,NDG,ZYQQ,,Asia/Shanghai
327451,ZYSQ,medium_airport,Songyuan Chaganhu Airport,44.931143,124.552121,459,AS,CN,CN-22,Qian Gorlos Mongol Autonomous County,yes,ZYSQ,YSQ,ZYSQ,,Asia/Shanghai
27242,ZYTL,large_airport,Dalian Zhoushuizi International Airport,38.965719,121.538477,107,AS,CN,CN-21,Dalian (Ganjingzi),yes,ZYTL,DLC,ZYTL,,Asia/Shanghai
307013,ZYTN,medium_airport,Tonghua Sanyuanpu Airport,42.048435,125.733963,1347,AS,CN,CN-22,Tonghua,yes,ZYTN,TNH,ZYTN,,Asia/Shanghai
27243,ZYTX,large_airport,Shenyang Taoxian International Airport,41.6398,123.483668,198,AS,CN,CN-21,Shenyang,yes,ZYTX,SHE,ZYTX,,Asia/Shanghai
44182,ZYXC,medium_airport,Xingcheng Air Base,40.580328,120.700374,30,AS,CN,CN-21,Huludao (Xingcheng),no,ZYXC,XEN,ZYXC,,Asia/Shanghai
27244,ZYYJ,medium_airport,Yanji Chaoyangchuan Airport,42.8828010559,129.451004028,624,AS,CN,CN-22,Yanji,yes,ZYYJ,YNJ,ZYYJ,,Asia/Shanghai
317861,ZYYK,medium_airport,Yingkou Lanqi Airport,40.542524,122.3586,,AS,CN,CN-21,Yingkou (Laobian),yes,ZYYK,YKH,ZYYK,,Asia/Shanghai
32753,ZYYY,medium_airport,Shenyang Dongta Airport,41.784354,123.496308,157,AS,CN,CN-21,"Dadong, Shenyang",no,ZYYY,,ZYYY,,Asia/Shanghai
